season_end_year,season_label,decade,metric,position,value_display,value_numeric,unit,source_url,as_of,confidence,notes
1947,1946-47,1940s,avg_height_league,,6'2.13'',74.13,inches,https://runrepeat.com/height-evolution-in-the-nba,2026-09-19,HIGH,Unweighted mean listed height of players with season record; RunRepeat table 'Average height in the NBA by season'
1947,1946-47,1940s,avg_weight_league,,186,186.0,lbs,https://runrepeat.com/height-evolution-in-the-nba,2026-09-19,HIGH,RunRepeat table 'Average weight in the NBA by season'; blank 1950–51 in source omitted
1947,1946-47,1940s,avg_height_rookies,,6'2.1'',74.1,inches,https://runrepeat.com/height-evolution-in-the-nba,2026-09-19,HIGH,RunRepeat table 'Average rookie height in the NBA'
1947,1946-47,1940s,avg_height_by_position,PG,6'1.1'',73.1,inches,https://runrepeat.com/height-evolution-in-the-nba,2026-09-19,HIGH-MEDIUM,Position labels are era-conventional; RunRepeat notes incomplete data pre-1951/52 for some series
1947,1946-47,1940s,avg_height_by_position,SG,6'1.3'',73.3,inches,https://runrepeat.com/height-evolution-in-the-nba,2026-09-19,HIGH-MEDIUM,Position labels are era-conventional; RunRepeat notes incomplete data pre-1951/52 for some series
1947,1946-47,1940s,avg_height_by_position,SF,6'2.9'',74.9,inches,https://runrepeat.com/height-evolution-in-the-nba,2026-09-19,HIGH-MEDIUM,Position labels are era-conventional; RunRepeat notes incomplete data pre-1951/52 for some series
1947,1946-47,1940s,avg_height_by_position,PF,6'5.2'',77.2,inches,https://runrepeat.com/height-evolution-in-the-nba,2026-09-19,HIGH-MEDIUM,Position labels are era-conventional; RunRepeat notes incomplete data pre-1951/52 for some series
1947,1946-47,1940s,avg_height_by_position,C,6'7.6'',79.6,inches,https://runrepeat.com/height-evolution-in-the-nba,2026-09-19,HIGH-MEDIUM,Position labels are era-conventional; RunRepeat notes incomplete data pre-1951/52 for some series
1948,1947-48,1940s,avg_height_league,,6'2.51'',74.51,inches,https://runrepeat.com/height-evolution-in-the-nba,2026-09-19,HIGH,Unweighted mean listed height of players with season record; RunRepeat table 'Average height in the NBA by season'
1948,1947-48,1940s,avg_weight_league,,187,187.0,lbs,https://runrepeat.com/height-evolution-in-the-nba,2026-09-19,HIGH,RunRepeat table 'Average weight in the NBA by season'; blank 1950–51 in source omitted
1948,1947-48,1940s,avg_height_rookies,,6'2.8'',74.8,inches,https://runrepeat.com/height-evolution-in-the-nba,2026-09-19,HIGH,RunRepeat table 'Average rookie height in the NBA'
1948,1947-48,1940s,avg_height_by_position,PG,6'1.1'',73.1,inches,https://runrepeat.com/height-evolution-in-the-nba,2026-09-19,HIGH-MEDIUM,Position labels are era-conventional; RunRepeat notes incomplete data pre-1951/52 for some series
1948,1947-48,1940s,avg_height_by_position,SG,6'1.5'',73.5,inches,https://runrepeat.com/height-evolution-in-the-nba,2026-09-19,HIGH-MEDIUM,Position labels are era-conventional; RunRepeat notes incomplete data pre-1951/52 for some series
1948,1947-48,1940s,avg_height_by_position,SF,6'3.3'',75.3,inches,https://runrepeat.com/height-evolution-in-the-nba,2026-09-19,HIGH-MEDIUM,Position labels are era-conventional; RunRepeat notes incomplete data pre-1951/52 for some series
1948,1947-48,1940s,avg_height_by_position,PF,6'5.6'',77.6,inches,https://runrepeat.com/height-evolution-in-the-nba,2026-09-19,HIGH-MEDIUM,Position labels are era-conventional; RunRepeat notes incomplete data pre-1951/52 for some series
1948,1947-48,1940s,avg_height_by_position,C,6'6.8'',78.8,inches,https://runrepeat.com/height-evolution-in-the-nba,2026-09-19,HIGH-MEDIUM,Position labels are era-conventional; RunRepeat notes incomplete data pre-1951/52 for some series
1949,1948-49,1940s,avg_height_league,,6'3.20'',75.2,inches,https://runrepeat.com/height-evolution-in-the-nba,2026-09-19,HIGH,Unweighted mean listed height of players with season record; RunRepeat table 'Average height in the NBA by season'
1949,1948-49,1940s,avg_weight_league,,191,191.0,lbs,https://runrepeat.com/height-evolution-in-the-nba,2026-09-19,HIGH,RunRepeat table 'Average weight in the NBA by season'; blank 1950–51 in source omitted
1949,1948-49,1940s,avg_height_rookies,,6'3.1'',75.1,inches,https://runrepeat.com/height-evolution-in-the-nba,2026-09-19,HIGH,RunRepeat table 'Average rookie height in the NBA'
1949,1948-49,1940s,avg_height_by_position,PG,6'0.2'',72.2,inches,https://runrepeat.com/height-evolution-in-the-nba,2026-09-19,HIGH-MEDIUM,Position labels are era-conventional; RunRepeat notes incomplete data pre-1951/52 for some series
1949,1948-49,1940s,avg_height_by_position,SG,6'1.2'',73.2,inches,https://runrepeat.com/height-evolution-in-the-nba,2026-09-19,HIGH-MEDIUM,Position labels are era-conventional; RunRepeat notes incomplete data pre-1951/52 for some series
1949,1948-49,1940s,avg_height_by_position,SF,6'3.1'',75.1,inches,https://runrepeat.com/height-evolution-in-the-nba,2026-09-19,HIGH-MEDIUM,Position labels are era-conventional; RunRepeat notes incomplete data pre-1951/52 for some series
1949,1948-49,1940s,avg_height_by_position,PF,6'5.6'',77.6,inches,https://runrepeat.com/height-evolution-in-the-nba,2026-09-19,HIGH-MEDIUM,Position labels are era-conventional; RunRepeat notes incomplete data pre-1951/52 for some series
1949,1948-49,1940s,avg_height_by_position,C,6'8.2'',80.2,inches,https://runrepeat.com/height-evolution-in-the-nba,2026-09-19,HIGH-MEDIUM,Position labels are era-conventional; RunRepeat notes incomplete data pre-1951/52 for some series
1950,1949-50,1950s,avg_height_league,,6'3.64'',75.64,inches,https://runrepeat.com/height-evolution-in-the-nba,2026-09-19,HIGH,Unweighted mean listed height of players with season record; RunRepeat table 'Average height in the NBA by season'
1950,1949-50,1950s,avg_height_rookies,,6'3.4'',75.4,inches,https://runrepeat.com/height-evolution-in-the-nba,2026-09-19,HIGH,RunRepeat table 'Average rookie height in the NBA'
1950,1949-50,1950s,avg_height_by_position,PG,6'0.1'',72.1,inches,https://runrepeat.com/height-evolution-in-the-nba,2026-09-19,HIGH-MEDIUM,Position labels are era-conventional; RunRepeat notes incomplete data pre-1951/52 for some series
1950,1949-50,1950s,avg_height_by_position,SG,6'1.8'',73.8,inches,https://runrepeat.com/height-evolution-in-the-nba,2026-09-19,HIGH-MEDIUM,Position labels are era-conventional; RunRepeat notes incomplete data pre-1951/52 for some series
1950,1949-50,1950s,avg_height_by_position,SF,6'3.3'',75.3,inches,https://runrepeat.com/height-evolution-in-the-nba,2026-09-19,HIGH-MEDIUM,Position labels are era-conventional; RunRepeat notes incomplete data pre-1951/52 for some series
1950,1949-50,1950s,avg_height_by_position,PF,6'6.2'',78.2,inches,https://runrepeat.com/height-evolution-in-the-nba,2026-09-19,HIGH-MEDIUM,Position labels are era-conventional; RunRepeat notes incomplete data pre-1951/52 for some series
1950,1949-50,1950s,avg_height_by_position,C,6'8.5'',80.5,inches,https://runrepeat.com/height-evolution-in-the-nba,2026-09-19,HIGH-MEDIUM,Position labels are era-conventional; RunRepeat notes incomplete data pre-1951/52 for some series
1951,1950-51,1950s,avg_height_league,,6'4.12'',76.12,inches,https://runrepeat.com/height-evolution-in-the-nba,2026-09-19,HIGH,Unweighted mean listed height of players with season record; RunRepeat table 'Average height in the NBA by season'
1951,1950-51,1950s,avg_height_rookies,,6'4.3'',76.3,inches,https://runrepeat.com/height-evolution-in-the-nba,2026-09-19,HIGH,RunRepeat table 'Average rookie height in the NBA'
1951,1950-51,1950s,avg_height_by_position,PG,6'0.2'',72.2,inches,https://runrepeat.com/height-evolution-in-the-nba,2026-09-19,HIGH-MEDIUM,Position labels are era-conventional; RunRepeat notes incomplete data pre-1951/52 for some series
1951,1950-51,1950s,avg_height_by_position,SG,6'1.8'',73.8,inches,https://runrepeat.com/height-evolution-in-the-nba,2026-09-19,HIGH-MEDIUM,Position labels are era-conventional; RunRepeat notes incomplete data pre-1951/52 for some series
1951,1950-51,1950s,avg_height_by_position,SF,6'3.8'',75.8,inches,https://runrepeat.com/height-evolution-in-the-nba,2026-09-19,HIGH-MEDIUM,Position labels are era-conventional; RunRepeat notes incomplete data pre-1951/52 for some series
1951,1950-51,1950s,avg_height_by_position,PF,6'6.4'',78.4,inches,https://runrepeat.com/height-evolution-in-the-nba,2026-09-19,HIGH-MEDIUM,Position labels are era-conventional; RunRepeat notes incomplete data pre-1951/52 for some series
1951,1950-51,1950s,avg_height_by_position,C,6'9.1'',81.1,inches,https://runrepeat.com/height-evolution-in-the-nba,2026-09-19,HIGH-MEDIUM,Position labels are era-conventional; RunRepeat notes incomplete data pre-1951/52 for some series
1952,1951-52,1950s,avg_height_league,,6'4.16'',76.16,inches,https://runrepeat.com/height-evolution-in-the-nba,2026-09-19,HIGH,Unweighted mean listed height of players with season record; RunRepeat table 'Average height in the NBA by season'
1952,1951-52,1950s,avg_weight_league,,197,197.0,lbs,https://runrepeat.com/height-evolution-in-the-nba,2026-09-19,HIGH,RunRepeat table 'Average weight in the NBA by season'; blank 1950–51 in source omitted
1952,1951-52,1950s,avg_height_rookies,,6'3.8'',75.8,inches,https://runrepeat.com/height-evolution-in-the-nba,2026-09-19,HIGH,RunRepeat table 'Average rookie height in the NBA'
1952,1951-52,1950s,avg_height_by_position,PG,6'0.6'',72.6,inches,https://runrepeat.com/height-evolution-in-the-nba,2026-09-19,HIGH-MEDIUM,Position labels are era-conventional; RunRepeat notes incomplete data pre-1951/52 for some series
1952,1951-52,1950s,avg_height_by_position,SG,6'1.4'',73.4,inches,https://runrepeat.com/height-evolution-in-the-nba,2026-09-19,HIGH-MEDIUM,Position labels are era-conventional; RunRepeat notes incomplete data pre-1951/52 for some series
1952,1951-52,1950s,avg_height_by_position,SF,6'4.4'',76.4,inches,https://runrepeat.com/height-evolution-in-the-nba,2026-09-19,HIGH-MEDIUM,Position labels are era-conventional; RunRepeat notes incomplete data pre-1951/52 for some series
1952,1951-52,1950s,avg_height_by_position,PF,6'6.1'',78.1,inches,https://runrepeat.com/height-evolution-in-the-nba,2026-09-19,HIGH-MEDIUM,Position labels are era-conventional; RunRepeat notes incomplete data pre-1951/52 for some series
1952,1951-52,1950s,avg_height_by_position,C,6'8.5'',80.5,inches,https://runrepeat.com/height-evolution-in-the-nba,2026-09-19,HIGH-MEDIUM,Position labels are era-conventional; RunRepeat notes incomplete data pre-1951/52 for some series
1953,1952-53,1950s,avg_height_league,,6'3.72'',75.72,inches,https://runrepeat.com/height-evolution-in-the-nba,2026-09-19,HIGH,Unweighted mean listed height of players with season record; RunRepeat table 'Average height in the NBA by season'
1953,1952-53,1950s,avg_weight_league,,195,195.0,lbs,https://runrepeat.com/height-evolution-in-the-nba,2026-09-19,HIGH,RunRepeat table 'Average weight in the NBA by season'; blank 1950–51 in source omitted
1953,1952-53,1950s,avg_height_rookies,,6'3.4'',75.4,inches,https://runrepeat.com/height-evolution-in-the-nba,2026-09-19,HIGH,RunRepeat table 'Average rookie height in the NBA'
1953,1952-53,1950s,avg_height_by_position,PG,6'0.0'',72.0,inches,https://runrepeat.com/height-evolution-in-the-nba,2026-09-19,HIGH-MEDIUM,Position labels are era-conventional; RunRepeat notes incomplete data pre-1951/52 for some series
1953,1952-53,1950s,avg_height_by_position,SG,6'1.7'',73.7,inches,https://runrepeat.com/height-evolution-in-the-nba,2026-09-19,HIGH-MEDIUM,Position labels are era-conventional; RunRepeat notes incomplete data pre-1951/52 for some series
1953,1952-53,1950s,avg_height_by_position,SF,6'4.4'',76.4,inches,https://runrepeat.com/height-evolution-in-the-nba,2026-09-19,HIGH-MEDIUM,Position labels are era-conventional; RunRepeat notes incomplete data pre-1951/52 for some series
1953,1952-53,1950s,avg_height_by_position,PF,6'6.9'',78.9,inches,https://runrepeat.com/height-evolution-in-the-nba,2026-09-19,HIGH-MEDIUM,Position labels are era-conventional; RunRepeat notes incomplete data pre-1951/52 for some series
1953,1952-53,1950s,avg_height_by_position,C,6'8.5'',80.5,inches,https://runrepeat.com/height-evolution-in-the-nba,2026-09-19,HIGH-MEDIUM,Position labels are era-conventional; RunRepeat notes incomplete data pre-1951/52 for some series
1954,1953-54,1950s,avg_height_league,,6'4.15'',76.15,inches,https://runrepeat.com/height-evolution-in-the-nba,2026-09-19,HIGH,Unweighted mean listed height of players with season record; RunRepeat table 'Average height in the NBA by season'
1954,1953-54,1950s,avg_weight_league,,196,196.0,lbs,https://runrepeat.com/height-evolution-in-the-nba,2026-09-19,HIGH,RunRepeat table 'Average weight in the NBA by season'; blank 1950–51 in source omitted
1954,1953-54,1950s,avg_height_rookies,,6'4.4'',76.4,inches,https://runrepeat.com/height-evolution-in-the-nba,2026-09-19,HIGH,RunRepeat table 'Average rookie height in the NBA'
1954,1953-54,1950s,avg_height_by_position,PG,6'0.1'',72.1,inches,https://runrepeat.com/height-evolution-in-the-nba,2026-09-19,HIGH-MEDIUM,Position labels are era-conventional; RunRepeat notes incomplete data pre-1951/52 for some series
1954,1953-54,1950s,avg_height_by_position,SG,6'1.7'',73.7,inches,https://runrepeat.com/height-evolution-in-the-nba,2026-09-19,HIGH-MEDIUM,Position labels are era-conventional; RunRepeat notes incomplete data pre-1951/52 for some series
1954,1953-54,1950s,avg_height_by_position,SF,6'4.9'',76.9,inches,https://runrepeat.com/height-evolution-in-the-nba,2026-09-19,HIGH-MEDIUM,Position labels are era-conventional; RunRepeat notes incomplete data pre-1951/52 for some series
1954,1953-54,1950s,avg_height_by_position,PF,6'6.5'',78.5,inches,https://runrepeat.com/height-evolution-in-the-nba,2026-09-19,HIGH-MEDIUM,Position labels are era-conventional; RunRepeat notes incomplete data pre-1951/52 for some series
1954,1953-54,1950s,avg_height_by_position,C,6'8.9'',80.9,inches,https://runrepeat.com/height-evolution-in-the-nba,2026-09-19,HIGH-MEDIUM,Position labels are era-conventional; RunRepeat notes incomplete data pre-1951/52 for some series
1955,1954-55,1950s,avg_height_league,,6'4.34'',76.34,inches,https://runrepeat.com/height-evolution-in-the-nba,2026-09-19,HIGH,Unweighted mean listed height of players with season record; RunRepeat table 'Average height in the NBA by season'
1955,1954-55,1950s,avg_weight_league,,195,195.0,lbs,https://runrepeat.com/height-evolution-in-the-nba,2026-09-19,HIGH,RunRepeat table 'Average weight in the NBA by season'; blank 1950–51 in source omitted
1955,1954-55,1950s,avg_height_rookies,,6'4.0'',76.0,inches,https://runrepeat.com/height-evolution-in-the-nba,2026-09-19,HIGH,RunRepeat table 'Average rookie height in the NBA'
1955,1954-55,1950s,avg_height_by_position,PG,6'1.3'',73.3,inches,https://runrepeat.com/height-evolution-in-the-nba,2026-09-19,HIGH-MEDIUM,Position labels are era-conventional; RunRepeat notes incomplete data pre-1951/52 for some series
1955,1954-55,1950s,avg_height_by_position,SG,6'2.1'',74.1,inches,https://runrepeat.com/height-evolution-in-the-nba,2026-09-19,HIGH-MEDIUM,Position labels are era-conventional; RunRepeat notes incomplete data pre-1951/52 for some series
1955,1954-55,1950s,avg_height_by_position,SF,6'4.5'',76.5,inches,https://runrepeat.com/height-evolution-in-the-nba,2026-09-19,HIGH-MEDIUM,Position labels are era-conventional; RunRepeat notes incomplete data pre-1951/52 for some series
1955,1954-55,1950s,avg_height_by_position,PF,6'6.8'',78.8,inches,https://runrepeat.com/height-evolution-in-the-nba,2026-09-19,HIGH-MEDIUM,Position labels are era-conventional; RunRepeat notes incomplete data pre-1951/52 for some series
1955,1954-55,1950s,avg_height_by_position,C,6'8.8'',80.8,inches,https://runrepeat.com/height-evolution-in-the-nba,2026-09-19,HIGH-MEDIUM,Position labels are era-conventional; RunRepeat notes incomplete data pre-1951/52 for some series
1956,1955-56,1950s,avg_height_league,,6'4.97'',76.97,inches,https://runrepeat.com/height-evolution-in-the-nba,2026-09-19,HIGH,Unweighted mean listed height of players with season record; RunRepeat table 'Average height in the NBA by season'
1956,1955-56,1950s,avg_weight_league,,200,200.0,lbs,https://runrepeat.com/height-evolution-in-the-nba,2026-09-19,HIGH,RunRepeat table 'Average weight in the NBA by season'; blank 1950–51 in source omitted
1956,1955-56,1950s,avg_height_rookies,,6'4.9'',76.9,inches,https://runrepeat.com/height-evolution-in-the-nba,2026-09-19,HIGH,RunRepeat table 'Average rookie height in the NBA'
1956,1955-56,1950s,avg_height_by_position,PG,6'1.1'',73.1,inches,https://runrepeat.com/height-evolution-in-the-nba,2026-09-19,HIGH-MEDIUM,Position labels are era-conventional; RunRepeat notes incomplete data pre-1951/52 for some series
1956,1955-56,1950s,avg_height_by_position,SG,6'3.0'',75.0,inches,https://runrepeat.com/height-evolution-in-the-nba,2026-09-19,HIGH-MEDIUM,Position labels are era-conventional; RunRepeat notes incomplete data pre-1951/52 for some series
1956,1955-56,1950s,avg_height_by_position,SF,6'4.9'',76.9,inches,https://runrepeat.com/height-evolution-in-the-nba,2026-09-19,HIGH-MEDIUM,Position labels are era-conventional; RunRepeat notes incomplete data pre-1951/52 for some series
1956,1955-56,1950s,avg_height_by_position,PF,6'7.1'',79.1,inches,https://runrepeat.com/height-evolution-in-the-nba,2026-09-19,HIGH-MEDIUM,Position labels are era-conventional; RunRepeat notes incomplete data pre-1951/52 for some series
1956,1955-56,1950s,avg_height_by_position,C,6'8.9'',80.9,inches,https://runrepeat.com/height-evolution-in-the-nba,2026-09-19,HIGH-MEDIUM,Position labels are era-conventional; RunRepeat notes incomplete data pre-1951/52 for some series
1957,1956-57,1950s,avg_height_league,,6'4.98'',76.98,inches,https://runrepeat.com/height-evolution-in-the-nba,2026-09-19,HIGH,Unweighted mean listed height of players with season record; RunRepeat table 'Average height in the NBA by season'
1957,1956-57,1950s,avg_weight_league,,201,201.0,lbs,https://runrepeat.com/height-evolution-in-the-nba,2026-09-19,HIGH,RunRepeat table 'Average weight in the NBA by season'; blank 1950–51 in source omitted
1957,1956-57,1950s,avg_height_rookies,,6'5.3'',77.3,inches,https://runrepeat.com/height-evolution-in-the-nba,2026-09-19,HIGH,RunRepeat table 'Average rookie height in the NBA'
1957,1956-57,1950s,avg_height_by_position,PG,6'1.3'',73.3,inches,https://runrepeat.com/height-evolution-in-the-nba,2026-09-19,HIGH-MEDIUM,Position labels are era-conventional; RunRepeat notes incomplete data pre-1951/52 for some series
1957,1956-57,1950s,avg_height_by_position,SG,6'2.7'',74.7,inches,https://runrepeat.com/height-evolution-in-the-nba,2026-09-19,HIGH-MEDIUM,Position labels are era-conventional; RunRepeat notes incomplete data pre-1951/52 for some series
1957,1956-57,1950s,avg_height_by_position,SF,6'5.1'',77.1,inches,https://runrepeat.com/height-evolution-in-the-nba,2026-09-19,HIGH-MEDIUM,Position labels are era-conventional; RunRepeat notes incomplete data pre-1951/52 for some series
1957,1956-57,1950s,avg_height_by_position,PF,6'7.1'',79.1,inches,https://runrepeat.com/height-evolution-in-the-nba,2026-09-19,HIGH-MEDIUM,Position labels are era-conventional; RunRepeat notes incomplete data pre-1951/52 for some series
1957,1956-57,1950s,avg_height_by_position,C,6'9.0'',81.0,inches,https://runrepeat.com/height-evolution-in-the-nba,2026-09-19,HIGH-MEDIUM,Position labels are era-conventional; RunRepeat notes incomplete data pre-1951/52 for some series
1958,1957-58,1950s,avg_height_league,,6'5.24'',77.24,inches,https://runrepeat.com/height-evolution-in-the-nba,2026-09-19,HIGH,Unweighted mean listed height of players with season record; RunRepeat table 'Average height in the NBA by season'
1958,1957-58,1950s,avg_weight_league,,201,201.0,lbs,https://runrepeat.com/height-evolution-in-the-nba,2026-09-19,HIGH,RunRepeat table 'Average weight in the NBA by season'; blank 1950–51 in source omitted
1958,1957-58,1950s,avg_height_rookies,,6'4.6'',76.6,inches,https://runrepeat.com/height-evolution-in-the-nba,2026-09-19,HIGH,RunRepeat table 'Average rookie height in the NBA'
1958,1957-58,1950s,avg_height_by_position,PG,6'2.0'',74.0,inches,https://runrepeat.com/height-evolution-in-the-nba,2026-09-19,HIGH-MEDIUM,Position labels are era-conventional; RunRepeat notes incomplete data pre-1951/52 for some series
1958,1957-58,1950s,avg_height_by_position,SG,6'3.0'',75.0,inches,https://runrepeat.com/height-evolution-in-the-nba,2026-09-19,HIGH-MEDIUM,Position labels are era-conventional; RunRepeat notes incomplete data pre-1951/52 for some series
1958,1957-58,1950s,avg_height_by_position,SF,6'4.9'',76.9,inches,https://runrepeat.com/height-evolution-in-the-nba,2026-09-19,HIGH-MEDIUM,Position labels are era-conventional; RunRepeat notes incomplete data pre-1951/52 for some series
1958,1957-58,1950s,avg_height_by_position,PF,6'7.5'',79.5,inches,https://runrepeat.com/height-evolution-in-the-nba,2026-09-19,HIGH-MEDIUM,Position labels are era-conventional; RunRepeat notes incomplete data pre-1951/52 for some series
1958,1957-58,1950s,avg_height_by_position,C,6'9.1'',81.1,inches,https://runrepeat.com/height-evolution-in-the-nba,2026-09-19,HIGH-MEDIUM,Position labels are era-conventional; RunRepeat notes incomplete data pre-1951/52 for some series
1959,1958-59,1950s,avg_height_league,,6'4.94'',76.94,inches,https://runrepeat.com/height-evolution-in-the-nba,2026-09-19,HIGH,Unweighted mean listed height of players with season record; RunRepeat table 'Average height in the NBA by season'
1959,1958-59,1950s,avg_weight_league,,200,200.0,lbs,https://runrepeat.com/height-evolution-in-the-nba,2026-09-19,HIGH,RunRepeat table 'Average weight in the NBA by season'; blank 1950–51 in source omitted
1959,1958-59,1950s,avg_height_rookies,,6'4.8'',76.8,inches,https://runrepeat.com/height-evolution-in-the-nba,2026-09-19,HIGH,RunRepeat table 'Average rookie height in the NBA'
1959,1958-59,1950s,avg_height_by_position,PG,6'1.8'',73.8,inches,https://runrepeat.com/height-evolution-in-the-nba,2026-09-19,HIGH-MEDIUM,Position labels are era-conventional; RunRepeat notes incomplete data pre-1951/52 for some series
1959,1958-59,1950s,avg_height_by_position,SG,6'3.1'',75.1,inches,https://runrepeat.com/height-evolution-in-the-nba,2026-09-19,HIGH-MEDIUM,Position labels are era-conventional; RunRepeat notes incomplete data pre-1951/52 for some series
1959,1958-59,1950s,avg_height_by_position,SF,6'5.2'',77.2,inches,https://runrepeat.com/height-evolution-in-the-nba,2026-09-19,HIGH-MEDIUM,Position labels are era-conventional; RunRepeat notes incomplete data pre-1951/52 for some series
1959,1958-59,1950s,avg_height_by_position,PF,6'7.4'',79.4,inches,https://runrepeat.com/height-evolution-in-the-nba,2026-09-19,HIGH-MEDIUM,Position labels are era-conventional; RunRepeat notes incomplete data pre-1951/52 for some series
1959,1958-59,1950s,avg_height_by_position,C,6'9.1'',81.1,inches,https://runrepeat.com/height-evolution-in-the-nba,2026-09-19,HIGH-MEDIUM,Position labels are era-conventional; RunRepeat notes incomplete data pre-1951/52 for some series
1960,1959-60,1960s,avg_height_league,,6'5.16'',77.16,inches,https://runrepeat.com/height-evolution-in-the-nba,2026-09-19,HIGH,Unweighted mean listed height of players with season record; RunRepeat table 'Average height in the NBA by season'
1960,1959-60,1960s,avg_weight_league,,202,202.0,lbs,https://runrepeat.com/height-evolution-in-the-nba,2026-09-19,HIGH,RunRepeat table 'Average weight in the NBA by season'; blank 1950–51 in source omitted
1960,1959-60,1960s,avg_height_rookies,,6'5.4'',77.4,inches,https://runrepeat.com/height-evolution-in-the-nba,2026-09-19,HIGH,RunRepeat table 'Average rookie height in the NBA'
1960,1959-60,1960s,avg_height_by_position,PG,6'1.7'',73.7,inches,https://runrepeat.com/height-evolution-in-the-nba,2026-09-19,HIGH-MEDIUM,Position labels are era-conventional; RunRepeat notes incomplete data pre-1951/52 for some series
1960,1959-60,1960s,avg_height_by_position,SG,6'3.1'',75.1,inches,https://runrepeat.com/height-evolution-in-the-nba,2026-09-19,HIGH-MEDIUM,Position labels are era-conventional; RunRepeat notes incomplete data pre-1951/52 for some series
1960,1959-60,1960s,avg_height_by_position,SF,6'5.1'',77.1,inches,https://runrepeat.com/height-evolution-in-the-nba,2026-09-19,HIGH-MEDIUM,Position labels are era-conventional; RunRepeat notes incomplete data pre-1951/52 for some series
1960,1959-60,1960s,avg_height_by_position,PF,6'7.4'',79.4,inches,https://runrepeat.com/height-evolution-in-the-nba,2026-09-19,HIGH-MEDIUM,Position labels are era-conventional; RunRepeat notes incomplete data pre-1951/52 for some series
1960,1959-60,1960s,avg_height_by_position,C,6'9'',81.0,inches,https://runrepeat.com/height-evolution-in-the-nba,2026-09-19,HIGH-MEDIUM,Position labels are era-conventional; RunRepeat notes incomplete data pre-1951/52 for some series
1961,1960-61,1960s,avg_height_league,,6'5.32'',77.32,inches,https://runrepeat.com/height-evolution-in-the-nba,2026-09-19,HIGH,Unweighted mean listed height of players with season record; RunRepeat table 'Average height in the NBA by season'
1961,1960-61,1960s,avg_weight_league,,203,203.0,lbs,https://runrepeat.com/height-evolution-in-the-nba,2026-09-19,HIGH,RunRepeat table 'Average weight in the NBA by season'; blank 1950–51 in source omitted
1961,1960-61,1960s,avg_height_rookies,,6'5.1'',77.1,inches,https://runrepeat.com/height-evolution-in-the-nba,2026-09-19,HIGH,RunRepeat table 'Average rookie height in the NBA'
1961,1960-61,1960s,avg_height_by_position,PG,6'1.6'',73.6,inches,https://runrepeat.com/height-evolution-in-the-nba,2026-09-19,HIGH-MEDIUM,Position labels are era-conventional; RunRepeat notes incomplete data pre-1951/52 for some series
1961,1960-61,1960s,avg_height_by_position,SG,6'3.4'',75.4,inches,https://runrepeat.com/height-evolution-in-the-nba,2026-09-19,HIGH-MEDIUM,Position labels are era-conventional; RunRepeat notes incomplete data pre-1951/52 for some series
1961,1960-61,1960s,avg_height_by_position,SF,6'5.7'',77.7,inches,https://runrepeat.com/height-evolution-in-the-nba,2026-09-19,HIGH-MEDIUM,Position labels are era-conventional; RunRepeat notes incomplete data pre-1951/52 for some series
1961,1960-61,1960s,avg_height_by_position,PF,6'7.2'',79.2,inches,https://runrepeat.com/height-evolution-in-the-nba,2026-09-19,HIGH-MEDIUM,Position labels are era-conventional; RunRepeat notes incomplete data pre-1951/52 for some series
1961,1960-61,1960s,avg_height_by_position,C,6'9'',81.0,inches,https://runrepeat.com/height-evolution-in-the-nba,2026-09-19,HIGH-MEDIUM,Position labels are era-conventional; RunRepeat notes incomplete data pre-1951/52 for some series
1962,1961-62,1960s,avg_height_league,,6'5.12'',77.12,inches,https://runrepeat.com/height-evolution-in-the-nba,2026-09-19,HIGH,Unweighted mean listed height of players with season record; RunRepeat table 'Average height in the NBA by season'
1962,1961-62,1960s,avg_weight_league,,202,202.0,lbs,https://runrepeat.com/height-evolution-in-the-nba,2026-09-19,HIGH,RunRepeat table 'Average weight in the NBA by season'; blank 1950–51 in source omitted
1962,1961-62,1960s,avg_height_rookies,,6'4.4'',76.4,inches,https://runrepeat.com/height-evolution-in-the-nba,2026-09-19,HIGH,RunRepeat table 'Average rookie height in the NBA'
1962,1961-62,1960s,avg_height_by_position,PG,6'1.6'',73.6,inches,https://runrepeat.com/height-evolution-in-the-nba,2026-09-19,HIGH-MEDIUM,Position labels are era-conventional; RunRepeat notes incomplete data pre-1951/52 for some series
1962,1961-62,1960s,avg_height_by_position,SG,6'3.6'',75.6,inches,https://runrepeat.com/height-evolution-in-the-nba,2026-09-19,HIGH-MEDIUM,Position labels are era-conventional; RunRepeat notes incomplete data pre-1951/52 for some series
1962,1961-62,1960s,avg_height_by_position,SF,6'5.7'',77.7,inches,https://runrepeat.com/height-evolution-in-the-nba,2026-09-19,HIGH-MEDIUM,Position labels are era-conventional; RunRepeat notes incomplete data pre-1951/52 for some series
1962,1961-62,1960s,avg_height_by_position,PF,6'7.2'',79.2,inches,https://runrepeat.com/height-evolution-in-the-nba,2026-09-19,HIGH-MEDIUM,Position labels are era-conventional; RunRepeat notes incomplete data pre-1951/52 for some series
1962,1961-62,1960s,avg_height_by_position,C,6'10'',82.0,inches,https://runrepeat.com/height-evolution-in-the-nba,2026-09-19,HIGH-MEDIUM,Position labels are era-conventional; RunRepeat notes incomplete data pre-1951/52 for some series
1963,1962-63,1960s,avg_height_league,,6'5.53'',77.53,inches,https://runrepeat.com/height-evolution-in-the-nba,2026-09-19,HIGH,Unweighted mean listed height of players with season record; RunRepeat table 'Average height in the NBA by season'
1963,1962-63,1960s,avg_weight_league,,204,204.0,lbs,https://runrepeat.com/height-evolution-in-the-nba,2026-09-19,HIGH,RunRepeat table 'Average weight in the NBA by season'; blank 1950–51 in source omitted
1963,1962-63,1960s,avg_height_rookies,,6'5.6'',77.6,inches,https://runrepeat.com/height-evolution-in-the-nba,2026-09-19,HIGH,RunRepeat table 'Average rookie height in the NBA'
1963,1962-63,1960s,avg_height_by_position,PG,6'1.4'',73.4,inches,https://runrepeat.com/height-evolution-in-the-nba,2026-09-19,HIGH-MEDIUM,Position labels are era-conventional; RunRepeat notes incomplete data pre-1951/52 for some series
1963,1962-63,1960s,avg_height_by_position,SG,6'3.3'',75.3,inches,https://runrepeat.com/height-evolution-in-the-nba,2026-09-19,HIGH-MEDIUM,Position labels are era-conventional; RunRepeat notes incomplete data pre-1951/52 for some series
1963,1962-63,1960s,avg_height_by_position,SF,6'5.9'',77.9,inches,https://runrepeat.com/height-evolution-in-the-nba,2026-09-19,HIGH-MEDIUM,Position labels are era-conventional; RunRepeat notes incomplete data pre-1951/52 for some series
1963,1962-63,1960s,avg_height_by_position,PF,6'7.2'',79.2,inches,https://runrepeat.com/height-evolution-in-the-nba,2026-09-19,HIGH-MEDIUM,Position labels are era-conventional; RunRepeat notes incomplete data pre-1951/52 for some series
1963,1962-63,1960s,avg_height_by_position,C,6'9'',81.0,inches,https://runrepeat.com/height-evolution-in-the-nba,2026-09-19,HIGH-MEDIUM,Position labels are era-conventional; RunRepeat notes incomplete data pre-1951/52 for some series
1964,1963-64,1960s,avg_height_league,,6'5.49'',77.49,inches,https://runrepeat.com/height-evolution-in-the-nba,2026-09-19,HIGH,Unweighted mean listed height of players with season record; RunRepeat table 'Average height in the NBA by season'
1964,1963-64,1960s,avg_weight_league,,205,205.0,lbs,https://runrepeat.com/height-evolution-in-the-nba,2026-09-19,HIGH,RunRepeat table 'Average weight in the NBA by season'; blank 1950–51 in source omitted
1964,1963-64,1960s,avg_height_rookies,,6'5.1'',77.1,inches,https://runrepeat.com/height-evolution-in-the-nba,2026-09-19,HIGH,RunRepeat table 'Average rookie height in the NBA'
1964,1963-64,1960s,avg_height_by_position,PG,6'1.7'',73.7,inches,https://runrepeat.com/height-evolution-in-the-nba,2026-09-19,HIGH-MEDIUM,Position labels are era-conventional; RunRepeat notes incomplete data pre-1951/52 for some series
1964,1963-64,1960s,avg_height_by_position,SG,6'3.6'',75.6,inches,https://runrepeat.com/height-evolution-in-the-nba,2026-09-19,HIGH-MEDIUM,Position labels are era-conventional; RunRepeat notes incomplete data pre-1951/52 for some series
1964,1963-64,1960s,avg_height_by_position,SF,6'6.0'',78.0,inches,https://runrepeat.com/height-evolution-in-the-nba,2026-09-19,HIGH-MEDIUM,Position labels are era-conventional; RunRepeat notes incomplete data pre-1951/52 for some series
1964,1963-64,1960s,avg_height_by_position,PF,6'7.4'',79.4,inches,https://runrepeat.com/height-evolution-in-the-nba,2026-09-19,HIGH-MEDIUM,Position labels are era-conventional; RunRepeat notes incomplete data pre-1951/52 for some series
1964,1963-64,1960s,avg_height_by_position,C,6'9'',81.0,inches,https://runrepeat.com/height-evolution-in-the-nba,2026-09-19,HIGH-MEDIUM,Position labels are era-conventional; RunRepeat notes incomplete data pre-1951/52 for some series
1965,1964-65,1960s,avg_height_league,,6'5.62'',77.62,inches,https://runrepeat.com/height-evolution-in-the-nba,2026-09-19,HIGH,Unweighted mean listed height of players with season record; RunRepeat table 'Average height in the NBA by season'
1965,1964-65,1960s,avg_weight_league,,206,206.0,lbs,https://runrepeat.com/height-evolution-in-the-nba,2026-09-19,HIGH,RunRepeat table 'Average weight in the NBA by season'; blank 1950–51 in source omitted
1965,1964-65,1960s,avg_height_rookies,,6'5.4'',77.4,inches,https://runrepeat.com/height-evolution-in-the-nba,2026-09-19,HIGH,RunRepeat table 'Average rookie height in the NBA'
1965,1964-65,1960s,avg_height_by_position,PG,6'1.8'',73.8,inches,https://runrepeat.com/height-evolution-in-the-nba,2026-09-19,HIGH-MEDIUM,Position labels are era-conventional; RunRepeat notes incomplete data pre-1951/52 for some series
1965,1964-65,1960s,avg_height_by_position,SG,6'3.5'',75.5,inches,https://runrepeat.com/height-evolution-in-the-nba,2026-09-19,HIGH-MEDIUM,Position labels are era-conventional; RunRepeat notes incomplete data pre-1951/52 for some series
1965,1964-65,1960s,avg_height_by_position,SF,6'5.7'',77.7,inches,https://runrepeat.com/height-evolution-in-the-nba,2026-09-19,HIGH-MEDIUM,Position labels are era-conventional; RunRepeat notes incomplete data pre-1951/52 for some series
1965,1964-65,1960s,avg_height_by_position,PF,6'7.7'',79.7,inches,https://runrepeat.com/height-evolution-in-the-nba,2026-09-19,HIGH-MEDIUM,Position labels are era-conventional; RunRepeat notes incomplete data pre-1951/52 for some series
1965,1964-65,1960s,avg_height_by_position,C,6'10'',82.0,inches,https://runrepeat.com/height-evolution-in-the-nba,2026-09-19,HIGH-MEDIUM,Position labels are era-conventional; RunRepeat notes incomplete data pre-1951/52 for some series
1966,1965-66,1960s,avg_height_league,,6'5.42'',77.42,inches,https://runrepeat.com/height-evolution-in-the-nba,2026-09-19,HIGH,Unweighted mean listed height of players with season record; RunRepeat table 'Average height in the NBA by season'
1966,1965-66,1960s,avg_weight_league,,205,205.0,lbs,https://runrepeat.com/height-evolution-in-the-nba,2026-09-19,HIGH,RunRepeat table 'Average weight in the NBA by season'; blank 1950–51 in source omitted
1966,1965-66,1960s,avg_height_rookies,,6'5.3'',77.3,inches,https://runrepeat.com/height-evolution-in-the-nba,2026-09-19,HIGH,RunRepeat table 'Average rookie height in the NBA'
1966,1965-66,1960s,avg_height_by_position,PG,6'1.3'',73.3,inches,https://runrepeat.com/height-evolution-in-the-nba,2026-09-19,HIGH-MEDIUM,Position labels are era-conventional; RunRepeat notes incomplete data pre-1951/52 for some series
1966,1965-66,1960s,avg_height_by_position,SG,6'3.6'',75.6,inches,https://runrepeat.com/height-evolution-in-the-nba,2026-09-19,HIGH-MEDIUM,Position labels are era-conventional; RunRepeat notes incomplete data pre-1951/52 for some series
1966,1965-66,1960s,avg_height_by_position,SF,6'6.0'',78.0,inches,https://runrepeat.com/height-evolution-in-the-nba,2026-09-19,HIGH-MEDIUM,Position labels are era-conventional; RunRepeat notes incomplete data pre-1951/52 for some series
1966,1965-66,1960s,avg_height_by_position,PF,6'7.1'',79.1,inches,https://runrepeat.com/height-evolution-in-the-nba,2026-09-19,HIGH-MEDIUM,Position labels are era-conventional; RunRepeat notes incomplete data pre-1951/52 for some series
1966,1965-66,1960s,avg_height_by_position,C,6'9'',81.0,inches,https://runrepeat.com/height-evolution-in-the-nba,2026-09-19,HIGH-MEDIUM,Position labels are era-conventional; RunRepeat notes incomplete data pre-1951/52 for some series
1967,1966-67,1960s,avg_height_league,,6'5.71'',77.71,inches,https://runrepeat.com/height-evolution-in-the-nba,2026-09-19,HIGH,Unweighted mean listed height of players with season record; RunRepeat table 'Average height in the NBA by season'
1967,1966-67,1960s,avg_weight_league,,206,206.0,lbs,https://runrepeat.com/height-evolution-in-the-nba,2026-09-19,HIGH,RunRepeat table 'Average weight in the NBA by season'; blank 1950–51 in source omitted
1967,1966-67,1960s,avg_height_rookies,,6'5.8'',77.8,inches,https://runrepeat.com/height-evolution-in-the-nba,2026-09-19,HIGH,RunRepeat table 'Average rookie height in the NBA'
1967,1966-67,1960s,avg_height_by_position,PG,6'1.5'',73.5,inches,https://runrepeat.com/height-evolution-in-the-nba,2026-09-19,HIGH-MEDIUM,Position labels are era-conventional; RunRepeat notes incomplete data pre-1951/52 for some series
1967,1966-67,1960s,avg_height_by_position,SG,6'3.6'',75.6,inches,https://runrepeat.com/height-evolution-in-the-nba,2026-09-19,HIGH-MEDIUM,Position labels are era-conventional; RunRepeat notes incomplete data pre-1951/52 for some series
1967,1966-67,1960s,avg_height_by_position,SF,6'5.7'',77.7,inches,https://runrepeat.com/height-evolution-in-the-nba,2026-09-19,HIGH-MEDIUM,Position labels are era-conventional; RunRepeat notes incomplete data pre-1951/52 for some series
1967,1966-67,1960s,avg_height_by_position,PF,6'7.4'',79.4,inches,https://runrepeat.com/height-evolution-in-the-nba,2026-09-19,HIGH-MEDIUM,Position labels are era-conventional; RunRepeat notes incomplete data pre-1951/52 for some series
1967,1966-67,1960s,avg_height_by_position,C,6'9'',81.0,inches,https://runrepeat.com/height-evolution-in-the-nba,2026-09-19,HIGH-MEDIUM,Position labels are era-conventional; RunRepeat notes incomplete data pre-1951/52 for some series
1968,1967-68,1960s,avg_height_league,,6'5.57'',77.57,inches,https://runrepeat.com/height-evolution-in-the-nba,2026-09-19,HIGH,Unweighted mean listed height of players with season record; RunRepeat table 'Average height in the NBA by season'
1968,1967-68,1960s,avg_weight_league,,205,205.0,lbs,https://runrepeat.com/height-evolution-in-the-nba,2026-09-19,HIGH,RunRepeat table 'Average weight in the NBA by season'; blank 1950–51 in source omitted
1968,1967-68,1960s,avg_height_rookies,,6'5.4'',77.4,inches,https://runrepeat.com/height-evolution-in-the-nba,2026-09-19,HIGH,RunRepeat table 'Average rookie height in the NBA'
1968,1967-68,1960s,avg_height_by_position,PG,6'1.9'',73.9,inches,https://runrepeat.com/height-evolution-in-the-nba,2026-09-19,HIGH-MEDIUM,Position labels are era-conventional; RunRepeat notes incomplete data pre-1951/52 for some series
1968,1967-68,1960s,avg_height_by_position,SG,6'3.4'',75.4,inches,https://runrepeat.com/height-evolution-in-the-nba,2026-09-19,HIGH-MEDIUM,Position labels are era-conventional; RunRepeat notes incomplete data pre-1951/52 for some series
1968,1967-68,1960s,avg_height_by_position,SF,6'5.8'',77.8,inches,https://runrepeat.com/height-evolution-in-the-nba,2026-09-19,HIGH-MEDIUM,Position labels are era-conventional; RunRepeat notes incomplete data pre-1951/52 for some series
1968,1967-68,1960s,avg_height_by_position,PF,6'7.4'',79.4,inches,https://runrepeat.com/height-evolution-in-the-nba,2026-09-19,HIGH-MEDIUM,Position labels are era-conventional; RunRepeat notes incomplete data pre-1951/52 for some series
1968,1967-68,1960s,avg_height_by_position,C,6'9'',81.0,inches,https://runrepeat.com/height-evolution-in-the-nba,2026-09-19,HIGH-MEDIUM,Position labels are era-conventional; RunRepeat notes incomplete data pre-1951/52 for some series
1969,1968-69,1960s,avg_height_league,,6'5.67'',77.67,inches,https://runrepeat.com/height-evolution-in-the-nba,2026-09-19,HIGH,Unweighted mean listed height of players with season record; RunRepeat table 'Average height in the NBA by season'
1969,1968-69,1960s,avg_weight_league,,206,206.0,lbs,https://runrepeat.com/height-evolution-in-the-nba,2026-09-19,HIGH,RunRepeat table 'Average weight in the NBA by season'; blank 1950–51 in source omitted
1969,1968-69,1960s,avg_height_rookies,,6'6.0'',78.0,inches,https://runrepeat.com/height-evolution-in-the-nba,2026-09-19,HIGH,RunRepeat table 'Average rookie height in the NBA'
1969,1968-69,1960s,avg_height_by_position,PG,6'1.4'',73.4,inches,https://runrepeat.com/height-evolution-in-the-nba,2026-09-19,HIGH-MEDIUM,Position labels are era-conventional; RunRepeat notes incomplete data pre-1951/52 for some series
1969,1968-69,1960s,avg_height_by_position,SG,6'3.3'',75.3,inches,https://runrepeat.com/height-evolution-in-the-nba,2026-09-19,HIGH-MEDIUM,Position labels are era-conventional; RunRepeat notes incomplete data pre-1951/52 for some series
1969,1968-69,1960s,avg_height_by_position,SF,6'5.8'',77.8,inches,https://runrepeat.com/height-evolution-in-the-nba,2026-09-19,HIGH-MEDIUM,Position labels are era-conventional; RunRepeat notes incomplete data pre-1951/52 for some series
1969,1968-69,1960s,avg_height_by_position,PF,6'7.6'',79.6,inches,https://runrepeat.com/height-evolution-in-the-nba,2026-09-19,HIGH-MEDIUM,Position labels are era-conventional; RunRepeat notes incomplete data pre-1951/52 for some series
1969,1968-69,1960s,avg_height_by_position,C,6'9'',81.0,inches,https://runrepeat.com/height-evolution-in-the-nba,2026-09-19,HIGH-MEDIUM,Position labels are era-conventional; RunRepeat notes incomplete data pre-1951/52 for some series
1970,1969-70,1970s,avg_height_league,,6'5.68'',77.68,inches,https://runrepeat.com/height-evolution-in-the-nba,2026-09-19,HIGH,Unweighted mean listed height of players with season record; RunRepeat table 'Average height in the NBA by season'
1970,1969-70,1970s,avg_weight_league,,205,205.0,lbs,https://runrepeat.com/height-evolution-in-the-nba,2026-09-19,HIGH,RunRepeat table 'Average weight in the NBA by season'; blank 1950–51 in source omitted
1970,1969-70,1970s,avg_height_rookies,,6'5.4'',77.4,inches,https://runrepeat.com/height-evolution-in-the-nba,2026-09-19,HIGH,RunRepeat table 'Average rookie height in the NBA'
1970,1969-70,1970s,avg_height_by_position,PG,6'1.9'',73.9,inches,https://runrepeat.com/height-evolution-in-the-nba,2026-09-19,HIGH-MEDIUM,Position labels are era-conventional; RunRepeat notes incomplete data pre-1951/52 for some series
1970,1969-70,1970s,avg_height_by_position,SG,6'3.3'',75.3,inches,https://runrepeat.com/height-evolution-in-the-nba,2026-09-19,HIGH-MEDIUM,Position labels are era-conventional; RunRepeat notes incomplete data pre-1951/52 for some series
1970,1969-70,1970s,avg_height_by_position,SF,6'5.8'',77.8,inches,https://runrepeat.com/height-evolution-in-the-nba,2026-09-19,HIGH-MEDIUM,Position labels are era-conventional; RunRepeat notes incomplete data pre-1951/52 for some series
1970,1969-70,1970s,avg_height_by_position,PF,6'7.4'',79.4,inches,https://runrepeat.com/height-evolution-in-the-nba,2026-09-19,HIGH-MEDIUM,Position labels are era-conventional; RunRepeat notes incomplete data pre-1951/52 for some series
1970,1969-70,1970s,avg_height_by_position,C,6'10'',82.0,inches,https://runrepeat.com/height-evolution-in-the-nba,2026-09-19,HIGH-MEDIUM,Position labels are era-conventional; RunRepeat notes incomplete data pre-1951/52 for some series
1971,1970-71,1970s,avg_height_league,,6'5.74'',77.74,inches,https://runrepeat.com/height-evolution-in-the-nba,2026-09-19,HIGH,Unweighted mean listed height of players with season record; RunRepeat table 'Average height in the NBA by season'
1971,1970-71,1970s,avg_weight_league,,204,204.0,lbs,https://runrepeat.com/height-evolution-in-the-nba,2026-09-19,HIGH,RunRepeat table 'Average weight in the NBA by season'; blank 1950–51 in source omitted
1971,1970-71,1970s,avg_height_rookies,,6'5.9'',77.9,inches,https://runrepeat.com/height-evolution-in-the-nba,2026-09-19,HIGH,RunRepeat table 'Average rookie height in the NBA'
1971,1970-71,1970s,avg_height_by_position,PG,6'1.4'',73.4,inches,https://runrepeat.com/height-evolution-in-the-nba,2026-09-19,HIGH-MEDIUM,Position labels are era-conventional; RunRepeat notes incomplete data pre-1951/52 for some series
1971,1970-71,1970s,avg_height_by_position,SG,6'3.4'',75.4,inches,https://runrepeat.com/height-evolution-in-the-nba,2026-09-19,HIGH-MEDIUM,Position labels are era-conventional; RunRepeat notes incomplete data pre-1951/52 for some series
1971,1970-71,1970s,avg_height_by_position,SF,6'6.2'',78.2,inches,https://runrepeat.com/height-evolution-in-the-nba,2026-09-19,HIGH-MEDIUM,Position labels are era-conventional; RunRepeat notes incomplete data pre-1951/52 for some series
1971,1970-71,1970s,avg_height_by_position,PF,6'7.5'',79.5,inches,https://runrepeat.com/height-evolution-in-the-nba,2026-09-19,HIGH-MEDIUM,Position labels are era-conventional; RunRepeat notes incomplete data pre-1951/52 for some series
1971,1970-71,1970s,avg_height_by_position,C,6'9'',81.0,inches,https://runrepeat.com/height-evolution-in-the-nba,2026-09-19,HIGH-MEDIUM,Position labels are era-conventional; RunRepeat notes incomplete data pre-1951/52 for some series
1972,1971-72,1970s,avg_height_league,,6'5.80'',77.8,inches,https://runrepeat.com/height-evolution-in-the-nba,2026-09-19,HIGH,Unweighted mean listed height of players with season record; RunRepeat table 'Average height in the NBA by season'
1972,1971-72,1970s,avg_weight_league,,205,205.0,lbs,https://runrepeat.com/height-evolution-in-the-nba,2026-09-19,HIGH,RunRepeat table 'Average weight in the NBA by season'; blank 1950–51 in source omitted
1972,1971-72,1970s,avg_height_rookies,,6'6.1'',78.1,inches,https://runrepeat.com/height-evolution-in-the-nba,2026-09-19,HIGH,RunRepeat table 'Average rookie height in the NBA'
1972,1971-72,1970s,avg_height_by_position,PG,6'1.7'',73.7,inches,https://runrepeat.com/height-evolution-in-the-nba,2026-09-19,HIGH-MEDIUM,Position labels are era-conventional; RunRepeat notes incomplete data pre-1951/52 for some series
1972,1971-72,1970s,avg_height_by_position,SG,6'3.4'',75.4,inches,https://runrepeat.com/height-evolution-in-the-nba,2026-09-19,HIGH-MEDIUM,Position labels are era-conventional; RunRepeat notes incomplete data pre-1951/52 for some series
1972,1971-72,1970s,avg_height_by_position,SF,6'5.9'',77.9,inches,https://runrepeat.com/height-evolution-in-the-nba,2026-09-19,HIGH-MEDIUM,Position labels are era-conventional; RunRepeat notes incomplete data pre-1951/52 for some series
1972,1971-72,1970s,avg_height_by_position,PF,6'7.7'',79.7,inches,https://runrepeat.com/height-evolution-in-the-nba,2026-09-19,HIGH-MEDIUM,Position labels are era-conventional; RunRepeat notes incomplete data pre-1951/52 for some series
1972,1971-72,1970s,avg_height_by_position,C,6'10'',82.0,inches,https://runrepeat.com/height-evolution-in-the-nba,2026-09-19,HIGH-MEDIUM,Position labels are era-conventional; RunRepeat notes incomplete data pre-1951/52 for some series
1973,1972-73,1970s,avg_height_league,,6'5.88'',77.88,inches,https://runrepeat.com/height-evolution-in-the-nba,2026-09-19,HIGH,Unweighted mean listed height of players with season record; RunRepeat table 'Average height in the NBA by season'
1973,1972-73,1970s,avg_weight_league,,205,205.0,lbs,https://runrepeat.com/height-evolution-in-the-nba,2026-09-19,HIGH,RunRepeat table 'Average weight in the NBA by season'; blank 1950–51 in source omitted
1973,1972-73,1970s,avg_height_rookies,,6'5.6'',77.6,inches,https://runrepeat.com/height-evolution-in-the-nba,2026-09-19,HIGH,RunRepeat table 'Average rookie height in the NBA'
1973,1972-73,1970s,avg_height_by_position,PG,6'1.9'',73.9,inches,https://runrepeat.com/height-evolution-in-the-nba,2026-09-19,HIGH-MEDIUM,Position labels are era-conventional; RunRepeat notes incomplete data pre-1951/52 for some series
1973,1972-73,1970s,avg_height_by_position,SG,6'3.3'',75.3,inches,https://runrepeat.com/height-evolution-in-the-nba,2026-09-19,HIGH-MEDIUM,Position labels are era-conventional; RunRepeat notes incomplete data pre-1951/52 for some series
1973,1972-73,1970s,avg_height_by_position,SF,6'6.0'',78.0,inches,https://runrepeat.com/height-evolution-in-the-nba,2026-09-19,HIGH-MEDIUM,Position labels are era-conventional; RunRepeat notes incomplete data pre-1951/52 for some series
1973,1972-73,1970s,avg_height_by_position,PF,6'7.6'',79.6,inches,https://runrepeat.com/height-evolution-in-the-nba,2026-09-19,HIGH-MEDIUM,Position labels are era-conventional; RunRepeat notes incomplete data pre-1951/52 for some series
1973,1972-73,1970s,avg_height_by_position,C,6'10'',82.0,inches,https://runrepeat.com/height-evolution-in-the-nba,2026-09-19,HIGH-MEDIUM,Position labels are era-conventional; RunRepeat notes incomplete data pre-1951/52 for some series
1974,1973-74,1970s,avg_height_league,,6'5.83'',77.83,inches,https://runrepeat.com/height-evolution-in-the-nba,2026-09-19,HIGH,Unweighted mean listed height of players with season record; RunRepeat table 'Average height in the NBA by season'
1974,1973-74,1970s,avg_weight_league,,203,203.0,lbs,https://runrepeat.com/height-evolution-in-the-nba,2026-09-19,HIGH,RunRepeat table 'Average weight in the NBA by season'; blank 1950–51 in source omitted
1974,1973-74,1970s,avg_height_rookies,,6'5.9'',77.9,inches,https://runrepeat.com/height-evolution-in-the-nba,2026-09-19,HIGH,RunRepeat table 'Average rookie height in the NBA'
1974,1973-74,1970s,avg_height_by_position,PG,6'1.6'',73.6,inches,https://runrepeat.com/height-evolution-in-the-nba,2026-09-19,HIGH-MEDIUM,Position labels are era-conventional; RunRepeat notes incomplete data pre-1951/52 for some series
1974,1973-74,1970s,avg_height_by_position,SG,6'3.4'',75.4,inches,https://runrepeat.com/height-evolution-in-the-nba,2026-09-19,HIGH-MEDIUM,Position labels are era-conventional; RunRepeat notes incomplete data pre-1951/52 for some series
1974,1973-74,1970s,avg_height_by_position,SF,6'6.1'',78.1,inches,https://runrepeat.com/height-evolution-in-the-nba,2026-09-19,HIGH-MEDIUM,Position labels are era-conventional; RunRepeat notes incomplete data pre-1951/52 for some series
1974,1973-74,1970s,avg_height_by_position,PF,6'8.0'',80.0,inches,https://runrepeat.com/height-evolution-in-the-nba,2026-09-19,HIGH-MEDIUM,Position labels are era-conventional; RunRepeat notes incomplete data pre-1951/52 for some series
1974,1973-74,1970s,avg_height_by_position,C,6'10'',82.0,inches,https://runrepeat.com/height-evolution-in-the-nba,2026-09-19,HIGH-MEDIUM,Position labels are era-conventional; RunRepeat notes incomplete data pre-1951/52 for some series
1975,1974-75,1970s,avg_height_league,,6'5.93'',77.93,inches,https://runrepeat.com/height-evolution-in-the-nba,2026-09-19,HIGH,Unweighted mean listed height of players with season record; RunRepeat table 'Average height in the NBA by season'
1975,1974-75,1970s,avg_weight_league,,203,203.0,lbs,https://runrepeat.com/height-evolution-in-the-nba,2026-09-19,HIGH,RunRepeat table 'Average weight in the NBA by season'; blank 1950–51 in source omitted
1975,1974-75,1970s,avg_height_rookies,,6'5.6'',77.6,inches,https://runrepeat.com/height-evolution-in-the-nba,2026-09-19,HIGH,RunRepeat table 'Average rookie height in the NBA'
1975,1974-75,1970s,avg_height_by_position,PG,6'1.8'',73.8,inches,https://runrepeat.com/height-evolution-in-the-nba,2026-09-19,HIGH-MEDIUM,Position labels are era-conventional; RunRepeat notes incomplete data pre-1951/52 for some series
1975,1974-75,1970s,avg_height_by_position,SG,6'3.5'',75.5,inches,https://runrepeat.com/height-evolution-in-the-nba,2026-09-19,HIGH-MEDIUM,Position labels are era-conventional; RunRepeat notes incomplete data pre-1951/52 for some series
1975,1974-75,1970s,avg_height_by_position,SF,6'6.2'',78.2,inches,https://runrepeat.com/height-evolution-in-the-nba,2026-09-19,HIGH-MEDIUM,Position labels are era-conventional; RunRepeat notes incomplete data pre-1951/52 for some series
1975,1974-75,1970s,avg_height_by_position,PF,6'7.9'',79.9,inches,https://runrepeat.com/height-evolution-in-the-nba,2026-09-19,HIGH-MEDIUM,Position labels are era-conventional; RunRepeat notes incomplete data pre-1951/52 for some series
1975,1974-75,1970s,avg_height_by_position,C,6'10'',82.0,inches,https://runrepeat.com/height-evolution-in-the-nba,2026-09-19,HIGH-MEDIUM,Position labels are era-conventional; RunRepeat notes incomplete data pre-1951/52 for some series
1976,1975-76,1970s,avg_height_league,,6'6.11'',78.11,inches,https://runrepeat.com/height-evolution-in-the-nba,2026-09-19,HIGH,Unweighted mean listed height of players with season record; RunRepeat table 'Average height in the NBA by season'
1976,1975-76,1970s,avg_weight_league,,204,204.0,lbs,https://runrepeat.com/height-evolution-in-the-nba,2026-09-19,HIGH,RunRepeat table 'Average weight in the NBA by season'; blank 1950–51 in source omitted
1976,1975-76,1970s,avg_height_rookies,,6'6.3'',78.3,inches,https://runrepeat.com/height-evolution-in-the-nba,2026-09-19,HIGH,RunRepeat table 'Average rookie height in the NBA'
1976,1975-76,1970s,avg_height_by_position,PG,6'1.8'',73.8,inches,https://runrepeat.com/height-evolution-in-the-nba,2026-09-19,HIGH-MEDIUM,Position labels are era-conventional; RunRepeat notes incomplete data pre-1951/52 for some series
1976,1975-76,1970s,avg_height_by_position,SG,6'3.4'',75.4,inches,https://runrepeat.com/height-evolution-in-the-nba,2026-09-19,HIGH-MEDIUM,Position labels are era-conventional; RunRepeat notes incomplete data pre-1951/52 for some series
1976,1975-76,1970s,avg_height_by_position,SF,6'6.4'',78.4,inches,https://runrepeat.com/height-evolution-in-the-nba,2026-09-19,HIGH-MEDIUM,Position labels are era-conventional; RunRepeat notes incomplete data pre-1951/52 for some series
1976,1975-76,1970s,avg_height_by_position,PF,6'8.1'',80.1,inches,https://runrepeat.com/height-evolution-in-the-nba,2026-09-19,HIGH-MEDIUM,Position labels are era-conventional; RunRepeat notes incomplete data pre-1951/52 for some series
1976,1975-76,1970s,avg_height_by_position,C,6'10'',82.0,inches,https://runrepeat.com/height-evolution-in-the-nba,2026-09-19,HIGH-MEDIUM,Position labels are era-conventional; RunRepeat notes incomplete data pre-1951/52 for some series
1977,1976-77,1970s,avg_height_league,,6'6.05'',78.05,inches,https://runrepeat.com/height-evolution-in-the-nba,2026-09-19,HIGH,Unweighted mean listed height of players with season record; RunRepeat table 'Average height in the NBA by season'
1977,1976-77,1970s,avg_weight_league,,203,203.0,lbs,https://runrepeat.com/height-evolution-in-the-nba,2026-09-19,HIGH,RunRepeat table 'Average weight in the NBA by season'; blank 1950–51 in source omitted
1977,1976-77,1970s,avg_height_rookies,,6'5.7'',77.7,inches,https://runrepeat.com/height-evolution-in-the-nba,2026-09-19,HIGH,RunRepeat table 'Average rookie height in the NBA'
1977,1976-77,1970s,avg_height_by_position,PG,6'1.7'',73.7,inches,https://runrepeat.com/height-evolution-in-the-nba,2026-09-19,HIGH-MEDIUM,Position labels are era-conventional; RunRepeat notes incomplete data pre-1951/52 for some series
1977,1976-77,1970s,avg_height_by_position,SG,6'3.5'',75.5,inches,https://runrepeat.com/height-evolution-in-the-nba,2026-09-19,HIGH-MEDIUM,Position labels are era-conventional; RunRepeat notes incomplete data pre-1951/52 for some series
1977,1976-77,1970s,avg_height_by_position,SF,6'6.4'',78.4,inches,https://runrepeat.com/height-evolution-in-the-nba,2026-09-19,HIGH-MEDIUM,Position labels are era-conventional; RunRepeat notes incomplete data pre-1951/52 for some series
1977,1976-77,1970s,avg_height_by_position,PF,6'8.2'',80.2,inches,https://runrepeat.com/height-evolution-in-the-nba,2026-09-19,HIGH-MEDIUM,Position labels are era-conventional; RunRepeat notes incomplete data pre-1951/52 for some series
1977,1976-77,1970s,avg_height_by_position,C,6'10'',82.0,inches,https://runrepeat.com/height-evolution-in-the-nba,2026-09-19,HIGH-MEDIUM,Position labels are era-conventional; RunRepeat notes incomplete data pre-1951/52 for some series
1978,1977-78,1970s,avg_height_league,,6'6.08'',78.08,inches,https://runrepeat.com/height-evolution-in-the-nba,2026-09-19,HIGH,Unweighted mean listed height of players with season record; RunRepeat table 'Average height in the NBA by season'
1978,1977-78,1970s,avg_weight_league,,203,203.0,lbs,https://runrepeat.com/height-evolution-in-the-nba,2026-09-19,HIGH,RunRepeat table 'Average weight in the NBA by season'; blank 1950–51 in source omitted
1978,1977-78,1970s,avg_height_rookies,,6'5.7'',77.7,inches,https://runrepeat.com/height-evolution-in-the-nba,2026-09-19,HIGH,RunRepeat table 'Average rookie height in the NBA'
1978,1977-78,1970s,avg_height_by_position,PG,6'1.7'',73.7,inches,https://runrepeat.com/height-evolution-in-the-nba,2026-09-19,HIGH-MEDIUM,Position labels are era-conventional; RunRepeat notes incomplete data pre-1951/52 for some series
1978,1977-78,1970s,avg_height_by_position,SG,6'3.5'',75.5,inches,https://runrepeat.com/height-evolution-in-the-nba,2026-09-19,HIGH-MEDIUM,Position labels are era-conventional; RunRepeat notes incomplete data pre-1951/52 for some series
1978,1977-78,1970s,avg_height_by_position,SF,6'6.8'',78.8,inches,https://runrepeat.com/height-evolution-in-the-nba,2026-09-19,HIGH-MEDIUM,Position labels are era-conventional; RunRepeat notes incomplete data pre-1951/52 for some series
1978,1977-78,1970s,avg_height_by_position,PF,6'8.4'',80.4,inches,https://runrepeat.com/height-evolution-in-the-nba,2026-09-19,HIGH-MEDIUM,Position labels are era-conventional; RunRepeat notes incomplete data pre-1951/52 for some series
1978,1977-78,1970s,avg_height_by_position,C,6'10'',82.0,inches,https://runrepeat.com/height-evolution-in-the-nba,2026-09-19,HIGH-MEDIUM,Position labels are era-conventional; RunRepeat notes incomplete data pre-1951/52 for some series
1979,1978-79,1970s,avg_height_league,,6'6.18'',78.18,inches,https://runrepeat.com/height-evolution-in-the-nba,2026-09-19,HIGH,Unweighted mean listed height of players with season record; RunRepeat table 'Average height in the NBA by season'
1979,1978-79,1970s,avg_weight_league,,203,203.0,lbs,https://runrepeat.com/height-evolution-in-the-nba,2026-09-19,HIGH,RunRepeat table 'Average weight in the NBA by season'; blank 1950–51 in source omitted
1979,1978-79,1970s,avg_height_rookies,,6'5.8'',77.8,inches,https://runrepeat.com/height-evolution-in-the-nba,2026-09-19,HIGH,RunRepeat table 'Average rookie height in the NBA'
1979,1978-79,1970s,avg_height_by_position,PG,6'1.8'',73.8,inches,https://runrepeat.com/height-evolution-in-the-nba,2026-09-19,HIGH-MEDIUM,Position labels are era-conventional; RunRepeat notes incomplete data pre-1951/52 for some series
1979,1978-79,1970s,avg_height_by_position,SG,6'3.9'',75.9,inches,https://runrepeat.com/height-evolution-in-the-nba,2026-09-19,HIGH-MEDIUM,Position labels are era-conventional; RunRepeat notes incomplete data pre-1951/52 for some series
1979,1978-79,1970s,avg_height_by_position,SF,6'6.6'',78.6,inches,https://runrepeat.com/height-evolution-in-the-nba,2026-09-19,HIGH-MEDIUM,Position labels are era-conventional; RunRepeat notes incomplete data pre-1951/52 for some series
1979,1978-79,1970s,avg_height_by_position,PF,6'8.3'',80.3,inches,https://runrepeat.com/height-evolution-in-the-nba,2026-09-19,HIGH-MEDIUM,Position labels are era-conventional; RunRepeat notes incomplete data pre-1951/52 for some series
1979,1978-79,1970s,avg_height_by_position,C,6'10'',82.0,inches,https://runrepeat.com/height-evolution-in-the-nba,2026-09-19,HIGH-MEDIUM,Position labels are era-conventional; RunRepeat notes incomplete data pre-1951/52 for some series
1980,1979-80,1980s,avg_height_league,,6'6.33'',78.33,inches,https://runrepeat.com/height-evolution-in-the-nba,2026-09-19,HIGH,Unweighted mean listed height of players with season record; RunRepeat table 'Average height in the NBA by season'
1980,1979-80,1980s,avg_weight_league,,204,204.0,lbs,https://runrepeat.com/height-evolution-in-the-nba,2026-09-19,HIGH,RunRepeat table 'Average weight in the NBA by season'; blank 1950–51 in source omitted
1980,1979-80,1980s,avg_height_rookies,,6'6.4'',78.4,inches,https://runrepeat.com/height-evolution-in-the-nba,2026-09-19,HIGH,RunRepeat table 'Average rookie height in the NBA'
1980,1979-80,1980s,avg_height_by_position,PG,6'1.9'',73.9,inches,https://runrepeat.com/height-evolution-in-the-nba,2026-09-19,HIGH-MEDIUM,Position labels are era-conventional; RunRepeat notes incomplete data pre-1951/52 for some series
1980,1979-80,1980s,avg_height_by_position,SG,6'3.9'',75.9,inches,https://runrepeat.com/height-evolution-in-the-nba,2026-09-19,HIGH-MEDIUM,Position labels are era-conventional; RunRepeat notes incomplete data pre-1951/52 for some series
1980,1979-80,1980s,avg_height_by_position,SF,6'6.7'',78.7,inches,https://runrepeat.com/height-evolution-in-the-nba,2026-09-19,HIGH-MEDIUM,Position labels are era-conventional; RunRepeat notes incomplete data pre-1951/52 for some series
1980,1979-80,1980s,avg_height_by_position,PF,6'8.6'',80.6,inches,https://runrepeat.com/height-evolution-in-the-nba,2026-09-19,HIGH-MEDIUM,Position labels are era-conventional; RunRepeat notes incomplete data pre-1951/52 for some series
1980,1979-80,1980s,avg_height_by_position,C,6'10'',82.0,inches,https://runrepeat.com/height-evolution-in-the-nba,2026-09-19,HIGH-MEDIUM,Position labels are era-conventional; RunRepeat notes incomplete data pre-1951/52 for some series
1981,1980-81,1980s,avg_height_league,,6'6.38'',78.38,inches,https://runrepeat.com/height-evolution-in-the-nba,2026-09-19,HIGH,Unweighted mean listed height of players with season record; RunRepeat table 'Average height in the NBA by season'
1981,1980-81,1980s,avg_weight_league,,204,204.0,lbs,https://runrepeat.com/height-evolution-in-the-nba,2026-09-19,HIGH,RunRepeat table 'Average weight in the NBA by season'; blank 1950–51 in source omitted
1981,1980-81,1980s,avg_height_rookies,,6'6.3'',78.3,inches,https://runrepeat.com/height-evolution-in-the-nba,2026-09-19,HIGH,RunRepeat table 'Average rookie height in the NBA'
1981,1980-81,1980s,avg_height_by_position,PG,6'1.7'',73.7,inches,https://runrepeat.com/height-evolution-in-the-nba,2026-09-19,HIGH-MEDIUM,Position labels are era-conventional; RunRepeat notes incomplete data pre-1951/52 for some series
1981,1980-81,1980s,avg_height_by_position,SG,6'4.3'',76.3,inches,https://runrepeat.com/height-evolution-in-the-nba,2026-09-19,HIGH-MEDIUM,Position labels are era-conventional; RunRepeat notes incomplete data pre-1951/52 for some series
1981,1980-81,1980s,avg_height_by_position,SF,6'6.9'',78.9,inches,https://runrepeat.com/height-evolution-in-the-nba,2026-09-19,HIGH-MEDIUM,Position labels are era-conventional; RunRepeat notes incomplete data pre-1951/52 for some series
1981,1980-81,1980s,avg_height_by_position,PF,6'8.6'',80.6,inches,https://runrepeat.com/height-evolution-in-the-nba,2026-09-19,HIGH-MEDIUM,Position labels are era-conventional; RunRepeat notes incomplete data pre-1951/52 for some series
1981,1980-81,1980s,avg_height_by_position,C,6'10'',82.0,inches,https://runrepeat.com/height-evolution-in-the-nba,2026-09-19,HIGH-MEDIUM,Position labels are era-conventional; RunRepeat notes incomplete data pre-1951/52 for some series
1982,1981-82,1980s,avg_height_league,,6'6.57'',78.57,inches,https://runrepeat.com/height-evolution-in-the-nba,2026-09-19,HIGH,Unweighted mean listed height of players with season record; RunRepeat table 'Average height in the NBA by season'
1982,1981-82,1980s,avg_weight_league,,204,204.0,lbs,https://runrepeat.com/height-evolution-in-the-nba,2026-09-19,HIGH,RunRepeat table 'Average weight in the NBA by season'; blank 1950–51 in source omitted
1982,1981-82,1980s,avg_height_rookies,,6'6.8'',78.8,inches,https://runrepeat.com/height-evolution-in-the-nba,2026-09-19,HIGH,RunRepeat table 'Average rookie height in the NBA'
1982,1981-82,1980s,avg_height_by_position,PG,6'1.6'',73.6,inches,https://runrepeat.com/height-evolution-in-the-nba,2026-09-19,HIGH-MEDIUM,Position labels are era-conventional; RunRepeat notes incomplete data pre-1951/52 for some series
1982,1981-82,1980s,avg_height_by_position,SG,6'4.2'',76.2,inches,https://runrepeat.com/height-evolution-in-the-nba,2026-09-19,HIGH-MEDIUM,Position labels are era-conventional; RunRepeat notes incomplete data pre-1951/52 for some series
1982,1981-82,1980s,avg_height_by_position,SF,6'6.9'',78.9,inches,https://runrepeat.com/height-evolution-in-the-nba,2026-09-19,HIGH-MEDIUM,Position labels are era-conventional; RunRepeat notes incomplete data pre-1951/52 for some series
1982,1981-82,1980s,avg_height_by_position,PF,6'8.7'',80.7,inches,https://runrepeat.com/height-evolution-in-the-nba,2026-09-19,HIGH-MEDIUM,Position labels are era-conventional; RunRepeat notes incomplete data pre-1951/52 for some series
1982,1981-82,1980s,avg_height_by_position,C,6'11'',83.0,inches,https://runrepeat.com/height-evolution-in-the-nba,2026-09-19,HIGH-MEDIUM,Position labels are era-conventional; RunRepeat notes incomplete data pre-1951/52 for some series
1983,1982-83,1980s,avg_height_league,,6'6.81'',78.81,inches,https://runrepeat.com/height-evolution-in-the-nba,2026-09-19,HIGH,Unweighted mean listed height of players with season record; RunRepeat table 'Average height in the NBA by season'
1983,1982-83,1980s,avg_weight_league,,206,206.0,lbs,https://runrepeat.com/height-evolution-in-the-nba,2026-09-19,HIGH,RunRepeat table 'Average weight in the NBA by season'; blank 1950–51 in source omitted
1983,1982-83,1980s,avg_height_rookies,,6'7.2'',79.2,inches,https://runrepeat.com/height-evolution-in-the-nba,2026-09-19,HIGH,RunRepeat table 'Average rookie height in the NBA'
1983,1982-83,1980s,avg_height_by_position,PG,6'2.0'',74.0,inches,https://runrepeat.com/height-evolution-in-the-nba,2026-09-19,HIGH-MEDIUM,Position labels are era-conventional; RunRepeat notes incomplete data pre-1951/52 for some series
1983,1982-83,1980s,avg_height_by_position,SG,6'4.0'',76.0,inches,https://runrepeat.com/height-evolution-in-the-nba,2026-09-19,HIGH-MEDIUM,Position labels are era-conventional; RunRepeat notes incomplete data pre-1951/52 for some series
1983,1982-83,1980s,avg_height_by_position,SF,6'6.9'',78.9,inches,https://runrepeat.com/height-evolution-in-the-nba,2026-09-19,HIGH-MEDIUM,Position labels are era-conventional; RunRepeat notes incomplete data pre-1951/52 for some series
1983,1982-83,1980s,avg_height_by_position,PF,6'8.8'',80.8,inches,https://runrepeat.com/height-evolution-in-the-nba,2026-09-19,HIGH-MEDIUM,Position labels are era-conventional; RunRepeat notes incomplete data pre-1951/52 for some series
1983,1982-83,1980s,avg_height_by_position,C,6'10'',82.0,inches,https://runrepeat.com/height-evolution-in-the-nba,2026-09-19,HIGH-MEDIUM,Position labels are era-conventional; RunRepeat notes incomplete data pre-1951/52 for some series
1984,1983-84,1980s,avg_height_league,,6'6.76'',78.76,inches,https://runrepeat.com/height-evolution-in-the-nba,2026-09-19,HIGH,Unweighted mean listed height of players with season record; RunRepeat table 'Average height in the NBA by season'
1984,1983-84,1980s,avg_weight_league,,206,206.0,lbs,https://runrepeat.com/height-evolution-in-the-nba,2026-09-19,HIGH,RunRepeat table 'Average weight in the NBA by season'; blank 1950–51 in source omitted
1984,1983-84,1980s,avg_height_rookies,,6'7.1'',79.1,inches,https://runrepeat.com/height-evolution-in-the-nba,2026-09-19,HIGH,RunRepeat table 'Average rookie height in the NBA'
1984,1983-84,1980s,avg_height_by_position,PG,6'2.2'',74.2,inches,https://runrepeat.com/height-evolution-in-the-nba,2026-09-19,HIGH-MEDIUM,Position labels are era-conventional; RunRepeat notes incomplete data pre-1951/52 for some series
1984,1983-84,1980s,avg_height_by_position,SG,6'4.4'',76.4,inches,https://runrepeat.com/height-evolution-in-the-nba,2026-09-19,HIGH-MEDIUM,Position labels are era-conventional; RunRepeat notes incomplete data pre-1951/52 for some series
1984,1983-84,1980s,avg_height_by_position,SF,6'7.0'',79.0,inches,https://runrepeat.com/height-evolution-in-the-nba,2026-09-19,HIGH-MEDIUM,Position labels are era-conventional; RunRepeat notes incomplete data pre-1951/52 for some series
1984,1983-84,1980s,avg_height_by_position,PF,6'8.9'',80.9,inches,https://runrepeat.com/height-evolution-in-the-nba,2026-09-19,HIGH-MEDIUM,Position labels are era-conventional; RunRepeat notes incomplete data pre-1951/52 for some series
1984,1983-84,1980s,avg_height_by_position,C,6'11'',83.0,inches,https://runrepeat.com/height-evolution-in-the-nba,2026-09-19,HIGH-MEDIUM,Position labels are era-conventional; RunRepeat notes incomplete data pre-1951/52 for some series
1985,1984-85,1980s,avg_height_league,,6'6.82'',78.82,inches,https://runrepeat.com/height-evolution-in-the-nba,2026-09-19,HIGH,Unweighted mean listed height of players with season record; RunRepeat table 'Average height in the NBA by season'
1985,1984-85,1980s,avg_weight_league,,207,207.0,lbs,https://runrepeat.com/height-evolution-in-the-nba,2026-09-19,HIGH,RunRepeat table 'Average weight in the NBA by season'; blank 1950–51 in source omitted
1985,1984-85,1980s,avg_height_rookies,,6'7.2'',79.2,inches,https://runrepeat.com/height-evolution-in-the-nba,2026-09-19,HIGH,RunRepeat table 'Average rookie height in the NBA'
1985,1984-85,1980s,avg_height_by_position,PG,6'2.2'',74.2,inches,https://runrepeat.com/height-evolution-in-the-nba,2026-09-19,HIGH-MEDIUM,Position labels are era-conventional; RunRepeat notes incomplete data pre-1951/52 for some series
1985,1984-85,1980s,avg_height_by_position,SG,6'4.3'',76.3,inches,https://runrepeat.com/height-evolution-in-the-nba,2026-09-19,HIGH-MEDIUM,Position labels are era-conventional; RunRepeat notes incomplete data pre-1951/52 for some series
1985,1984-85,1980s,avg_height_by_position,SF,6'6.9'',78.9,inches,https://runrepeat.com/height-evolution-in-the-nba,2026-09-19,HIGH-MEDIUM,Position labels are era-conventional; RunRepeat notes incomplete data pre-1951/52 for some series
1985,1984-85,1980s,avg_height_by_position,PF,6'9.0'',81.0,inches,https://runrepeat.com/height-evolution-in-the-nba,2026-09-19,HIGH-MEDIUM,Position labels are era-conventional; RunRepeat notes incomplete data pre-1951/52 for some series
1985,1984-85,1980s,avg_height_by_position,C,6'11'',83.0,inches,https://runrepeat.com/height-evolution-in-the-nba,2026-09-19,HIGH-MEDIUM,Position labels are era-conventional; RunRepeat notes incomplete data pre-1951/52 for some series
1986,1985-86,1980s,avg_height_league,,6'7.03'',79.03,inches,https://runrepeat.com/height-evolution-in-the-nba,2026-09-19,HIGH,Unweighted mean listed height of players with season record; RunRepeat table 'Average height in the NBA by season'
1986,1985-86,1980s,avg_weight_league,,208,208.0,lbs,https://runrepeat.com/height-evolution-in-the-nba,2026-09-19,HIGH,RunRepeat table 'Average weight in the NBA by season'; blank 1950–51 in source omitted
1986,1985-86,1980s,avg_height_rookies,,6'7.5'',79.5,inches,https://runrepeat.com/height-evolution-in-the-nba,2026-09-19,HIGH,RunRepeat table 'Average rookie height in the NBA'
1986,1985-86,1980s,avg_height_by_position,PG,6'2.3'',74.3,inches,https://runrepeat.com/height-evolution-in-the-nba,2026-09-19,HIGH-MEDIUM,Position labels are era-conventional; RunRepeat notes incomplete data pre-1951/52 for some series
1986,1985-86,1980s,avg_height_by_position,SG,6'4.4'',76.4,inches,https://runrepeat.com/height-evolution-in-the-nba,2026-09-19,HIGH-MEDIUM,Position labels are era-conventional; RunRepeat notes incomplete data pre-1951/52 for some series
1986,1985-86,1980s,avg_height_by_position,SF,6'7.1'',79.1,inches,https://runrepeat.com/height-evolution-in-the-nba,2026-09-19,HIGH-MEDIUM,Position labels are era-conventional; RunRepeat notes incomplete data pre-1951/52 for some series
1986,1985-86,1980s,avg_height_by_position,PF,6'8.9'',80.9,inches,https://runrepeat.com/height-evolution-in-the-nba,2026-09-19,HIGH-MEDIUM,Position labels are era-conventional; RunRepeat notes incomplete data pre-1951/52 for some series
1986,1985-86,1980s,avg_height_by_position,C,6'11'',83.0,inches,https://runrepeat.com/height-evolution-in-the-nba,2026-09-19,HIGH-MEDIUM,Position labels are era-conventional; RunRepeat notes incomplete data pre-1951/52 for some series
1987,1986-87,1980s,avg_height_league,,6'7.04'',79.04,inches,https://runrepeat.com/height-evolution-in-the-nba,2026-09-19,HIGH,Unweighted mean listed height of players with season record; RunRepeat table 'Average height in the NBA by season'
1987,1986-87,1980s,avg_weight_league,,208,208.0,lbs,https://runrepeat.com/height-evolution-in-the-nba,2026-09-19,HIGH,RunRepeat table 'Average weight in the NBA by season'; blank 1950–51 in source omitted
1987,1986-87,1980s,avg_height_rookies,,6'7.1'',79.1,inches,https://runrepeat.com/height-evolution-in-the-nba,2026-09-19,HIGH,RunRepeat table 'Average rookie height in the NBA'
1987,1986-87,1980s,avg_height_by_position,PG,6'2.4'',74.4,inches,https://runrepeat.com/height-evolution-in-the-nba,2026-09-19,HIGH-MEDIUM,Position labels are era-conventional; RunRepeat notes incomplete data pre-1951/52 for some series
1987,1986-87,1980s,avg_height_by_position,SG,6'4.6'',76.6,inches,https://runrepeat.com/height-evolution-in-the-nba,2026-09-19,HIGH-MEDIUM,Position labels are era-conventional; RunRepeat notes incomplete data pre-1951/52 for some series
1987,1986-87,1980s,avg_height_by_position,SF,6'7.0'',79.0,inches,https://runrepeat.com/height-evolution-in-the-nba,2026-09-19,HIGH-MEDIUM,Position labels are era-conventional; RunRepeat notes incomplete data pre-1951/52 for some series
1987,1986-87,1980s,avg_height_by_position,PF,6'9.2'',81.2,inches,https://runrepeat.com/height-evolution-in-the-nba,2026-09-19,HIGH-MEDIUM,Position labels are era-conventional; RunRepeat notes incomplete data pre-1951/52 for some series
1987,1986-87,1980s,avg_height_by_position,C,6'11'',83.0,inches,https://runrepeat.com/height-evolution-in-the-nba,2026-09-19,HIGH-MEDIUM,Position labels are era-conventional; RunRepeat notes incomplete data pre-1951/52 for some series
1988,1987-88,1980s,avg_height_league,,6'7.02'',79.02,inches,https://runrepeat.com/height-evolution-in-the-nba,2026-09-19,HIGH,Unweighted mean listed height of players with season record; RunRepeat table 'Average height in the NBA by season'
1988,1987-88,1980s,avg_weight_league,,208,208.0,lbs,https://runrepeat.com/height-evolution-in-the-nba,2026-09-19,HIGH,RunRepeat table 'Average weight in the NBA by season'; blank 1950–51 in source omitted
1988,1987-88,1980s,avg_height_rookies,,6'6.4'',78.4,inches,https://runrepeat.com/height-evolution-in-the-nba,2026-09-19,HIGH,RunRepeat table 'Average rookie height in the NBA'
1988,1987-88,1980s,avg_height_by_position,PG,6'1.8'',73.8,inches,https://runrepeat.com/height-evolution-in-the-nba,2026-09-19,HIGH-MEDIUM,Position labels are era-conventional; RunRepeat notes incomplete data pre-1951/52 for some series
1988,1987-88,1980s,avg_height_by_position,SG,6'4.7'',76.7,inches,https://runrepeat.com/height-evolution-in-the-nba,2026-09-19,HIGH-MEDIUM,Position labels are era-conventional; RunRepeat notes incomplete data pre-1951/52 for some series
1988,1987-88,1980s,avg_height_by_position,SF,6'7.3'',79.3,inches,https://runrepeat.com/height-evolution-in-the-nba,2026-09-19,HIGH-MEDIUM,Position labels are era-conventional; RunRepeat notes incomplete data pre-1951/52 for some series
1988,1987-88,1980s,avg_height_by_position,PF,6'9.2'',81.2,inches,https://runrepeat.com/height-evolution-in-the-nba,2026-09-19,HIGH-MEDIUM,Position labels are era-conventional; RunRepeat notes incomplete data pre-1951/52 for some series
1988,1987-88,1980s,avg_height_by_position,C,6'11'',83.0,inches,https://runrepeat.com/height-evolution-in-the-nba,2026-09-19,HIGH-MEDIUM,Position labels are era-conventional; RunRepeat notes incomplete data pre-1951/52 for some series
1989,1988-89,1980s,avg_height_league,,6'6.93'',78.93,inches,https://runrepeat.com/height-evolution-in-the-nba,2026-09-19,HIGH,Unweighted mean listed height of players with season record; RunRepeat table 'Average height in the NBA by season'
1989,1988-89,1980s,avg_weight_league,,209,209.0,lbs,https://runrepeat.com/height-evolution-in-the-nba,2026-09-19,HIGH,RunRepeat table 'Average weight in the NBA by season'; blank 1950–51 in source omitted
1989,1988-89,1980s,avg_height_rookies,,6'6.5'',78.5,inches,https://runrepeat.com/height-evolution-in-the-nba,2026-09-19,HIGH,RunRepeat table 'Average rookie height in the NBA'
1989,1988-89,1980s,avg_height_by_position,PG,6'2.0'',74.0,inches,https://runrepeat.com/height-evolution-in-the-nba,2026-09-19,HIGH-MEDIUM,Position labels are era-conventional; RunRepeat notes incomplete data pre-1951/52 for some series
1989,1988-89,1980s,avg_height_by_position,SG,6'4.4'',76.4,inches,https://runrepeat.com/height-evolution-in-the-nba,2026-09-19,HIGH-MEDIUM,Position labels are era-conventional; RunRepeat notes incomplete data pre-1951/52 for some series
1989,1988-89,1980s,avg_height_by_position,SF,6'7.1'',79.1,inches,https://runrepeat.com/height-evolution-in-the-nba,2026-09-19,HIGH-MEDIUM,Position labels are era-conventional; RunRepeat notes incomplete data pre-1951/52 for some series
1989,1988-89,1980s,avg_height_by_position,PF,6'9.0'',81.0,inches,https://runrepeat.com/height-evolution-in-the-nba,2026-09-19,HIGH-MEDIUM,Position labels are era-conventional; RunRepeat notes incomplete data pre-1951/52 for some series
1989,1988-89,1980s,avg_height_by_position,C,6'11'',83.0,inches,https://runrepeat.com/height-evolution-in-the-nba,2026-09-19,HIGH-MEDIUM,Position labels are era-conventional; RunRepeat notes incomplete data pre-1951/52 for some series
1990,1989-90,1990s,avg_height_league,,6'6.81'',78.81,inches,https://runrepeat.com/height-evolution-in-the-nba,2026-09-19,HIGH,Unweighted mean listed height of players with season record; RunRepeat table 'Average height in the NBA by season'
1990,1989-90,1990s,avg_weight_league,,208,208.0,lbs,https://runrepeat.com/height-evolution-in-the-nba,2026-09-19,HIGH,RunRepeat table 'Average weight in the NBA by season'; blank 1950–51 in source omitted
1990,1989-90,1990s,avg_height_rookies,,6'6.1'',78.1,inches,https://runrepeat.com/height-evolution-in-the-nba,2026-09-19,HIGH,RunRepeat table 'Average rookie height in the NBA'
1990,1989-90,1990s,avg_height_by_position,PG,6'1.4'',73.4,inches,https://runrepeat.com/height-evolution-in-the-nba,2026-09-19,HIGH-MEDIUM,Position labels are era-conventional; RunRepeat notes incomplete data pre-1951/52 for some series
1990,1989-90,1990s,avg_height_by_position,SG,6'4.7'',76.7,inches,https://runrepeat.com/height-evolution-in-the-nba,2026-09-19,HIGH-MEDIUM,Position labels are era-conventional; RunRepeat notes incomplete data pre-1951/52 for some series
1990,1989-90,1990s,avg_height_by_position,SF,6'7.1'',79.1,inches,https://runrepeat.com/height-evolution-in-the-nba,2026-09-19,HIGH-MEDIUM,Position labels are era-conventional; RunRepeat notes incomplete data pre-1951/52 for some series
1990,1989-90,1990s,avg_height_by_position,PF,6'9.1'',81.1,inches,https://runrepeat.com/height-evolution-in-the-nba,2026-09-19,HIGH-MEDIUM,Position labels are era-conventional; RunRepeat notes incomplete data pre-1951/52 for some series
1990,1989-90,1990s,avg_height_by_position,C,6'11'',83.0,inches,https://runrepeat.com/height-evolution-in-the-nba,2026-09-19,HIGH-MEDIUM,Position labels are era-conventional; RunRepeat notes incomplete data pre-1951/52 for some series
1991,1990-91,1990s,avg_height_league,,6'6.95'',78.95,inches,https://runrepeat.com/height-evolution-in-the-nba,2026-09-19,HIGH,Unweighted mean listed height of players with season record; RunRepeat table 'Average height in the NBA by season'
1991,1990-91,1990s,avg_weight_league,,210,210.0,lbs,https://runrepeat.com/height-evolution-in-the-nba,2026-09-19,HIGH,RunRepeat table 'Average weight in the NBA by season'; blank 1950–51 in source omitted
1991,1990-91,1990s,avg_height_rookies,,6'7.2'',79.2,inches,https://runrepeat.com/height-evolution-in-the-nba,2026-09-19,HIGH,RunRepeat table 'Average rookie height in the NBA'
1991,1990-91,1990s,avg_height_by_position,PG,6'1.7'',73.7,inches,https://runrepeat.com/height-evolution-in-the-nba,2026-09-19,HIGH-MEDIUM,Position labels are era-conventional; RunRepeat notes incomplete data pre-1951/52 for some series
1991,1990-91,1990s,avg_height_by_position,SG,6'4.7'',76.7,inches,https://runrepeat.com/height-evolution-in-the-nba,2026-09-19,HIGH-MEDIUM,Position labels are era-conventional; RunRepeat notes incomplete data pre-1951/52 for some series
1991,1990-91,1990s,avg_height_by_position,SF,6'6.9'',78.9,inches,https://runrepeat.com/height-evolution-in-the-nba,2026-09-19,HIGH-MEDIUM,Position labels are era-conventional; RunRepeat notes incomplete data pre-1951/52 for some series
1991,1990-91,1990s,avg_height_by_position,PF,6'9.1'',81.1,inches,https://runrepeat.com/height-evolution-in-the-nba,2026-09-19,HIGH-MEDIUM,Position labels are era-conventional; RunRepeat notes incomplete data pre-1951/52 for some series
1991,1990-91,1990s,avg_height_by_position,C,6'11'',83.0,inches,https://runrepeat.com/height-evolution-in-the-nba,2026-09-19,HIGH-MEDIUM,Position labels are era-conventional; RunRepeat notes incomplete data pre-1951/52 for some series
1992,1991-92,1990s,avg_height_league,,6'6.65'',78.65,inches,https://runrepeat.com/height-evolution-in-the-nba,2026-09-19,HIGH,Unweighted mean listed height of players with season record; RunRepeat table 'Average height in the NBA by season'
1992,1991-92,1990s,avg_weight_league,,209,209.0,lbs,https://runrepeat.com/height-evolution-in-the-nba,2026-09-19,HIGH,RunRepeat table 'Average weight in the NBA by season'; blank 1950–51 in source omitted
1992,1991-92,1990s,avg_height_rookies,,6'5.9'',77.9,inches,https://runrepeat.com/height-evolution-in-the-nba,2026-09-19,HIGH,RunRepeat table 'Average rookie height in the NBA'
1992,1991-92,1990s,avg_height_by_position,PG,6'1.3'',73.3,inches,https://runrepeat.com/height-evolution-in-the-nba,2026-09-19,HIGH-MEDIUM,Position labels are era-conventional; RunRepeat notes incomplete data pre-1951/52 for some series
1992,1991-92,1990s,avg_height_by_position,SG,6'4.6'',76.6,inches,https://runrepeat.com/height-evolution-in-the-nba,2026-09-19,HIGH-MEDIUM,Position labels are era-conventional; RunRepeat notes incomplete data pre-1951/52 for some series
1992,1991-92,1990s,avg_height_by_position,SF,6'7.0'',79.0,inches,https://runrepeat.com/height-evolution-in-the-nba,2026-09-19,HIGH-MEDIUM,Position labels are era-conventional; RunRepeat notes incomplete data pre-1951/52 for some series
1992,1991-92,1990s,avg_height_by_position,PF,6'9.1'',81.1,inches,https://runrepeat.com/height-evolution-in-the-nba,2026-09-19,HIGH-MEDIUM,Position labels are era-conventional; RunRepeat notes incomplete data pre-1951/52 for some series
1992,1991-92,1990s,avg_height_by_position,C,6'11'',83.0,inches,https://runrepeat.com/height-evolution-in-the-nba,2026-09-19,HIGH-MEDIUM,Position labels are era-conventional; RunRepeat notes incomplete data pre-1951/52 for some series
1993,1992-93,1990s,avg_height_league,,6'6.90'',78.9,inches,https://runrepeat.com/height-evolution-in-the-nba,2026-09-19,HIGH,Unweighted mean listed height of players with season record; RunRepeat table 'Average height in the NBA by season'
1993,1992-93,1990s,avg_weight_league,,212,212.0,lbs,https://runrepeat.com/height-evolution-in-the-nba,2026-09-19,HIGH,RunRepeat table 'Average weight in the NBA by season'; blank 1950–51 in source omitted
1993,1992-93,1990s,avg_height_rookies,,6'6.5'',78.5,inches,https://runrepeat.com/height-evolution-in-the-nba,2026-09-19,HIGH,RunRepeat table 'Average rookie height in the NBA'
1993,1992-93,1990s,avg_height_by_position,PG,6'1.1'',73.1,inches,https://runrepeat.com/height-evolution-in-the-nba,2026-09-19,HIGH-MEDIUM,Position labels are era-conventional; RunRepeat notes incomplete data pre-1951/52 for some series
1993,1992-93,1990s,avg_height_by_position,SG,6'4.7'',76.7,inches,https://runrepeat.com/height-evolution-in-the-nba,2026-09-19,HIGH-MEDIUM,Position labels are era-conventional; RunRepeat notes incomplete data pre-1951/52 for some series
1993,1992-93,1990s,avg_height_by_position,SF,6'7.1'',79.1,inches,https://runrepeat.com/height-evolution-in-the-nba,2026-09-19,HIGH-MEDIUM,Position labels are era-conventional; RunRepeat notes incomplete data pre-1951/52 for some series
1993,1992-93,1990s,avg_height_by_position,PF,6'9.0'',81.0,inches,https://runrepeat.com/height-evolution-in-the-nba,2026-09-19,HIGH-MEDIUM,Position labels are era-conventional; RunRepeat notes incomplete data pre-1951/52 for some series
1993,1992-93,1990s,avg_height_by_position,C,6'11'',83.0,inches,https://runrepeat.com/height-evolution-in-the-nba,2026-09-19,HIGH-MEDIUM,Position labels are era-conventional; RunRepeat notes incomplete data pre-1951/52 for some series
1994,1993-94,1990s,avg_height_league,,6'7.05'',79.05,inches,https://runrepeat.com/height-evolution-in-the-nba,2026-09-19,HIGH,Unweighted mean listed height of players with season record; RunRepeat table 'Average height in the NBA by season'
1994,1993-94,1990s,avg_weight_league,,213,213.0,lbs,https://runrepeat.com/height-evolution-in-the-nba,2026-09-19,HIGH,RunRepeat table 'Average weight in the NBA by season'; blank 1950–51 in source omitted
1994,1993-94,1990s,avg_height_rookies,,6'7.4'',79.4,inches,https://runrepeat.com/height-evolution-in-the-nba,2026-09-19,HIGH,RunRepeat table 'Average rookie height in the NBA'
1994,1993-94,1990s,avg_height_by_position,PG,6'1.2'',73.2,inches,https://runrepeat.com/height-evolution-in-the-nba,2026-09-19,HIGH-MEDIUM,Position labels are era-conventional; RunRepeat notes incomplete data pre-1951/52 for some series
1994,1993-94,1990s,avg_height_by_position,SG,6'4.7'',76.7,inches,https://runrepeat.com/height-evolution-in-the-nba,2026-09-19,HIGH-MEDIUM,Position labels are era-conventional; RunRepeat notes incomplete data pre-1951/52 for some series
1994,1993-94,1990s,avg_height_by_position,SF,6'7.4'',79.4,inches,https://runrepeat.com/height-evolution-in-the-nba,2026-09-19,HIGH-MEDIUM,Position labels are era-conventional; RunRepeat notes incomplete data pre-1951/52 for some series
1994,1993-94,1990s,avg_height_by_position,PF,6'9.0'',81.0,inches,https://runrepeat.com/height-evolution-in-the-nba,2026-09-19,HIGH-MEDIUM,Position labels are era-conventional; RunRepeat notes incomplete data pre-1951/52 for some series
1994,1993-94,1990s,avg_height_by_position,C,6'11'',83.0,inches,https://runrepeat.com/height-evolution-in-the-nba,2026-09-19,HIGH-MEDIUM,Position labels are era-conventional; RunRepeat notes incomplete data pre-1951/52 for some series
1995,1994-95,1990s,avg_height_league,,6'6.78'',78.78,inches,https://runrepeat.com/height-evolution-in-the-nba,2026-09-19,HIGH,Unweighted mean listed height of players with season record; RunRepeat table 'Average height in the NBA by season'
1995,1994-95,1990s,avg_weight_league,,212,212.0,lbs,https://runrepeat.com/height-evolution-in-the-nba,2026-09-19,HIGH,RunRepeat table 'Average weight in the NBA by season'; blank 1950–51 in source omitted
1995,1994-95,1990s,avg_height_rookies,,6'6.5'',78.5,inches,https://runrepeat.com/height-evolution-in-the-nba,2026-09-19,HIGH,RunRepeat table 'Average rookie height in the NBA'
1995,1994-95,1990s,avg_height_by_position,PG,6'1.4'',73.4,inches,https://runrepeat.com/height-evolution-in-the-nba,2026-09-19,HIGH-MEDIUM,Position labels are era-conventional; RunRepeat notes incomplete data pre-1951/52 for some series
1995,1994-95,1990s,avg_height_by_position,SG,6'4.9'',76.9,inches,https://runrepeat.com/height-evolution-in-the-nba,2026-09-19,HIGH-MEDIUM,Position labels are era-conventional; RunRepeat notes incomplete data pre-1951/52 for some series
1995,1994-95,1990s,avg_height_by_position,SF,6'7.4'',79.4,inches,https://runrepeat.com/height-evolution-in-the-nba,2026-09-19,HIGH-MEDIUM,Position labels are era-conventional; RunRepeat notes incomplete data pre-1951/52 for some series
1995,1994-95,1990s,avg_height_by_position,PF,6'9.1'',81.1,inches,https://runrepeat.com/height-evolution-in-the-nba,2026-09-19,HIGH-MEDIUM,Position labels are era-conventional; RunRepeat notes incomplete data pre-1951/52 for some series
1995,1994-95,1990s,avg_height_by_position,C,6'11'',83.0,inches,https://runrepeat.com/height-evolution-in-the-nba,2026-09-19,HIGH-MEDIUM,Position labels are era-conventional; RunRepeat notes incomplete data pre-1951/52 for some series
1996,1995-96,1990s,avg_height_league,,6'6.90'',78.9,inches,https://runrepeat.com/height-evolution-in-the-nba,2026-09-19,HIGH,Unweighted mean listed height of players with season record; RunRepeat table 'Average height in the NBA by season'
1996,1995-96,1990s,avg_weight_league,,214,214.0,lbs,https://runrepeat.com/height-evolution-in-the-nba,2026-09-19,HIGH,RunRepeat table 'Average weight in the NBA by season'; blank 1950–51 in source omitted
1996,1995-96,1990s,avg_height_rookies,,6'6.8'',78.8,inches,https://runrepeat.com/height-evolution-in-the-nba,2026-09-19,HIGH,RunRepeat table 'Average rookie height in the NBA'
1996,1995-96,1990s,avg_height_by_position,PG,6'1.1'',73.1,inches,https://runrepeat.com/height-evolution-in-the-nba,2026-09-19,HIGH-MEDIUM,Position labels are era-conventional; RunRepeat notes incomplete data pre-1951/52 for some series
1996,1995-96,1990s,avg_height_by_position,SG,6'5.0'',77.0,inches,https://runrepeat.com/height-evolution-in-the-nba,2026-09-19,HIGH-MEDIUM,Position labels are era-conventional; RunRepeat notes incomplete data pre-1951/52 for some series
1996,1995-96,1990s,avg_height_by_position,SF,6'7.3'',79.3,inches,https://runrepeat.com/height-evolution-in-the-nba,2026-09-19,HIGH-MEDIUM,Position labels are era-conventional; RunRepeat notes incomplete data pre-1951/52 for some series
1996,1995-96,1990s,avg_height_by_position,PF,6'9.0'',81.0,inches,https://runrepeat.com/height-evolution-in-the-nba,2026-09-19,HIGH-MEDIUM,Position labels are era-conventional; RunRepeat notes incomplete data pre-1951/52 for some series
1996,1995-96,1990s,avg_height_by_position,C,6'11'',83.0,inches,https://runrepeat.com/height-evolution-in-the-nba,2026-09-19,HIGH-MEDIUM,Position labels are era-conventional; RunRepeat notes incomplete data pre-1951/52 for some series
1997,1996-97,1990s,avg_height_league,,6'6.94'',78.94,inches,https://runrepeat.com/height-evolution-in-the-nba,2026-09-19,HIGH,Unweighted mean listed height of players with season record; RunRepeat table 'Average height in the NBA by season'
1997,1996-97,1990s,avg_weight_league,,215,215.0,lbs,https://runrepeat.com/height-evolution-in-the-nba,2026-09-19,HIGH,RunRepeat table 'Average weight in the NBA by season'; blank 1950–51 in source omitted
1997,1996-97,1990s,avg_height_rookies,,6'6.8'',78.8,inches,https://runrepeat.com/height-evolution-in-the-nba,2026-09-19,HIGH,RunRepeat table 'Average rookie height in the NBA'
1997,1996-97,1990s,avg_height_by_position,PG,6'1.6'',73.6,inches,https://runrepeat.com/height-evolution-in-the-nba,2026-09-19,HIGH-MEDIUM,Position labels are era-conventional; RunRepeat notes incomplete data pre-1951/52 for some series
1997,1996-97,1990s,avg_height_by_position,SG,6'4.8'',76.8,inches,https://runrepeat.com/height-evolution-in-the-nba,2026-09-19,HIGH-MEDIUM,Position labels are era-conventional; RunRepeat notes incomplete data pre-1951/52 for some series
1997,1996-97,1990s,avg_height_by_position,SF,6'7.3'',79.3,inches,https://runrepeat.com/height-evolution-in-the-nba,2026-09-19,HIGH-MEDIUM,Position labels are era-conventional; RunRepeat notes incomplete data pre-1951/52 for some series
1997,1996-97,1990s,avg_height_by_position,PF,6'9.1'',81.1,inches,https://runrepeat.com/height-evolution-in-the-nba,2026-09-19,HIGH-MEDIUM,Position labels are era-conventional; RunRepeat notes incomplete data pre-1951/52 for some series
1997,1996-97,1990s,avg_height_by_position,C,6'11'',83.0,inches,https://runrepeat.com/height-evolution-in-the-nba,2026-09-19,HIGH-MEDIUM,Position labels are era-conventional; RunRepeat notes incomplete data pre-1951/52 for some series
1998,1997-98,1990s,avg_height_league,,6'6.73'',78.73,inches,https://runrepeat.com/height-evolution-in-the-nba,2026-09-19,HIGH,Unweighted mean listed height of players with season record; RunRepeat table 'Average height in the NBA by season'
1998,1997-98,1990s,avg_weight_league,,214,214.0,lbs,https://runrepeat.com/height-evolution-in-the-nba,2026-09-19,HIGH,RunRepeat table 'Average weight in the NBA by season'; blank 1950–51 in source omitted
1998,1997-98,1990s,avg_height_rookies,,6'6.7'',78.7,inches,https://runrepeat.com/height-evolution-in-the-nba,2026-09-19,HIGH,RunRepeat table 'Average rookie height in the NBA'
1998,1997-98,1990s,avg_height_by_position,PG,6'1.2'',73.2,inches,https://runrepeat.com/height-evolution-in-the-nba,2026-09-19,HIGH-MEDIUM,Position labels are era-conventional; RunRepeat notes incomplete data pre-1951/52 for some series
1998,1997-98,1990s,avg_height_by_position,SG,6'4.8'',76.8,inches,https://runrepeat.com/height-evolution-in-the-nba,2026-09-19,HIGH-MEDIUM,Position labels are era-conventional; RunRepeat notes incomplete data pre-1951/52 for some series
1998,1997-98,1990s,avg_height_by_position,SF,6'7.4'',79.4,inches,https://runrepeat.com/height-evolution-in-the-nba,2026-09-19,HIGH-MEDIUM,Position labels are era-conventional; RunRepeat notes incomplete data pre-1951/52 for some series
1998,1997-98,1990s,avg_height_by_position,PF,6'9.0'',81.0,inches,https://runrepeat.com/height-evolution-in-the-nba,2026-09-19,HIGH-MEDIUM,Position labels are era-conventional; RunRepeat notes incomplete data pre-1951/52 for some series
1998,1997-98,1990s,avg_height_by_position,C,6'11'',83.0,inches,https://runrepeat.com/height-evolution-in-the-nba,2026-09-19,HIGH-MEDIUM,Position labels are era-conventional; RunRepeat notes incomplete data pre-1951/52 for some series
1999,1998-99,1990s,avg_height_league,,6'6.85'',78.85,inches,https://runrepeat.com/height-evolution-in-the-nba,2026-09-19,HIGH,Unweighted mean listed height of players with season record; RunRepeat table 'Average height in the NBA by season'
1999,1998-99,1990s,avg_weight_league,,216,216.0,lbs,https://runrepeat.com/height-evolution-in-the-nba,2026-09-19,HIGH,RunRepeat table 'Average weight in the NBA by season'; blank 1950–51 in source omitted
1999,1998-99,1990s,avg_height_rookies,,6'6.9'',78.9,inches,https://runrepeat.com/height-evolution-in-the-nba,2026-09-19,HIGH,RunRepeat table 'Average rookie height in the NBA'
1999,1998-99,1990s,avg_height_by_position,PG,6'1.4'',73.4,inches,https://runrepeat.com/height-evolution-in-the-nba,2026-09-19,HIGH-MEDIUM,Position labels are era-conventional; RunRepeat notes incomplete data pre-1951/52 for some series
1999,1998-99,1990s,avg_height_by_position,SG,6'4.9'',76.9,inches,https://runrepeat.com/height-evolution-in-the-nba,2026-09-19,HIGH-MEDIUM,Position labels are era-conventional; RunRepeat notes incomplete data pre-1951/52 for some series
1999,1998-99,1990s,avg_height_by_position,SF,6'7.4'',79.4,inches,https://runrepeat.com/height-evolution-in-the-nba,2026-09-19,HIGH-MEDIUM,Position labels are era-conventional; RunRepeat notes incomplete data pre-1951/52 for some series
1999,1998-99,1990s,avg_height_by_position,PF,6'9.1'',81.1,inches,https://runrepeat.com/height-evolution-in-the-nba,2026-09-19,HIGH-MEDIUM,Position labels are era-conventional; RunRepeat notes incomplete data pre-1951/52 for some series
1999,1998-99,1990s,avg_height_by_position,C,6'11'',83.0,inches,https://runrepeat.com/height-evolution-in-the-nba,2026-09-19,HIGH-MEDIUM,Position labels are era-conventional; RunRepeat notes incomplete data pre-1951/52 for some series
2000,1999-00,2000s,avg_height_league,,6'6.93'',78.93,inches,https://runrepeat.com/height-evolution-in-the-nba,2026-09-19,HIGH,Unweighted mean listed height of players with season record; RunRepeat table 'Average height in the NBA by season'
2000,1999-00,2000s,avg_weight_league,,216,216.0,lbs,https://runrepeat.com/height-evolution-in-the-nba,2026-09-19,HIGH,RunRepeat table 'Average weight in the NBA by season'; blank 1950–51 in source omitted
2000,1999-00,2000s,avg_height_rookies,,6'6.5'',78.5,inches,https://runrepeat.com/height-evolution-in-the-nba,2026-09-19,HIGH,RunRepeat table 'Average rookie height in the NBA'
2000,1999-00,2000s,avg_height_by_position,PG,6'1.7'',73.7,inches,https://runrepeat.com/height-evolution-in-the-nba,2026-09-19,HIGH-MEDIUM,Position labels are era-conventional; RunRepeat notes incomplete data pre-1951/52 for some series
2000,1999-00,2000s,avg_height_by_position,SG,6'5.0'',77.0,inches,https://runrepeat.com/height-evolution-in-the-nba,2026-09-19,HIGH-MEDIUM,Position labels are era-conventional; RunRepeat notes incomplete data pre-1951/52 for some series
2000,1999-00,2000s,avg_height_by_position,SF,6'7.6'',79.6,inches,https://runrepeat.com/height-evolution-in-the-nba,2026-09-19,HIGH-MEDIUM,Position labels are era-conventional; RunRepeat notes incomplete data pre-1951/52 for some series
2000,1999-00,2000s,avg_height_by_position,PF,6'9.0'',81.0,inches,https://runrepeat.com/height-evolution-in-the-nba,2026-09-19,HIGH-MEDIUM,Position labels are era-conventional; RunRepeat notes incomplete data pre-1951/52 for some series
2000,1999-00,2000s,avg_height_by_position,C,6'11'',83.0,inches,https://runrepeat.com/height-evolution-in-the-nba,2026-09-19,HIGH-MEDIUM,Position labels are era-conventional; RunRepeat notes incomplete data pre-1951/52 for some series
2001,2000-01,2000s,avg_height_league,,6'6.90'',78.9,inches,https://runrepeat.com/height-evolution-in-the-nba,2026-09-19,HIGH,Unweighted mean listed height of players with season record; RunRepeat table 'Average height in the NBA by season'
2001,2000-01,2000s,avg_weight_league,,217,217.0,lbs,https://runrepeat.com/height-evolution-in-the-nba,2026-09-19,HIGH,RunRepeat table 'Average weight in the NBA by season'; blank 1950–51 in source omitted
2001,2000-01,2000s,avg_height_rookies,,6'7.8'',79.8,inches,https://runrepeat.com/height-evolution-in-the-nba,2026-09-19,HIGH,RunRepeat table 'Average rookie height in the NBA'
2001,2000-01,2000s,avg_height_by_position,PG,6'1.9'',73.9,inches,https://runrepeat.com/height-evolution-in-the-nba,2026-09-19,HIGH-MEDIUM,Position labels are era-conventional; RunRepeat notes incomplete data pre-1951/52 for some series
2001,2000-01,2000s,avg_height_by_position,SG,6'5.0'',77.0,inches,https://runrepeat.com/height-evolution-in-the-nba,2026-09-19,HIGH-MEDIUM,Position labels are era-conventional; RunRepeat notes incomplete data pre-1951/52 for some series
2001,2000-01,2000s,avg_height_by_position,SF,6'7.7'',79.7,inches,https://runrepeat.com/height-evolution-in-the-nba,2026-09-19,HIGH-MEDIUM,Position labels are era-conventional; RunRepeat notes incomplete data pre-1951/52 for some series
2001,2000-01,2000s,avg_height_by_position,PF,6'9.1'',81.1,inches,https://runrepeat.com/height-evolution-in-the-nba,2026-09-19,HIGH-MEDIUM,Position labels are era-conventional; RunRepeat notes incomplete data pre-1951/52 for some series
2001,2000-01,2000s,avg_height_by_position,C,6'11'',83.0,inches,https://runrepeat.com/height-evolution-in-the-nba,2026-09-19,HIGH-MEDIUM,Position labels are era-conventional; RunRepeat notes incomplete data pre-1951/52 for some series
2002,2001-02,2000s,avg_height_league,,6'6.93'',78.93,inches,https://runrepeat.com/height-evolution-in-the-nba,2026-09-19,HIGH,Unweighted mean listed height of players with season record; RunRepeat table 'Average height in the NBA by season'
2002,2001-02,2000s,avg_weight_league,,219,219.0,lbs,https://runrepeat.com/height-evolution-in-the-nba,2026-09-19,HIGH,RunRepeat table 'Average weight in the NBA by season'; blank 1950–51 in source omitted
2002,2001-02,2000s,avg_height_rookies,,6'7.4'',79.4,inches,https://runrepeat.com/height-evolution-in-the-nba,2026-09-19,HIGH,RunRepeat table 'Average rookie height in the NBA'
2002,2001-02,2000s,avg_height_by_position,PG,6'1.6'',73.6,inches,https://runrepeat.com/height-evolution-in-the-nba,2026-09-19,HIGH-MEDIUM,Position labels are era-conventional; RunRepeat notes incomplete data pre-1951/52 for some series
2002,2001-02,2000s,avg_height_by_position,SG,6'4.8'',76.8,inches,https://runrepeat.com/height-evolution-in-the-nba,2026-09-19,HIGH-MEDIUM,Position labels are era-conventional; RunRepeat notes incomplete data pre-1951/52 for some series
2002,2001-02,2000s,avg_height_by_position,SF,6'7.7'',79.7,inches,https://runrepeat.com/height-evolution-in-the-nba,2026-09-19,HIGH-MEDIUM,Position labels are era-conventional; RunRepeat notes incomplete data pre-1951/52 for some series
2002,2001-02,2000s,avg_height_by_position,PF,6'9.1'',81.1,inches,https://runrepeat.com/height-evolution-in-the-nba,2026-09-19,HIGH-MEDIUM,Position labels are era-conventional; RunRepeat notes incomplete data pre-1951/52 for some series
2002,2001-02,2000s,avg_height_by_position,C,6'11'',83.0,inches,https://runrepeat.com/height-evolution-in-the-nba,2026-09-19,HIGH-MEDIUM,Position labels are era-conventional; RunRepeat notes incomplete data pre-1951/52 for some series
2003,2002-03,2000s,avg_height_league,,6'7.17'',79.17,inches,https://runrepeat.com/height-evolution-in-the-nba,2026-09-19,HIGH,Unweighted mean listed height of players with season record; RunRepeat table 'Average height in the NBA by season'
2003,2002-03,2000s,avg_weight_league,,220,220.0,lbs,https://runrepeat.com/height-evolution-in-the-nba,2026-09-19,HIGH,RunRepeat table 'Average weight in the NBA by season'; blank 1950–51 in source omitted
2003,2002-03,2000s,avg_height_rookies,,6'7.2'',79.2,inches,https://runrepeat.com/height-evolution-in-the-nba,2026-09-19,HIGH,RunRepeat table 'Average rookie height in the NBA'
2003,2002-03,2000s,avg_height_by_position,PG,6'2.0'',74.0,inches,https://runrepeat.com/height-evolution-in-the-nba,2026-09-19,HIGH-MEDIUM,Position labels are era-conventional; RunRepeat notes incomplete data pre-1951/52 for some series
2003,2002-03,2000s,avg_height_by_position,SG,6'5.2'',77.2,inches,https://runrepeat.com/height-evolution-in-the-nba,2026-09-19,HIGH-MEDIUM,Position labels are era-conventional; RunRepeat notes incomplete data pre-1951/52 for some series
2003,2002-03,2000s,avg_height_by_position,SF,6'7.9'',79.9,inches,https://runrepeat.com/height-evolution-in-the-nba,2026-09-19,HIGH-MEDIUM,Position labels are era-conventional; RunRepeat notes incomplete data pre-1951/52 for some series
2003,2002-03,2000s,avg_height_by_position,PF,6'9.3'',81.3,inches,https://runrepeat.com/height-evolution-in-the-nba,2026-09-19,HIGH-MEDIUM,Position labels are era-conventional; RunRepeat notes incomplete data pre-1951/52 for some series
2003,2002-03,2000s,avg_height_by_position,C,6'11'',83.0,inches,https://runrepeat.com/height-evolution-in-the-nba,2026-09-19,HIGH-MEDIUM,Position labels are era-conventional; RunRepeat notes incomplete data pre-1951/52 for some series
2004,2003-04,2000s,avg_height_league,,6'7.20'',79.2,inches,https://runrepeat.com/height-evolution-in-the-nba,2026-09-19,HIGH,Unweighted mean listed height of players with season record; RunRepeat table 'Average height in the NBA by season'
2004,2003-04,2000s,avg_weight_league,,220,220.0,lbs,https://runrepeat.com/height-evolution-in-the-nba,2026-09-19,HIGH,RunRepeat table 'Average weight in the NBA by season'; blank 1950–51 in source omitted
2004,2003-04,2000s,avg_height_rookies,,6'7.0'',79.0,inches,https://runrepeat.com/height-evolution-in-the-nba,2026-09-19,HIGH,RunRepeat table 'Average rookie height in the NBA'
2004,2003-04,2000s,avg_height_by_position,PG,6'1.9'',73.9,inches,https://runrepeat.com/height-evolution-in-the-nba,2026-09-19,HIGH-MEDIUM,Position labels are era-conventional; RunRepeat notes incomplete data pre-1951/52 for some series
2004,2003-04,2000s,avg_height_by_position,SG,6'4.9'',76.9,inches,https://runrepeat.com/height-evolution-in-the-nba,2026-09-19,HIGH-MEDIUM,Position labels are era-conventional; RunRepeat notes incomplete data pre-1951/52 for some series
2004,2003-04,2000s,avg_height_by_position,SF,6'7.6'',79.6,inches,https://runrepeat.com/height-evolution-in-the-nba,2026-09-19,HIGH-MEDIUM,Position labels are era-conventional; RunRepeat notes incomplete data pre-1951/52 for some series
2004,2003-04,2000s,avg_height_by_position,PF,6'9.3'',81.3,inches,https://runrepeat.com/height-evolution-in-the-nba,2026-09-19,HIGH-MEDIUM,Position labels are era-conventional; RunRepeat notes incomplete data pre-1951/52 for some series
2004,2003-04,2000s,avg_height_by_position,C,6'11'',83.0,inches,https://runrepeat.com/height-evolution-in-the-nba,2026-09-19,HIGH-MEDIUM,Position labels are era-conventional; RunRepeat notes incomplete data pre-1951/52 for some series
2005,2004-05,2000s,avg_height_league,,6'7.13'',79.13,inches,https://runrepeat.com/height-evolution-in-the-nba,2026-09-19,HIGH,Unweighted mean listed height of players with season record; RunRepeat table 'Average height in the NBA by season'
2005,2004-05,2000s,avg_weight_league,,221,221.0,lbs,https://runrepeat.com/height-evolution-in-the-nba,2026-09-19,HIGH,RunRepeat table 'Average weight in the NBA by season'; blank 1950–51 in source omitted
2005,2004-05,2000s,avg_height_rookies,,6'6.7'',78.7,inches,https://runrepeat.com/height-evolution-in-the-nba,2026-09-19,HIGH,RunRepeat table 'Average rookie height in the NBA'
2005,2004-05,2000s,avg_height_by_position,PG,6'1.8'',73.8,inches,https://runrepeat.com/height-evolution-in-the-nba,2026-09-19,HIGH-MEDIUM,Position labels are era-conventional; RunRepeat notes incomplete data pre-1951/52 for some series
2005,2004-05,2000s,avg_height_by_position,SG,6'5.1'',77.1,inches,https://runrepeat.com/height-evolution-in-the-nba,2026-09-19,HIGH-MEDIUM,Position labels are era-conventional; RunRepeat notes incomplete data pre-1951/52 for some series
2005,2004-05,2000s,avg_height_by_position,SF,6'7.6'',79.6,inches,https://runrepeat.com/height-evolution-in-the-nba,2026-09-19,HIGH-MEDIUM,Position labels are era-conventional; RunRepeat notes incomplete data pre-1951/52 for some series
2005,2004-05,2000s,avg_height_by_position,PF,6'9.4'',81.4,inches,https://runrepeat.com/height-evolution-in-the-nba,2026-09-19,HIGH-MEDIUM,Position labels are era-conventional; RunRepeat notes incomplete data pre-1951/52 for some series
2005,2004-05,2000s,avg_height_by_position,C,6'11'',83.0,inches,https://runrepeat.com/height-evolution-in-the-nba,2026-09-19,HIGH-MEDIUM,Position labels are era-conventional; RunRepeat notes incomplete data pre-1951/52 for some series
2006,2005-06,2000s,avg_height_league,,6'7.05'',79.05,inches,https://runrepeat.com/height-evolution-in-the-nba,2026-09-19,HIGH,Unweighted mean listed height of players with season record; RunRepeat table 'Average height in the NBA by season'
2006,2005-06,2000s,avg_weight_league,,221,221.0,lbs,https://runrepeat.com/height-evolution-in-the-nba,2026-09-19,HIGH,RunRepeat table 'Average weight in the NBA by season'; blank 1950–51 in source omitted
2006,2005-06,2000s,avg_height_rookies,,6'6.5'',78.5,inches,https://runrepeat.com/height-evolution-in-the-nba,2026-09-19,HIGH,RunRepeat table 'Average rookie height in the NBA'
2006,2005-06,2000s,avg_height_by_position,PG,6'1.9'',73.9,inches,https://runrepeat.com/height-evolution-in-the-nba,2026-09-19,HIGH-MEDIUM,Position labels are era-conventional; RunRepeat notes incomplete data pre-1951/52 for some series
2006,2005-06,2000s,avg_height_by_position,SG,6'5.0'',77.0,inches,https://runrepeat.com/height-evolution-in-the-nba,2026-09-19,HIGH-MEDIUM,Position labels are era-conventional; RunRepeat notes incomplete data pre-1951/52 for some series
2006,2005-06,2000s,avg_height_by_position,SF,6'7.7'',79.7,inches,https://runrepeat.com/height-evolution-in-the-nba,2026-09-19,HIGH-MEDIUM,Position labels are era-conventional; RunRepeat notes incomplete data pre-1951/52 for some series
2006,2005-06,2000s,avg_height_by_position,PF,6'9.3'',81.3,inches,https://runrepeat.com/height-evolution-in-the-nba,2026-09-19,HIGH-MEDIUM,Position labels are era-conventional; RunRepeat notes incomplete data pre-1951/52 for some series
2006,2005-06,2000s,avg_height_by_position,C,6'11'',83.0,inches,https://runrepeat.com/height-evolution-in-the-nba,2026-09-19,HIGH-MEDIUM,Position labels are era-conventional; RunRepeat notes incomplete data pre-1951/52 for some series
2007,2006-07,2000s,avg_height_league,,6'6.94'',78.94,inches,https://runrepeat.com/height-evolution-in-the-nba,2026-09-19,HIGH,Unweighted mean listed height of players with season record; RunRepeat table 'Average height in the NBA by season'
2007,2006-07,2000s,avg_weight_league,,221,221.0,lbs,https://runrepeat.com/height-evolution-in-the-nba,2026-09-19,HIGH,RunRepeat table 'Average weight in the NBA by season'; blank 1950–51 in source omitted
2007,2006-07,2000s,avg_height_rookies,,6'6.8'',78.8,inches,https://runrepeat.com/height-evolution-in-the-nba,2026-09-19,HIGH,RunRepeat table 'Average rookie height in the NBA'
2007,2006-07,2000s,avg_height_by_position,PG,6'1.6'',73.6,inches,https://runrepeat.com/height-evolution-in-the-nba,2026-09-19,HIGH-MEDIUM,Position labels are era-conventional; RunRepeat notes incomplete data pre-1951/52 for some series
2007,2006-07,2000s,avg_height_by_position,SG,6'5.1'',77.1,inches,https://runrepeat.com/height-evolution-in-the-nba,2026-09-19,HIGH-MEDIUM,Position labels are era-conventional; RunRepeat notes incomplete data pre-1951/52 for some series
2007,2006-07,2000s,avg_height_by_position,SF,6'7.3'',79.3,inches,https://runrepeat.com/height-evolution-in-the-nba,2026-09-19,HIGH-MEDIUM,Position labels are era-conventional; RunRepeat notes incomplete data pre-1951/52 for some series
2007,2006-07,2000s,avg_height_by_position,PF,6'9.1'',81.1,inches,https://runrepeat.com/height-evolution-in-the-nba,2026-09-19,HIGH-MEDIUM,Position labels are era-conventional; RunRepeat notes incomplete data pre-1951/52 for some series
2007,2006-07,2000s,avg_height_by_position,C,6'11'',83.0,inches,https://runrepeat.com/height-evolution-in-the-nba,2026-09-19,HIGH-MEDIUM,Position labels are era-conventional; RunRepeat notes incomplete data pre-1951/52 for some series
2008,2007-08,2000s,avg_height_league,,6'6.99'',78.99,inches,https://runrepeat.com/height-evolution-in-the-nba,2026-09-19,HIGH,Unweighted mean listed height of players with season record; RunRepeat table 'Average height in the NBA by season'
2008,2007-08,2000s,avg_weight_league,,220,220.0,lbs,https://runrepeat.com/height-evolution-in-the-nba,2026-09-19,HIGH,RunRepeat table 'Average weight in the NBA by season'; blank 1950–51 in source omitted
2008,2007-08,2000s,avg_height_rookies,,6'7.4'',79.4,inches,https://runrepeat.com/height-evolution-in-the-nba,2026-09-19,HIGH,RunRepeat table 'Average rookie height in the NBA'
2008,2007-08,2000s,avg_height_by_position,PG,6'1.7'',73.7,inches,https://runrepeat.com/height-evolution-in-the-nba,2026-09-19,HIGH-MEDIUM,Position labels are era-conventional; RunRepeat notes incomplete data pre-1951/52 for some series
2008,2007-08,2000s,avg_height_by_position,SG,6'5.1'',77.1,inches,https://runrepeat.com/height-evolution-in-the-nba,2026-09-19,HIGH-MEDIUM,Position labels are era-conventional; RunRepeat notes incomplete data pre-1951/52 for some series
2008,2007-08,2000s,avg_height_by_position,SF,6'7.4'',79.4,inches,https://runrepeat.com/height-evolution-in-the-nba,2026-09-19,HIGH-MEDIUM,Position labels are era-conventional; RunRepeat notes incomplete data pre-1951/52 for some series
2008,2007-08,2000s,avg_height_by_position,PF,6'9.0'',81.0,inches,https://runrepeat.com/height-evolution-in-the-nba,2026-09-19,HIGH-MEDIUM,Position labels are era-conventional; RunRepeat notes incomplete data pre-1951/52 for some series
2008,2007-08,2000s,avg_height_by_position,C,6'11'',83.0,inches,https://runrepeat.com/height-evolution-in-the-nba,2026-09-19,HIGH-MEDIUM,Position labels are era-conventional; RunRepeat notes incomplete data pre-1951/52 for some series
2009,2008-09,2000s,avg_height_league,,6'7.12'',79.12,inches,https://runrepeat.com/height-evolution-in-the-nba,2026-09-19,HIGH,Unweighted mean listed height of players with season record; RunRepeat table 'Average height in the NBA by season'
2009,2008-09,2000s,avg_weight_league,,221,221.0,lbs,https://runrepeat.com/height-evolution-in-the-nba,2026-09-19,HIGH,RunRepeat table 'Average weight in the NBA by season'; blank 1950–51 in source omitted
2009,2008-09,2000s,avg_height_rookies,,6'7.2'',79.2,inches,https://runrepeat.com/height-evolution-in-the-nba,2026-09-19,HIGH,RunRepeat table 'Average rookie height in the NBA'
2009,2008-09,2000s,avg_height_by_position,PG,6'2.0'',74.0,inches,https://runrepeat.com/height-evolution-in-the-nba,2026-09-19,HIGH-MEDIUM,Position labels are era-conventional; RunRepeat notes incomplete data pre-1951/52 for some series
2009,2008-09,2000s,avg_height_by_position,SG,6'5.3'',77.3,inches,https://runrepeat.com/height-evolution-in-the-nba,2026-09-19,HIGH-MEDIUM,Position labels are era-conventional; RunRepeat notes incomplete data pre-1951/52 for some series
2009,2008-09,2000s,avg_height_by_position,SF,6'7.5'',79.5,inches,https://runrepeat.com/height-evolution-in-the-nba,2026-09-19,HIGH-MEDIUM,Position labels are era-conventional; RunRepeat notes incomplete data pre-1951/52 for some series
2009,2008-09,2000s,avg_height_by_position,PF,6'9.2'',81.2,inches,https://runrepeat.com/height-evolution-in-the-nba,2026-09-19,HIGH-MEDIUM,Position labels are era-conventional; RunRepeat notes incomplete data pre-1951/52 for some series
2009,2008-09,2000s,avg_height_by_position,C,6'11'',83.0,inches,https://runrepeat.com/height-evolution-in-the-nba,2026-09-19,HIGH-MEDIUM,Position labels are era-conventional; RunRepeat notes incomplete data pre-1951/52 for some series
2010,2009-10,2010s,avg_height_league,,6'6.98'',78.98,inches,https://runrepeat.com/height-evolution-in-the-nba,2026-09-19,HIGH,Unweighted mean listed height of players with season record; RunRepeat table 'Average height in the NBA by season'
2010,2009-10,2010s,avg_weight_league,,221,221.0,lbs,https://runrepeat.com/height-evolution-in-the-nba,2026-09-19,HIGH,RunRepeat table 'Average weight in the NBA by season'; blank 1950–51 in source omitted
2010,2009-10,2010s,avg_height_rookies,,6'5.6'',77.6,inches,https://runrepeat.com/height-evolution-in-the-nba,2026-09-19,HIGH,RunRepeat table 'Average rookie height in the NBA'
2010,2009-10,2010s,avg_height_by_position,PG,6'1.9'',73.9,inches,https://runrepeat.com/height-evolution-in-the-nba,2026-09-19,HIGH-MEDIUM,Position labels are era-conventional; RunRepeat notes incomplete data pre-1951/52 for some series
2010,2009-10,2010s,avg_height_by_position,SG,6'5.3'',77.3,inches,https://runrepeat.com/height-evolution-in-the-nba,2026-09-19,HIGH-MEDIUM,Position labels are era-conventional; RunRepeat notes incomplete data pre-1951/52 for some series
2010,2009-10,2010s,avg_height_by_position,SF,6'7.5'',79.5,inches,https://runrepeat.com/height-evolution-in-the-nba,2026-09-19,HIGH-MEDIUM,Position labels are era-conventional; RunRepeat notes incomplete data pre-1951/52 for some series
2010,2009-10,2010s,avg_height_by_position,PF,6'9.1'',81.1,inches,https://runrepeat.com/height-evolution-in-the-nba,2026-09-19,HIGH-MEDIUM,Position labels are era-conventional; RunRepeat notes incomplete data pre-1951/52 for some series
2010,2009-10,2010s,avg_height_by_position,C,6'11'',83.0,inches,https://runrepeat.com/height-evolution-in-the-nba,2026-09-19,HIGH-MEDIUM,Position labels are era-conventional; RunRepeat notes incomplete data pre-1951/52 for some series
2011,2010-11,2010s,avg_height_league,,6'7.12'',79.12,inches,https://runrepeat.com/height-evolution-in-the-nba,2026-09-19,HIGH,Unweighted mean listed height of players with season record; RunRepeat table 'Average height in the NBA by season'
2011,2010-11,2010s,avg_weight_league,,223,223.0,lbs,https://runrepeat.com/height-evolution-in-the-nba,2026-09-19,HIGH,RunRepeat table 'Average weight in the NBA by season'; blank 1950–51 in source omitted
2011,2010-11,2010s,avg_height_rookies,,6'7.4'',79.4,inches,https://runrepeat.com/height-evolution-in-the-nba,2026-09-19,HIGH,RunRepeat table 'Average rookie height in the NBA'
2011,2010-11,2010s,avg_height_by_position,PG,6'1.8'',73.8,inches,https://runrepeat.com/height-evolution-in-the-nba,2026-09-19,HIGH-MEDIUM,Position labels are era-conventional; RunRepeat notes incomplete data pre-1951/52 for some series
2011,2010-11,2010s,avg_height_by_position,SG,6'5.3'',77.3,inches,https://runrepeat.com/height-evolution-in-the-nba,2026-09-19,HIGH-MEDIUM,Position labels are era-conventional; RunRepeat notes incomplete data pre-1951/52 for some series
2011,2010-11,2010s,avg_height_by_position,SF,6'7.7'',79.7,inches,https://runrepeat.com/height-evolution-in-the-nba,2026-09-19,HIGH-MEDIUM,Position labels are era-conventional; RunRepeat notes incomplete data pre-1951/52 for some series
2011,2010-11,2010s,avg_height_by_position,PF,6'9.2'',81.2,inches,https://runrepeat.com/height-evolution-in-the-nba,2026-09-19,HIGH-MEDIUM,Position labels are era-conventional; RunRepeat notes incomplete data pre-1951/52 for some series
2011,2010-11,2010s,avg_height_by_position,C,6'11'',83.0,inches,https://runrepeat.com/height-evolution-in-the-nba,2026-09-19,HIGH-MEDIUM,Position labels are era-conventional; RunRepeat notes incomplete data pre-1951/52 for some series
2012,2011-12,2010s,avg_height_league,,6'6.94'',78.94,inches,https://runrepeat.com/height-evolution-in-the-nba,2026-09-19,HIGH,Unweighted mean listed height of players with season record; RunRepeat table 'Average height in the NBA by season'
2012,2011-12,2010s,avg_weight_league,,222,222.0,lbs,https://runrepeat.com/height-evolution-in-the-nba,2026-09-19,HIGH,RunRepeat table 'Average weight in the NBA by season'; blank 1950–51 in source omitted
2012,2011-12,2010s,avg_height_rookies,,6'6.0'',78.0,inches,https://runrepeat.com/height-evolution-in-the-nba,2026-09-19,HIGH,RunRepeat table 'Average rookie height in the NBA'
2012,2011-12,2010s,avg_height_by_position,PG,6'1.7'',73.7,inches,https://runrepeat.com/height-evolution-in-the-nba,2026-09-19,HIGH-MEDIUM,Position labels are era-conventional; RunRepeat notes incomplete data pre-1951/52 for some series
2012,2011-12,2010s,avg_height_by_position,SG,6'5.1'',77.1,inches,https://runrepeat.com/height-evolution-in-the-nba,2026-09-19,HIGH-MEDIUM,Position labels are era-conventional; RunRepeat notes incomplete data pre-1951/52 for some series
2012,2011-12,2010s,avg_height_by_position,SF,6'7.4'',79.4,inches,https://runrepeat.com/height-evolution-in-the-nba,2026-09-19,HIGH-MEDIUM,Position labels are era-conventional; RunRepeat notes incomplete data pre-1951/52 for some series
2012,2011-12,2010s,avg_height_by_position,PF,6'9.2'',81.2,inches,https://runrepeat.com/height-evolution-in-the-nba,2026-09-19,HIGH-MEDIUM,Position labels are era-conventional; RunRepeat notes incomplete data pre-1951/52 for some series
2012,2011-12,2010s,avg_height_by_position,C,6'10'',82.0,inches,https://runrepeat.com/height-evolution-in-the-nba,2026-09-19,HIGH-MEDIUM,Position labels are era-conventional; RunRepeat notes incomplete data pre-1951/52 for some series
2013,2012-13,2010s,avg_height_league,,6'6.86'',78.86,inches,https://runrepeat.com/height-evolution-in-the-nba,2026-09-19,HIGH,Unweighted mean listed height of players with season record; RunRepeat table 'Average height in the NBA by season'
2013,2012-13,2010s,avg_weight_league,,222,222.0,lbs,https://runrepeat.com/height-evolution-in-the-nba,2026-09-19,HIGH,RunRepeat table 'Average weight in the NBA by season'; blank 1950–51 in source omitted
2013,2012-13,2010s,avg_height_rookies,,6'6.8'',78.8,inches,https://runrepeat.com/height-evolution-in-the-nba,2026-09-19,HIGH,RunRepeat table 'Average rookie height in the NBA'
2013,2012-13,2010s,avg_height_by_position,PG,6'1.9'',73.9,inches,https://runrepeat.com/height-evolution-in-the-nba,2026-09-19,HIGH-MEDIUM,Position labels are era-conventional; RunRepeat notes incomplete data pre-1951/52 for some series
2013,2012-13,2010s,avg_height_by_position,SG,6'4.6'',76.6,inches,https://runrepeat.com/height-evolution-in-the-nba,2026-09-19,HIGH-MEDIUM,Position labels are era-conventional; RunRepeat notes incomplete data pre-1951/52 for some series
2013,2012-13,2010s,avg_height_by_position,SF,6'7.5'',79.5,inches,https://runrepeat.com/height-evolution-in-the-nba,2026-09-19,HIGH-MEDIUM,Position labels are era-conventional; RunRepeat notes incomplete data pre-1951/52 for some series
2013,2012-13,2010s,avg_height_by_position,PF,6'9.2'',81.2,inches,https://runrepeat.com/height-evolution-in-the-nba,2026-09-19,HIGH-MEDIUM,Position labels are era-conventional; RunRepeat notes incomplete data pre-1951/52 for some series
2013,2012-13,2010s,avg_height_by_position,C,6'10'',82.0,inches,https://runrepeat.com/height-evolution-in-the-nba,2026-09-19,HIGH-MEDIUM,Position labels are era-conventional; RunRepeat notes incomplete data pre-1951/52 for some series
2014,2013-14,2010s,avg_height_league,,6'6.84'',78.84,inches,https://runrepeat.com/height-evolution-in-the-nba,2026-09-19,HIGH,Unweighted mean listed height of players with season record; RunRepeat table 'Average height in the NBA by season'
2014,2013-14,2010s,avg_weight_league,,222,222.0,lbs,https://runrepeat.com/height-evolution-in-the-nba,2026-09-19,HIGH,RunRepeat table 'Average weight in the NBA by season'; blank 1950–51 in source omitted
2014,2013-14,2010s,avg_height_rookies,,6'6.6'',78.6,inches,https://runrepeat.com/height-evolution-in-the-nba,2026-09-19,HIGH,RunRepeat table 'Average rookie height in the NBA'
2014,2013-14,2010s,avg_height_by_position,PG,6'2.0'',74.0,inches,https://runrepeat.com/height-evolution-in-the-nba,2026-09-19,HIGH-MEDIUM,Position labels are era-conventional; RunRepeat notes incomplete data pre-1951/52 for some series
2014,2013-14,2010s,avg_height_by_position,SG,6'4.6'',76.6,inches,https://runrepeat.com/height-evolution-in-the-nba,2026-09-19,HIGH-MEDIUM,Position labels are era-conventional; RunRepeat notes incomplete data pre-1951/52 for some series
2014,2013-14,2010s,avg_height_by_position,SF,6'7.5'',79.5,inches,https://runrepeat.com/height-evolution-in-the-nba,2026-09-19,HIGH-MEDIUM,Position labels are era-conventional; RunRepeat notes incomplete data pre-1951/52 for some series
2014,2013-14,2010s,avg_height_by_position,PF,6'9.2'',81.2,inches,https://runrepeat.com/height-evolution-in-the-nba,2026-09-19,HIGH-MEDIUM,Position labels are era-conventional; RunRepeat notes incomplete data pre-1951/52 for some series
2014,2013-14,2010s,avg_height_by_position,C,6'10'',82.0,inches,https://runrepeat.com/height-evolution-in-the-nba,2026-09-19,HIGH-MEDIUM,Position labels are era-conventional; RunRepeat notes incomplete data pre-1951/52 for some series
2015,2014-15,2010s,avg_height_league,,6'6.72'',78.72,inches,https://runrepeat.com/height-evolution-in-the-nba,2026-09-19,HIGH,Unweighted mean listed height of players with season record; RunRepeat table 'Average height in the NBA by season'
2015,2014-15,2010s,avg_weight_league,,220,220.0,lbs,https://runrepeat.com/height-evolution-in-the-nba,2026-09-19,HIGH,RunRepeat table 'Average weight in the NBA by season'; blank 1950–51 in source omitted
2015,2014-15,2010s,avg_height_rookies,,6'6.6'',78.6,inches,https://runrepeat.com/height-evolution-in-the-nba,2026-09-19,HIGH,RunRepeat table 'Average rookie height in the NBA'
2015,2014-15,2010s,avg_height_by_position,PG,6'1.9'',73.9,inches,https://runrepeat.com/height-evolution-in-the-nba,2026-09-19,HIGH-MEDIUM,Position labels are era-conventional; RunRepeat notes incomplete data pre-1951/52 for some series
2015,2014-15,2010s,avg_height_by_position,SG,6'4.9'',76.9,inches,https://runrepeat.com/height-evolution-in-the-nba,2026-09-19,HIGH-MEDIUM,Position labels are era-conventional; RunRepeat notes incomplete data pre-1951/52 for some series
2015,2014-15,2010s,avg_height_by_position,SF,6'7.7'',79.7,inches,https://runrepeat.com/height-evolution-in-the-nba,2026-09-19,HIGH-MEDIUM,Position labels are era-conventional; RunRepeat notes incomplete data pre-1951/52 for some series
2015,2014-15,2010s,avg_height_by_position,PF,6'9.2'',81.2,inches,https://runrepeat.com/height-evolution-in-the-nba,2026-09-19,HIGH-MEDIUM,Position labels are era-conventional; RunRepeat notes incomplete data pre-1951/52 for some series
2015,2014-15,2010s,avg_height_by_position,C,6'10'',82.0,inches,https://runrepeat.com/height-evolution-in-the-nba,2026-09-19,HIGH-MEDIUM,Position labels are era-conventional; RunRepeat notes incomplete data pre-1951/52 for some series
2016,2015-16,2010s,avg_height_league,,6'6.73'',78.73,inches,https://runrepeat.com/height-evolution-in-the-nba,2026-09-19,HIGH,Unweighted mean listed height of players with season record; RunRepeat table 'Average height in the NBA by season'
2016,2015-16,2010s,avg_weight_league,,221,221.0,lbs,https://runrepeat.com/height-evolution-in-the-nba,2026-09-19,HIGH,RunRepeat table 'Average weight in the NBA by season'; blank 1950–51 in source omitted
2016,2015-16,2010s,avg_height_rookies,,6'7.2'',79.2,inches,https://runrepeat.com/height-evolution-in-the-nba,2026-09-19,HIGH,RunRepeat table 'Average rookie height in the NBA'
2016,2015-16,2010s,avg_height_by_position,PG,6'2.2'',74.2,inches,https://runrepeat.com/height-evolution-in-the-nba,2026-09-19,HIGH-MEDIUM,Position labels are era-conventional; RunRepeat notes incomplete data pre-1951/52 for some series
2016,2015-16,2010s,avg_height_by_position,SG,6'4.7'',76.7,inches,https://runrepeat.com/height-evolution-in-the-nba,2026-09-19,HIGH-MEDIUM,Position labels are era-conventional; RunRepeat notes incomplete data pre-1951/52 for some series
2016,2015-16,2010s,avg_height_by_position,SF,6'7.1'',79.1,inches,https://runrepeat.com/height-evolution-in-the-nba,2026-09-19,HIGH-MEDIUM,Position labels are era-conventional; RunRepeat notes incomplete data pre-1951/52 for some series
2016,2015-16,2010s,avg_height_by_position,PF,6'9.1'',81.1,inches,https://runrepeat.com/height-evolution-in-the-nba,2026-09-19,HIGH-MEDIUM,Position labels are era-conventional; RunRepeat notes incomplete data pre-1951/52 for some series
2016,2015-16,2010s,avg_height_by_position,C,6'10'',82.0,inches,https://runrepeat.com/height-evolution-in-the-nba,2026-09-19,HIGH-MEDIUM,Position labels are era-conventional; RunRepeat notes incomplete data pre-1951/52 for some series
2017,2016-17,2010s,avg_height_league,,6'6.84'',78.84,inches,https://runrepeat.com/height-evolution-in-the-nba,2026-09-19,HIGH,Unweighted mean listed height of players with season record; RunRepeat table 'Average height in the NBA by season'
2017,2016-17,2010s,avg_weight_league,,220,220.0,lbs,https://runrepeat.com/height-evolution-in-the-nba,2026-09-19,HIGH,RunRepeat table 'Average weight in the NBA by season'; blank 1950–51 in source omitted
2017,2016-17,2010s,avg_height_rookies,,6'6.5'',78.5,inches,https://runrepeat.com/height-evolution-in-the-nba,2026-09-19,HIGH,RunRepeat table 'Average rookie height in the NBA'
2017,2016-17,2010s,avg_height_by_position,PG,6'2.1'',74.1,inches,https://runrepeat.com/height-evolution-in-the-nba,2026-09-19,HIGH-MEDIUM,Position labels are era-conventional; RunRepeat notes incomplete data pre-1951/52 for some series
2017,2016-17,2010s,avg_height_by_position,SG,6'4.9'',76.9,inches,https://runrepeat.com/height-evolution-in-the-nba,2026-09-19,HIGH-MEDIUM,Position labels are era-conventional; RunRepeat notes incomplete data pre-1951/52 for some series
2017,2016-17,2010s,avg_height_by_position,SF,6'7.1'',79.1,inches,https://runrepeat.com/height-evolution-in-the-nba,2026-09-19,HIGH-MEDIUM,Position labels are era-conventional; RunRepeat notes incomplete data pre-1951/52 for some series
2017,2016-17,2010s,avg_height_by_position,PF,6'9.1'',81.1,inches,https://runrepeat.com/height-evolution-in-the-nba,2026-09-19,HIGH-MEDIUM,Position labels are era-conventional; RunRepeat notes incomplete data pre-1951/52 for some series
2017,2016-17,2010s,avg_height_by_position,C,6'11'',83.0,inches,https://runrepeat.com/height-evolution-in-the-nba,2026-09-19,HIGH-MEDIUM,Position labels are era-conventional; RunRepeat notes incomplete data pre-1951/52 for some series
2018,2017-18,2010s,avg_height_league,,6'6.55'',78.55,inches,https://runrepeat.com/height-evolution-in-the-nba,2026-09-19,HIGH,Unweighted mean listed height of players with season record; RunRepeat table 'Average height in the NBA by season'
2018,2017-18,2010s,avg_weight_league,,217,217.0,lbs,https://runrepeat.com/height-evolution-in-the-nba,2026-09-19,HIGH,RunRepeat table 'Average weight in the NBA by season'; blank 1950–51 in source omitted
2018,2017-18,2010s,avg_height_rookies,,6'6.3'',78.3,inches,https://runrepeat.com/height-evolution-in-the-nba,2026-09-19,HIGH,RunRepeat table 'Average rookie height in the NBA'
2018,2017-18,2010s,avg_height_by_position,PG,6'2.2'',74.2,inches,https://runrepeat.com/height-evolution-in-the-nba,2026-09-19,HIGH-MEDIUM,Position labels are era-conventional; RunRepeat notes incomplete data pre-1951/52 for some series
2018,2017-18,2010s,avg_height_by_position,SG,6'4.8'',76.8,inches,https://runrepeat.com/height-evolution-in-the-nba,2026-09-19,HIGH-MEDIUM,Position labels are era-conventional; RunRepeat notes incomplete data pre-1951/52 for some series
2018,2017-18,2010s,avg_height_by_position,SF,6'7.1'',79.1,inches,https://runrepeat.com/height-evolution-in-the-nba,2026-09-19,HIGH-MEDIUM,Position labels are era-conventional; RunRepeat notes incomplete data pre-1951/52 for some series
2018,2017-18,2010s,avg_height_by_position,PF,6'8.9'',80.9,inches,https://runrepeat.com/height-evolution-in-the-nba,2026-09-19,HIGH-MEDIUM,Position labels are era-conventional; RunRepeat notes incomplete data pre-1951/52 for some series
2018,2017-18,2010s,avg_height_by_position,C,6'10'',82.0,inches,https://runrepeat.com/height-evolution-in-the-nba,2026-09-19,HIGH-MEDIUM,Position labels are era-conventional; RunRepeat notes incomplete data pre-1951/52 for some series
2019,2018-19,2010s,avg_height_league,,6'6.58'',78.58,inches,https://runrepeat.com/height-evolution-in-the-nba,2026-09-19,HIGH,Unweighted mean listed height of players with season record; RunRepeat table 'Average height in the NBA by season'
2019,2018-19,2010s,avg_weight_league,,217,217.0,lbs,https://runrepeat.com/height-evolution-in-the-nba,2026-09-19,HIGH,RunRepeat table 'Average weight in the NBA by season'; blank 1950–51 in source omitted
2019,2018-19,2010s,avg_height_rookies,,6'6.1'',78.1,inches,https://runrepeat.com/height-evolution-in-the-nba,2026-09-19,HIGH,RunRepeat table 'Average rookie height in the NBA'
2019,2018-19,2010s,avg_height_by_position,PG,6'2.5'',74.5,inches,https://runrepeat.com/height-evolution-in-the-nba,2026-09-19,HIGH-MEDIUM,Position labels are era-conventional; RunRepeat notes incomplete data pre-1951/52 for some series
2019,2018-19,2010s,avg_height_by_position,SG,6'4.7'',76.7,inches,https://runrepeat.com/height-evolution-in-the-nba,2026-09-19,HIGH-MEDIUM,Position labels are era-conventional; RunRepeat notes incomplete data pre-1951/52 for some series
2019,2018-19,2010s,avg_height_by_position,SF,6'7.0'',79.0,inches,https://runrepeat.com/height-evolution-in-the-nba,2026-09-19,HIGH-MEDIUM,Position labels are era-conventional; RunRepeat notes incomplete data pre-1951/52 for some series
2019,2018-19,2010s,avg_height_by_position,PF,6'8.9'',80.9,inches,https://runrepeat.com/height-evolution-in-the-nba,2026-09-19,HIGH-MEDIUM,Position labels are era-conventional; RunRepeat notes incomplete data pre-1951/52 for some series
2019,2018-19,2010s,avg_height_by_position,C,6'10'',82.0,inches,https://runrepeat.com/height-evolution-in-the-nba,2026-09-19,HIGH-MEDIUM,Position labels are era-conventional; RunRepeat notes incomplete data pre-1951/52 for some series
2020,2019-20,2020s,avg_height_league,,6'6.45'',78.45,inches,https://runrepeat.com/height-evolution-in-the-nba,2026-09-19,HIGH,Unweighted mean listed height of players with season record; RunRepeat table 'Average height in the NBA by season'
2020,2019-20,2020s,avg_weight_league,,216,216.0,lbs,https://runrepeat.com/height-evolution-in-the-nba,2026-09-19,HIGH,RunRepeat table 'Average weight in the NBA by season'; blank 1950–51 in source omitted
2020,2019-20,2020s,avg_height_rookies,,6'6.1'',78.1,inches,https://runrepeat.com/height-evolution-in-the-nba,2026-09-19,HIGH,RunRepeat table 'Average rookie height in the NBA'
2020,2019-20,2020s,avg_height_by_position,PG,6'2.4'',74.4,inches,https://runrepeat.com/height-evolution-in-the-nba,2026-09-19,HIGH-MEDIUM,Position labels are era-conventional; RunRepeat notes incomplete data pre-1951/52 for some series
2020,2019-20,2020s,avg_height_by_position,SG,6'4.5'',76.5,inches,https://runrepeat.com/height-evolution-in-the-nba,2026-09-19,HIGH-MEDIUM,Position labels are era-conventional; RunRepeat notes incomplete data pre-1951/52 for some series
2020,2019-20,2020s,avg_height_by_position,SF,6'6.9'',78.9,inches,https://runrepeat.com/height-evolution-in-the-nba,2026-09-19,HIGH-MEDIUM,Position labels are era-conventional; RunRepeat notes incomplete data pre-1951/52 for some series
2020,2019-20,2020s,avg_height_by_position,PF,6'8.4'',80.4,inches,https://runrepeat.com/height-evolution-in-the-nba,2026-09-19,HIGH-MEDIUM,Position labels are era-conventional; RunRepeat notes incomplete data pre-1951/52 for some series
2020,2019-20,2020s,avg_height_by_position,C,6'10'',82.0,inches,https://runrepeat.com/height-evolution-in-the-nba,2026-09-19,HIGH-MEDIUM,Position labels are era-conventional; RunRepeat notes incomplete data pre-1951/52 for some series
2021,2020-21,2020s,avg_height_league,,6'6.33'',78.33,inches,https://runrepeat.com/height-evolution-in-the-nba,2026-09-19,HIGH,Unweighted mean listed height of players with season record; RunRepeat table 'Average height in the NBA by season'
2021,2020-21,2020s,avg_weight_league,,217,217.0,lbs,https://runrepeat.com/height-evolution-in-the-nba,2026-09-19,HIGH,RunRepeat table 'Average weight in the NBA by season'; blank 1950–51 in source omitted
2021,2020-21,2020s,avg_height_rookies,,6'5.8'',77.8,inches,https://runrepeat.com/height-evolution-in-the-nba,2026-09-19,HIGH,RunRepeat table 'Average rookie height in the NBA'
2021,2020-21,2020s,avg_height_by_position,PG,6'2.4'',74.4,inches,https://runrepeat.com/height-evolution-in-the-nba,2026-09-19,HIGH-MEDIUM,Position labels are era-conventional; RunRepeat notes incomplete data pre-1951/52 for some series
2021,2020-21,2020s,avg_height_by_position,SG,6'4.3'',76.3,inches,https://runrepeat.com/height-evolution-in-the-nba,2026-09-19,HIGH-MEDIUM,Position labels are era-conventional; RunRepeat notes incomplete data pre-1951/52 for some series
2021,2020-21,2020s,avg_height_by_position,SF,6'6.6'',78.6,inches,https://runrepeat.com/height-evolution-in-the-nba,2026-09-19,HIGH-MEDIUM,Position labels are era-conventional; RunRepeat notes incomplete data pre-1951/52 for some series
2021,2020-21,2020s,avg_height_by_position,PF,6'8.3'',80.3,inches,https://runrepeat.com/height-evolution-in-the-nba,2026-09-19,HIGH-MEDIUM,Position labels are era-conventional; RunRepeat notes incomplete data pre-1951/52 for some series
2021,2020-21,2020s,avg_height_by_position,C,6'10'',82.0,inches,https://runrepeat.com/height-evolution-in-the-nba,2026-09-19,HIGH-MEDIUM,Position labels are era-conventional; RunRepeat notes incomplete data pre-1951/52 for some series
,,1940s,avg_height_league_decade_mean,,6'2.61'',74.61,inches,https://runrepeat.com/height-evolution-in-the-nba,2026-09-19,HIGH,DERIVED: arithmetic mean of RunRepeat seasonal league averages in decade (n=3 seasons); not published as such by RunRepeat
,,1950s,avg_height_league_decade_mean,,6'4.43'',76.43,inches,https://runrepeat.com/height-evolution-in-the-nba,2026-09-19,HIGH,DERIVED: arithmetic mean of RunRepeat seasonal league averages in decade (n=10 seasons); not published as such by RunRepeat
,,1960s,avg_height_league_decade_mean,,6'5.46'',77.46,inches,https://runrepeat.com/height-evolution-in-the-nba,2026-09-19,HIGH,DERIVED: arithmetic mean of RunRepeat seasonal league averages in decade (n=10 seasons); not published as such by RunRepeat
,,1970s,avg_height_league_decade_mean,,6'5.93'',77.93,inches,https://runrepeat.com/height-evolution-in-the-nba,2026-09-19,HIGH,DERIVED: arithmetic mean of RunRepeat seasonal league averages in decade (n=10 seasons); not published as such by RunRepeat
,,1980s,avg_height_league_decade_mean,,6'6.77'',78.77,inches,https://runrepeat.com/height-evolution-in-the-nba,2026-09-19,HIGH,DERIVED: arithmetic mean of RunRepeat seasonal league averages in decade (n=10 seasons); not published as such by RunRepeat
,,1990s,avg_height_league_decade_mean,,6'6.86'',78.86,inches,https://runrepeat.com/height-evolution-in-the-nba,2026-09-19,HIGH,DERIVED: arithmetic mean of RunRepeat seasonal league averages in decade (n=10 seasons); not published as such by RunRepeat
,,2000s,avg_height_league_decade_mean,,6'7.04'',79.04,inches,https://runrepeat.com/height-evolution-in-the-nba,2026-09-19,HIGH,DERIVED: arithmetic mean of RunRepeat seasonal league averages in decade (n=10 seasons); not published as such by RunRepeat
,,2010s,avg_height_league_decade_mean,,6'6.82'',78.82,inches,https://runrepeat.com/height-evolution-in-the-nba,2026-09-19,HIGH,DERIVED: arithmetic mean of RunRepeat seasonal league averages in decade (n=10 seasons); not published as such by RunRepeat
,,2020s,avg_height_league_decade_mean,,6'6.39'',78.39,inches,https://runrepeat.com/height-evolution-in-the-nba,2026-09-19,HIGH,DERIVED: arithmetic mean of RunRepeat seasonal league averages in decade (n=2 seasons); not published as such by RunRepeat
