name,hex,rgb_r,rgb_g,rgb_b,lrv,code,brand,line,source_url,dataset_url,access_date,notes
Luck,#363231,54,50,49,5,SG6B9,Dulux,Dulux Australia World of Colour (via shanmoorthy scrape of dulux.com.au),https://www.dulux.com.au/colour/luck,https://github.com/shanmoorthy/dulux-paint-colour-data,2026-09-20,RGB from public dataset; product page https://www.dulux.com.au/colour/luck; full corpus n=5032; seed subsample for ΔE matching
Dark Cavern,#3F3934,63,57,52,7,S11A9,Dulux,Dulux Australia World of Colour (via shanmoorthy scrape of dulux.com.au),https://www.dulux.com.au/colour/dark-cavern,https://github.com/shanmoorthy/dulux-paint-colour-data,2026-09-20,RGB from public dataset; product page https://www.dulux.com.au/colour/dark-cavern; full corpus n=5032; seed subsample for ΔE matching
Grounded Earth,#483F37,72,63,55,8,S15A9,Dulux,Dulux Australia World of Colour (via shanmoorthy scrape of dulux.com.au),https://www.dulux.com.au/colour/grounded-earth,https://github.com/shanmoorthy/dulux-paint-colour-data,2026-09-20,RGB from public dataset; product page https://www.dulux.com.au/colour/grounded-earth; full corpus n=5032; seed subsample for ΔE matching
China Brown,#51453A,81,69,58,9,S12C9,Dulux,Dulux Australia World of Colour (via shanmoorthy scrape of dulux.com.au),https://www.dulux.com.au/colour/china-brown,https://github.com/shanmoorthy/dulux-paint-colour-data,2026-09-20,RGB from public dataset; product page https://www.dulux.com.au/colour/china-brown; full corpus n=5032; seed subsample for ΔE matching
Wild Brumby,#574B47,87,75,71,11,S06B8,Dulux,Dulux Australia World of Colour (via shanmoorthy scrape of dulux.com.au),https://www.dulux.com.au/colour/wild-brumby,https://github.com/shanmoorthy/dulux-paint-colour-data,2026-09-20,RGB from public dataset; product page https://www.dulux.com.au/colour/wild-brumby; full corpus n=5032; seed subsample for ΔE matching
Pookie Bear,#81442F,129,68,47,12,S08D9,Dulux,Dulux Australia World of Colour (via shanmoorthy scrape of dulux.com.au),https://www.dulux.com.au/colour/pookie-bear,https://github.com/shanmoorthy/dulux-paint-colour-data,2026-09-20,RGB from public dataset; product page https://www.dulux.com.au/colour/pookie-bear; full corpus n=5032; seed subsample for ΔE matching
Burnt Earth,#9D4131,157,65,49,14,S06G9,Dulux,Dulux Australia World of Colour (via shanmoorthy scrape of dulux.com.au),https://www.dulux.com.au/colour/burnt-earth,https://github.com/shanmoorthy/dulux-paint-colour-data,2026-09-20,RGB from public dataset; product page https://www.dulux.com.au/colour/burnt-earth; full corpus n=5032; seed subsample for ΔE matching
Bull Ring,#6B5F5B,107,95,91,16,S06B7,Dulux,Dulux Australia World of Colour (via shanmoorthy scrape of dulux.com.au),https://www.dulux.com.au/colour/bull-ring,https://github.com/shanmoorthy/dulux-paint-colour-data,2026-09-20,RGB from public dataset; product page https://www.dulux.com.au/colour/bull-ring; full corpus n=5032; seed subsample for ΔE matching
Dark Rye,#905A36,144,90,54,17,S10E9,Dulux,Dulux Australia World of Colour (via shanmoorthy scrape of dulux.com.au),https://www.dulux.com.au/colour/dark-rye,https://github.com/shanmoorthy/dulux-paint-colour-data,2026-09-20,RGB from public dataset; product page https://www.dulux.com.au/colour/dark-rye; full corpus n=5032; seed subsample for ΔE matching
Black Rose,#776766,119,103,102,19,S04B6,Dulux,Dulux Australia World of Colour (via shanmoorthy scrape of dulux.com.au),https://www.dulux.com.au/colour/black-rose,https://github.com/shanmoorthy/dulux-paint-colour-data,2026-09-20,RGB from public dataset; product page https://www.dulux.com.au/colour/black-rose; full corpus n=5032; seed subsample for ΔE matching
Namibia,#7C6C61,124,108,97,20,S10B6,Dulux,Dulux Australia World of Colour (via shanmoorthy scrape of dulux.com.au),https://www.dulux.com.au/colour/namibia,https://github.com/shanmoorthy/dulux-paint-colour-data,2026-09-20,RGB from public dataset; product page https://www.dulux.com.au/colour/namibia; full corpus n=5032; seed subsample for ΔE matching
Redwood Forest,#906C5D,144,108,93,22,S08D7,Dulux,Dulux Australia World of Colour (via shanmoorthy scrape of dulux.com.au),https://www.dulux.com.au/colour/redwood-forest,https://github.com/shanmoorthy/dulux-paint-colour-data,2026-09-20,RGB from public dataset; product page https://www.dulux.com.au/colour/redwood-forest; full corpus n=5032; seed subsample for ΔE matching
Desert Boot,#A26E3B,162,110,59,23,S12F9,Dulux,Dulux Australia World of Colour (via shanmoorthy scrape of dulux.com.au),https://www.dulux.com.au/colour/desert-boot,https://github.com/shanmoorthy/dulux-paint-colour-data,2026-09-20,RGB from public dataset; product page https://www.dulux.com.au/colour/desert-boot; full corpus n=5032; seed subsample for ΔE matching
Miami Spice,#90796E,144,121,110,25,S08C6,Dulux,Dulux Australia World of Colour (via shanmoorthy scrape of dulux.com.au),https://www.dulux.com.au/colour/miami-spice,https://github.com/shanmoorthy/dulux-paint-colour-data,2026-09-20,RGB from public dataset; product page https://www.dulux.com.au/colour/miami-spice; full corpus n=5032; seed subsample for ΔE matching
Full Of Life,#DE592F,222,89,47,26,S09H8,Dulux,Dulux Australia World of Colour (via shanmoorthy scrape of dulux.com.au),https://www.dulux.com.au/colour/full-of-life,https://github.com/shanmoorthy/dulux-paint-colour-data,2026-09-20,RGB from public dataset; product page https://www.dulux.com.au/colour/full-of-life; full corpus n=5032; seed subsample for ΔE matching
Wine Crush,#96827D,150,130,125,28,S05C5,Dulux,Dulux Australia World of Colour (via shanmoorthy scrape of dulux.com.au),https://www.dulux.com.au/colour/wine-crush,https://github.com/shanmoorthy/dulux-paint-colour-data,2026-09-20,RGB from public dataset; product page https://www.dulux.com.au/colour/wine-crush; full corpus n=5032; seed subsample for ΔE matching
Raw Sunset,#F9562D,249,86,45,30,S07H7,Dulux,Dulux Australia World of Colour (via shanmoorthy scrape of dulux.com.au),https://www.dulux.com.au/colour/raw-sunset,https://github.com/shanmoorthy/dulux-paint-colour-data,2026-09-20,RGB from public dataset; product page https://www.dulux.com.au/colour/raw-sunset; full corpus n=5032; seed subsample for ΔE matching
Red Gravel,#B8846E,184,132,110,32,S08E6,Dulux,Dulux Australia World of Colour (via shanmoorthy scrape of dulux.com.au),https://www.dulux.com.au/colour/red-gravel,https://github.com/shanmoorthy/dulux-paint-colour-data,2026-09-20,RGB from public dataset; product page https://www.dulux.com.au/colour/red-gravel; full corpus n=5032; seed subsample for ΔE matching
Argyle Rose,#C48377,196,131,119,34,S06E6,Dulux,Dulux Australia World of Colour (via shanmoorthy scrape of dulux.com.au),https://www.dulux.com.au/colour/argyle-rose,https://github.com/shanmoorthy/dulux-paint-colour-data,2026-09-20,RGB from public dataset; product page https://www.dulux.com.au/colour/argyle-rose; full corpus n=5032; seed subsample for ΔE matching
Gold Fusion,#D48239,212,130,57,35,SB7C3,Dulux,Dulux Australia World of Colour (via shanmoorthy scrape of dulux.com.au),https://www.dulux.com.au/colour/gold-fusion,https://github.com/shanmoorthy/dulux-paint-colour-data,2026-09-20,RGB from public dataset; product page https://www.dulux.com.au/colour/gold-fusion; full corpus n=5032; seed subsample for ΔE matching
Turkish Bath,#BB917B,187,145,123,37,S09F4,Dulux,Dulux Australia World of Colour (via shanmoorthy scrape of dulux.com.au),https://www.dulux.com.au/colour/turkish-bath,https://github.com/shanmoorthy/dulux-paint-colour-data,2026-09-20,RGB from public dataset; product page https://www.dulux.com.au/colour/turkish-bath; full corpus n=5032; seed subsample for ΔE matching
Quince Paste,#EC892A,236,137,42,40,S10H8,Dulux,Dulux Australia World of Colour (via shanmoorthy scrape of dulux.com.au),https://www.dulux.com.au/colour/quince-paste,https://github.com/shanmoorthy/dulux-paint-colour-data,2026-09-20,RGB from public dataset; product page https://www.dulux.com.au/colour/quince-paste; full corpus n=5032; seed subsample for ΔE matching
Hot Calypso,#FA897C,250,137,124,43,S05H6,Dulux,Dulux Australia World of Colour (via shanmoorthy scrape of dulux.com.au),https://www.dulux.com.au/colour/hot-calypso,https://github.com/shanmoorthy/dulux-paint-colour-data,2026-09-20,RGB from public dataset; product page https://www.dulux.com.au/colour/hot-calypso; full corpus n=5032; seed subsample for ΔE matching
Primal,#CAA591,202,165,145,46,S09F3,Dulux,Dulux Australia World of Colour (via shanmoorthy scrape of dulux.com.au),https://www.dulux.com.au/colour/primal,https://github.com/shanmoorthy/dulux-paint-colour-data,2026-09-20,RGB from public dataset; product page https://www.dulux.com.au/colour/primal; full corpus n=5032; seed subsample for ΔE matching
Candy,#FF9787,255,151,135,49,S06H5,Dulux,Dulux Australia World of Colour (via shanmoorthy scrape of dulux.com.au),https://www.dulux.com.au/colour/candy,https://github.com/shanmoorthy/dulux-paint-colour-data,2026-09-20,RGB from public dataset; product page https://www.dulux.com.au/colour/candy; full corpus n=5032; seed subsample for ΔE matching
Naked Lady,#D6B2A9,214,178,169,53,S07D3,Dulux,Dulux Australia World of Colour (via shanmoorthy scrape of dulux.com.au),https://www.dulux.com.au/colour/naked-lady,https://github.com/shanmoorthy/dulux-paint-colour-data,2026-09-20,RGB from public dataset; product page https://www.dulux.com.au/colour/naked-lady; full corpus n=5032; seed subsample for ΔE matching
Blanched Driftwood,#CCBDB6,204,189,182,56,S07B2,Dulux,Dulux Australia World of Colour (via shanmoorthy scrape of dulux.com.au),https://www.dulux.com.au/colour/blanched-driftwood,https://github.com/shanmoorthy/dulux-paint-colour-data,2026-09-20,RGB from public dataset; product page https://www.dulux.com.au/colour/blanched-driftwood; full corpus n=5032; seed subsample for ΔE matching
Salmon Smoke,#D4BEBD,212,190,189,58,S04C2,Dulux,Dulux Australia World of Colour (via shanmoorthy scrape of dulux.com.au),https://www.dulux.com.au/colour/salmon-smoke,https://github.com/shanmoorthy/dulux-paint-colour-data,2026-09-20,RGB from public dataset; product page https://www.dulux.com.au/colour/salmon-smoke; full corpus n=5032; seed subsample for ΔE matching
Mexican Milk,#FFB6B2,255,182,178,62,S05H3,Dulux,Dulux Australia World of Colour (via shanmoorthy scrape of dulux.com.au),https://www.dulux.com.au/colour/mexican-milk,https://github.com/shanmoorthy/dulux-paint-colour-data,2026-09-20,RGB from public dataset; product page https://www.dulux.com.au/colour/mexican-milk; full corpus n=5032; seed subsample for ΔE matching
Snowpink,#F1C3C2,241,195,194,65,S05G2,Dulux,Dulux Australia World of Colour (via shanmoorthy scrape of dulux.com.au),https://www.dulux.com.au/colour/snowpink,https://github.com/shanmoorthy/dulux-paint-colour-data,2026-09-20,RGB from public dataset; product page https://www.dulux.com.au/colour/snowpink; full corpus n=5032; seed subsample for ΔE matching
Slightly Rose,#E5CECE,229,206,206,68,S04D1,Dulux,Dulux Australia World of Colour (via shanmoorthy scrape of dulux.com.au),https://www.dulux.com.au/colour/slightly-rose,https://github.com/shanmoorthy/dulux-paint-colour-data,2026-09-20,RGB from public dataset; product page https://www.dulux.com.au/colour/slightly-rose; full corpus n=5032; seed subsample for ΔE matching
Rose Romantic,#EED0CD,238,208,205,71,S06E1,Dulux,Dulux Australia World of Colour (via shanmoorthy scrape of dulux.com.au),https://www.dulux.com.au/colour/rose-romantic,https://github.com/shanmoorthy/dulux-paint-colour-data,2026-09-20,RGB from public dataset; product page https://www.dulux.com.au/colour/rose-romantic; full corpus n=5032; seed subsample for ΔE matching
Elusive,#FED4CF,254,212,207,75,S06F1,Dulux,Dulux Australia World of Colour (via shanmoorthy scrape of dulux.com.au),https://www.dulux.com.au/colour/elusive,https://github.com/shanmoorthy/dulux-paint-colour-data,2026-09-20,RGB from public dataset; product page https://www.dulux.com.au/colour/elusive; full corpus n=5032; seed subsample for ΔE matching
Ellen Quarter,#EFDED4,239,222,212,78,S09F1Q,Dulux,Dulux Australia World of Colour (via shanmoorthy scrape of dulux.com.au),https://www.dulux.com.au/colour/ellen-quarter,https://github.com/shanmoorthy/dulux-paint-colour-data,2026-09-20,RGB from public dataset; product page https://www.dulux.com.au/colour/ellen-quarter; full corpus n=5032; seed subsample for ΔE matching
Grey Colt,#3D3A35,61,58,53,7,S12A9,Dulux,Dulux Australia World of Colour (via shanmoorthy scrape of dulux.com.au),https://www.dulux.com.au/colour/grey-colt,https://github.com/shanmoorthy/dulux-paint-colour-data,2026-09-20,RGB from public dataset; product page https://www.dulux.com.au/colour/grey-colt; full corpus n=5032; seed subsample for ΔE matching
Beggar,#5A4C39,90,76,57,11,S14D9,Dulux,Dulux Australia World of Colour (via shanmoorthy scrape of dulux.com.au),https://www.dulux.com.au/colour/beggar,https://github.com/shanmoorthy/dulux-paint-colour-data,2026-09-20,RGB from public dataset; product page https://www.dulux.com.au/colour/beggar; full corpus n=5032; seed subsample for ΔE matching
Organic Balance,#635644,99,86,68,13,S15C8,Dulux,Dulux Australia World of Colour (via shanmoorthy scrape of dulux.com.au),https://www.dulux.com.au/colour/organic-balance,https://github.com/shanmoorthy/dulux-paint-colour-data,2026-09-20,RGB from public dataset; product page https://www.dulux.com.au/colour/organic-balance; full corpus n=5032; seed subsample for ΔE matching
Ploughed Earth,#6C6359,108,99,89,17,S14B7,Dulux,Dulux Australia World of Colour (via shanmoorthy scrape of dulux.com.au),https://www.dulux.com.au/colour/ploughed-earth,https://github.com/shanmoorthy/dulux-paint-colour-data,2026-09-20,RGB from public dataset; product page https://www.dulux.com.au/colour/ploughed-earth; full corpus n=5032; seed subsample for ΔE matching
Deep Bamboo,#826D58,130,109,88,21,S13D7,Dulux,Dulux Australia World of Colour (via shanmoorthy scrape of dulux.com.au),https://www.dulux.com.au/colour/deep-bamboo,https://github.com/shanmoorthy/dulux-paint-colour-data,2026-09-20,RGB from public dataset; product page https://www.dulux.com.au/colour/deep-bamboo; full corpus n=5032; seed subsample for ΔE matching
Mud Skipper,#897969,137,121,105,24,S11B6,Dulux,Dulux Australia World of Colour (via shanmoorthy scrape of dulux.com.au),https://www.dulux.com.au/colour/mud-skipper,https://github.com/shanmoorthy/dulux-paint-colour-data,2026-09-20,RGB from public dataset; product page https://www.dulux.com.au/colour/mud-skipper; full corpus n=5032; seed subsample for ΔE matching
Yellow Nile,#947E49,148,126,73,26,S16D8,Dulux,Dulux Australia World of Colour (via shanmoorthy scrape of dulux.com.au),https://www.dulux.com.au/colour/yellow-nile,https://github.com/shanmoorthy/dulux-paint-colour-data,2026-09-20,RGB from public dataset; product page https://www.dulux.com.au/colour/yellow-nile; full corpus n=5032; seed subsample for ΔE matching
Wheatmeal,#9E8050,158,128,80,28,S15E7,Dulux,Dulux Australia World of Colour (via shanmoorthy scrape of dulux.com.au),https://www.dulux.com.au/colour/wheatmeal,https://github.com/shanmoorthy/dulux-paint-colour-data,2026-09-20,RGB from public dataset; product page https://www.dulux.com.au/colour/wheatmeal; full corpus n=5032; seed subsample for ΔE matching
Delta Break,#978E47,151,142,71,31,S18E8,Dulux,Dulux Australia World of Colour (via shanmoorthy scrape of dulux.com.au),https://www.dulux.com.au/colour/delta-break,https://github.com/shanmoorthy/dulux-paint-colour-data,2026-09-20,RGB from public dataset; product page https://www.dulux.com.au/colour/delta-break; full corpus n=5032; seed subsample for ΔE matching
Sconce,#AE905D,174,144,93,34,S14E6,Dulux,Dulux Australia World of Colour (via shanmoorthy scrape of dulux.com.au),https://www.dulux.com.au/colour/sconce,https://github.com/shanmoorthy/dulux-paint-colour-data,2026-09-20,RGB from public dataset; product page https://www.dulux.com.au/colour/sconce; full corpus n=5032; seed subsample for ΔE matching
Charter Beige,#A0978C,160,151,140,36,SN3F8,Dulux,Dulux Australia World of Colour (via shanmoorthy scrape of dulux.com.au),https://www.dulux.com.au/colour/charter-beige,https://github.com/shanmoorthy/dulux-paint-colour-data,2026-09-20,RGB from public dataset; product page https://www.dulux.com.au/colour/charter-beige; full corpus n=5032; seed subsample for ΔE matching
Swamp Fox,#B79A69,183,154,105,39,S14E5,Dulux,Dulux Australia World of Colour (via shanmoorthy scrape of dulux.com.au),https://www.dulux.com.au/colour/swamp-fox,https://github.com/shanmoorthy/dulux-paint-colour-data,2026-09-20,RGB from public dataset; product page https://www.dulux.com.au/colour/swamp-fox; full corpus n=5032; seed subsample for ΔE matching
Midhirst,#A8A398,168,163,152,42,NZ9D5,Dulux,Dulux Australia World of Colour (via shanmoorthy scrape of dulux.com.au),https://www.dulux.com.au/colour/midhirst,https://github.com/shanmoorthy/dulux-paint-colour-data,2026-09-20,RGB from public dataset; product page https://www.dulux.com.au/colour/midhirst; full corpus n=5032; seed subsample for ΔE matching
Amazon Vine,#ABA997,171,169,151,44,S18A3,Dulux,Dulux Australia World of Colour (via shanmoorthy scrape of dulux.com.au),https://www.dulux.com.au/colour/amazon-vine,https://github.com/shanmoorthy/dulux-paint-colour-data,2026-09-20,RGB from public dataset; product page https://www.dulux.com.au/colour/amazon-vine; full corpus n=5032; seed subsample for ΔE matching
Grey Destiny,#B3ABA1,179,171,161,46,SN3F6,Dulux,Dulux Australia World of Colour (via shanmoorthy scrape of dulux.com.au),https://www.dulux.com.au/colour/grey-destiny,https://github.com/shanmoorthy/dulux-paint-colour-data,2026-09-20,RGB from public dataset; product page https://www.dulux.com.au/colour/grey-destiny; full corpus n=5032; seed subsample for ΔE matching
Baltic Beige,#B8B3A8,184,179,168,50,SN3B3,Dulux,Dulux Australia World of Colour (via shanmoorthy scrape of dulux.com.au),https://www.dulux.com.au/colour/baltic-beige,https://github.com/shanmoorthy/dulux-paint-colour-data,2026-09-20,RGB from public dataset; product page https://www.dulux.com.au/colour/baltic-beige; full corpus n=5032; seed subsample for ΔE matching
Soft Chamois,#DBB37A,219,179,122,53,S13F4,Dulux,Dulux Australia World of Colour (via shanmoorthy scrape of dulux.com.au),https://www.dulux.com.au/colour/soft-chamois,https://github.com/shanmoorthy/dulux-paint-colour-data,2026-09-20,RGB from public dataset; product page https://www.dulux.com.au/colour/soft-chamois; full corpus n=5032; seed subsample for ΔE matching
Linnet,#C3BBB3,195,187,179,55,S12B2,Dulux,Dulux Australia World of Colour (via shanmoorthy scrape of dulux.com.au),https://www.dulux.com.au/colour/linnet,https://github.com/shanmoorthy/dulux-paint-colour-data,2026-09-20,RGB from public dataset; product page https://www.dulux.com.au/colour/linnet; full corpus n=5032; seed subsample for ΔE matching
Vintage Beige,#C9BDAC,201,189,172,56,SN3G5,Dulux,Dulux Australia World of Colour (via shanmoorthy scrape of dulux.com.au),https://www.dulux.com.au/colour/vintage-beige,https://github.com/shanmoorthy/dulux-paint-colour-data,2026-09-20,RGB from public dataset; product page https://www.dulux.com.au/colour/vintage-beige; full corpus n=5032; seed subsample for ΔE matching
Russian Toffee,#D0C3AF,208,195,175,59,S14D2,Dulux,Dulux Australia World of Colour (via shanmoorthy scrape of dulux.com.au),https://www.dulux.com.au/colour/russian-toffee,https://github.com/shanmoorthy/dulux-paint-colour-data,2026-09-20,RGB from public dataset; product page https://www.dulux.com.au/colour/russian-toffee; full corpus n=5032; seed subsample for ΔE matching
Dancing Daisy,#EFC357,239,195,87,61,SB7A8,Dulux,Dulux Australia World of Colour (via shanmoorthy scrape of dulux.com.au),https://www.dulux.com.au/colour/dancing-daisy,https://github.com/shanmoorthy/dulux-paint-colour-data,2026-09-20,RGB from public dataset; product page https://www.dulux.com.au/colour/dancing-daisy; full corpus n=5032; seed subsample for ΔE matching
Bee Hall,#F1C664,241,198,100,64,S15G5,Dulux,Dulux Australia World of Colour (via shanmoorthy scrape of dulux.com.au),https://www.dulux.com.au/colour/bee-hall,https://github.com/shanmoorthy/dulux-paint-colour-data,2026-09-20,RGB from public dataset; product page https://www.dulux.com.au/colour/bee-hall; full corpus n=5032; seed subsample for ΔE matching
Male,#D9CDC1,217,205,193,66,S12C1,Dulux,Dulux Australia World of Colour (via shanmoorthy scrape of dulux.com.au),https://www.dulux.com.au/colour/male,https://github.com/shanmoorthy/dulux-paint-colour-data,2026-09-20,RGB from public dataset; product page https://www.dulux.com.au/colour/male; full corpus n=5032; seed subsample for ΔE matching
Kowloon,#E1D456,225,212,86,67,S18H6,Dulux,Dulux Australia World of Colour (via shanmoorthy scrape of dulux.com.au),https://www.dulux.com.au/colour/kowloon,https://github.com/shanmoorthy/dulux-paint-colour-data,2026-09-20,RGB from public dataset; product page https://www.dulux.com.au/colour/kowloon; full corpus n=5032; seed subsample for ΔE matching
Succulent,#DDDA65,221,218,101,69,S19H5,Dulux,Dulux Australia World of Colour (via shanmoorthy scrape of dulux.com.au),https://www.dulux.com.au/colour/succulent,https://github.com/shanmoorthy/dulux-paint-colour-data,2026-09-20,RGB from public dataset; product page https://www.dulux.com.au/colour/succulent; full corpus n=5032; seed subsample for ΔE matching
Glinks Gully Half,#E0D8CB,224,216,203,72,NZ9F7,Dulux,Dulux Australia World of Colour (via shanmoorthy scrape of dulux.com.au),https://www.dulux.com.au/colour/glinks-gully-half,https://github.com/shanmoorthy/dulux-paint-colour-data,2026-09-20,RGB from public dataset; product page https://www.dulux.com.au/colour/glinks-gully-half; full corpus n=5032; seed subsample for ΔE matching
Flaxen Fair,#E3DCBD,227,220,189,74,S16E1,Dulux,Dulux Australia World of Colour (via shanmoorthy scrape of dulux.com.au),https://www.dulux.com.au/colour/flaxen-fair,https://github.com/shanmoorthy/dulux-paint-colour-data,2026-09-20,RGB from public dataset; product page https://www.dulux.com.au/colour/flaxen-fair; full corpus n=5032; seed subsample for ΔE matching
Swedish Yellow,#FCDC81,252,220,129,76,S16H4,Dulux,Dulux Australia World of Colour (via shanmoorthy scrape of dulux.com.au),https://www.dulux.com.au/colour/swedish-yellow,https://github.com/shanmoorthy/dulux-paint-colour-data,2026-09-20,RGB from public dataset; product page https://www.dulux.com.au/colour/swedish-yellow; full corpus n=5032; seed subsample for ΔE matching
Tunisian Stone,#FFDBB5,255,219,181,78,S10H2,Dulux,Dulux Australia World of Colour (via shanmoorthy scrape of dulux.com.au),https://www.dulux.com.au/colour/tunisian-stone,https://github.com/shanmoorthy/dulux-paint-colour-data,2026-09-20,RGB from public dataset; product page https://www.dulux.com.au/colour/tunisian-stone; full corpus n=5032; seed subsample for ΔE matching
Lemon Delicious,#FCE398,252,227,152,80,S15H3,Dulux,Dulux Australia World of Colour (via shanmoorthy scrape of dulux.com.au),https://www.dulux.com.au/colour/lemon-delicious,https://github.com/shanmoorthy/dulux-paint-colour-data,2026-09-20,RGB from public dataset; product page https://www.dulux.com.au/colour/lemon-delicious; full corpus n=5032; seed subsample for ΔE matching
Sand Diamond,#F9E6BB,249,230,187,82,S15G1,Dulux,Dulux Australia World of Colour (via shanmoorthy scrape of dulux.com.au),https://www.dulux.com.au/colour/sand-diamond,https://github.com/shanmoorthy/dulux-paint-colour-data,2026-09-20,RGB from public dataset; product page https://www.dulux.com.au/colour/sand-diamond; full corpus n=5032; seed subsample for ΔE matching
Vanilla Frost,#FDE7C5,253,231,197,84,S11H1,Dulux,Dulux Australia World of Colour (via shanmoorthy scrape of dulux.com.au),https://www.dulux.com.au/colour/vanilla-frost,https://github.com/shanmoorthy/dulux-paint-colour-data,2026-09-20,RGB from public dataset; product page https://www.dulux.com.au/colour/vanilla-frost; full corpus n=5032; seed subsample for ΔE matching
Pastry Quarter,#F9EBD4,249,235,212,86,S12F1Q,Dulux,Dulux Australia World of Colour (via shanmoorthy scrape of dulux.com.au),https://www.dulux.com.au/colour/pastry-quarter,https://github.com/shanmoorthy/dulux-paint-colour-data,2026-09-20,RGB from public dataset; product page https://www.dulux.com.au/colour/pastry-quarter; full corpus n=5032; seed subsample for ΔE matching
White Starlight Quarter,#F3EEDF,243,238,223,87,SW1G8,Dulux,Dulux Australia World of Colour (via shanmoorthy scrape of dulux.com.au),https://www.dulux.com.au/colour/white-starlight-quarter,https://github.com/shanmoorthy/dulux-paint-colour-data,2026-09-20,RGB from public dataset; product page https://www.dulux.com.au/colour/white-starlight-quarter; full corpus n=5032; seed subsample for ΔE matching
Majestic Robe,#452A3B,69,42,59,5,S46C9,Dulux,Dulux Australia World of Colour (via shanmoorthy scrape of dulux.com.au),https://www.dulux.com.au/colour/majestic-robe,https://github.com/shanmoorthy/dulux-paint-colour-data,2026-09-20,RGB from public dataset; product page https://www.dulux.com.au/colour/majestic-robe; full corpus n=5032; seed subsample for ΔE matching
Dulcet Violet,#58394D,88,57,77,8,S46E9,Dulux,Dulux Australia World of Colour (via shanmoorthy scrape of dulux.com.au),https://www.dulux.com.au/colour/dulcet-violet,https://github.com/shanmoorthy/dulux-paint-colour-data,2026-09-20,RGB from public dataset; product page https://www.dulux.com.au/colour/dulcet-violet; full corpus n=5032; seed subsample for ΔE matching
Violet Posy,#60384E,96,56,78,9,S46F9,Dulux,Dulux Australia World of Colour (via shanmoorthy scrape of dulux.com.au),https://www.dulux.com.au/colour/violet-posy,https://github.com/shanmoorthy/dulux-paint-colour-data,2026-09-20,RGB from public dataset; product page https://www.dulux.com.au/colour/violet-posy; full corpus n=5032; seed subsample for ΔE matching
Deep Exquisite,#614455,97,68,85,10,S46C8,Dulux,Dulux Australia World of Colour (via shanmoorthy scrape of dulux.com.au),https://www.dulux.com.au/colour/deep-exquisite,https://github.com/shanmoorthy/dulux-paint-colour-data,2026-09-20,RGB from public dataset; product page https://www.dulux.com.au/colour/deep-exquisite; full corpus n=5032; seed subsample for ΔE matching
Purple Gemstone,#674365,103,67,101,11,S49D8,Dulux,Dulux Australia World of Colour (via shanmoorthy scrape of dulux.com.au),https://www.dulux.com.au/colour/purple-gemstone,https://github.com/shanmoorthy/dulux-paint-colour-data,2026-09-20,RGB from public dataset; product page https://www.dulux.com.au/colour/purple-gemstone; full corpus n=5032; seed subsample for ΔE matching
Prophetic Purple,#614F59,97,79,89,12,S46C7,Dulux,Dulux Australia World of Colour (via shanmoorthy scrape of dulux.com.au),https://www.dulux.com.au/colour/prophetic-purple,https://github.com/shanmoorthy/dulux-paint-colour-data,2026-09-20,RGB from public dataset; product page https://www.dulux.com.au/colour/prophetic-purple; full corpus n=5032; seed subsample for ΔE matching
Magos,#69475B,105,71,91,12,S47C8,Dulux,Dulux Australia World of Colour (via shanmoorthy scrape of dulux.com.au),https://www.dulux.com.au/colour/magos,https://github.com/shanmoorthy/dulux-paint-colour-data,2026-09-20,RGB from public dataset; product page https://www.dulux.com.au/colour/magos; full corpus n=5032; seed subsample for ΔE matching
Exclusively,#6B5160,107,81,96,13,S47C7,Dulux,Dulux Australia World of Colour (via shanmoorthy scrape of dulux.com.au),https://www.dulux.com.au/colour/exclusively,https://github.com/shanmoorthy/dulux-paint-colour-data,2026-09-20,RGB from public dataset; product page https://www.dulux.com.au/colour/exclusively; full corpus n=5032; seed subsample for ΔE matching
Dynamic,#6D5161,109,81,97,14,S46D7,Dulux,Dulux Australia World of Colour (via shanmoorthy scrape of dulux.com.au),https://www.dulux.com.au/colour/dynamic,https://github.com/shanmoorthy/dulux-paint-colour-data,2026-09-20,RGB from public dataset; product page https://www.dulux.com.au/colour/dynamic; full corpus n=5032; seed subsample for ΔE matching
Hothouse Orchid,#745468,116,84,104,15,S46E7,Dulux,Dulux Australia World of Colour (via shanmoorthy scrape of dulux.com.au),https://www.dulux.com.au/colour/hothouse-orchid,https://github.com/shanmoorthy/dulux-paint-colour-data,2026-09-20,RGB from public dataset; product page https://www.dulux.com.au/colour/hothouse-orchid; full corpus n=5032; seed subsample for ΔE matching
Vibrant Vision,#6C6068,108,96,104,16,S46B6,Dulux,Dulux Australia World of Colour (via shanmoorthy scrape of dulux.com.au),https://www.dulux.com.au/colour/vibrant-vision,https://github.com/shanmoorthy/dulux-paint-colour-data,2026-09-20,RGB from public dataset; product page https://www.dulux.com.au/colour/vibrant-vision; full corpus n=5032; seed subsample for ΔE matching
Queen's Honour,#8A5777,138,87,119,17,S46H7,Dulux,Dulux Australia World of Colour (via shanmoorthy scrape of dulux.com.au),https://www.dulux.com.au/colour/queens-honour,https://github.com/shanmoorthy/dulux-paint-colour-data,2026-09-20,RGB from public dataset; product page https://www.dulux.com.au/colour/queens-honour; full corpus n=5032; seed subsample for ΔE matching
Pink Mystery,#AE417B,174,65,123,18,S49G8,Dulux,Dulux Australia World of Colour (via shanmoorthy scrape of dulux.com.au),https://www.dulux.com.au/colour/pink-mystery,https://github.com/shanmoorthy/dulux-paint-colour-data,2026-09-20,RGB from public dataset; product page https://www.dulux.com.au/colour/pink-mystery; full corpus n=5032; seed subsample for ΔE matching
Berry Coulis,#965980,150,89,128,19,S47H7,Dulux,Dulux Australia World of Colour (via shanmoorthy scrape of dulux.com.au),https://www.dulux.com.au/colour/berry-coulis,https://github.com/shanmoorthy/dulux-paint-colour-data,2026-09-20,RGB from public dataset; product page https://www.dulux.com.au/colour/berry-coulis; full corpus n=5032; seed subsample for ΔE matching
Sweet Violet,#8C667B,140,102,123,21,S47D6,Dulux,Dulux Australia World of Colour (via shanmoorthy scrape of dulux.com.au),https://www.dulux.com.au/colour/sweet-violet,https://github.com/shanmoorthy/dulux-paint-colour-data,2026-09-20,RGB from public dataset; product page https://www.dulux.com.au/colour/sweet-violet; full corpus n=5032; seed subsample for ΔE matching
Fruit Of Passion,#946A86,148,106,134,23,S46F6,Dulux,Dulux Australia World of Colour (via shanmoorthy scrape of dulux.com.au),https://www.dulux.com.au/colour/fruit-of-passion,https://github.com/shanmoorthy/dulux-paint-colour-data,2026-09-20,RGB from public dataset; product page https://www.dulux.com.au/colour/fruit-of-passion; full corpus n=5032; seed subsample for ΔE matching
Magic Gem,#8E7183,142,113,131,24,S46D5,Dulux,Dulux Australia World of Colour (via shanmoorthy scrape of dulux.com.au),https://www.dulux.com.au/colour/magic-gem,https://github.com/shanmoorthy/dulux-paint-colour-data,2026-09-20,RGB from public dataset; product page https://www.dulux.com.au/colour/magic-gem; full corpus n=5032; seed subsample for ΔE matching
Cure All,#AA698A,170,105,138,25,S47G6,Dulux,Dulux Australia World of Colour (via shanmoorthy scrape of dulux.com.au),https://www.dulux.com.au/colour/cure-all,https://github.com/shanmoorthy/dulux-paint-colour-data,2026-09-20,RGB from public dataset; product page https://www.dulux.com.au/colour/cure-all; full corpus n=5032; seed subsample for ΔE matching
Perfect Bloom,#BB649F,187,100,159,26,SB7H4,Dulux,Dulux Australia World of Colour (via shanmoorthy scrape of dulux.com.au),https://www.dulux.com.au/colour/perfect-bloom,https://github.com/shanmoorthy/dulux-paint-colour-data,2026-09-20,RGB from public dataset; product page https://www.dulux.com.au/colour/perfect-bloom; full corpus n=5032; seed subsample for ΔE matching
Pink Style,#C6629C,198,98,156,27,SB7H3,Dulux,Dulux Australia World of Colour (via shanmoorthy scrape of dulux.com.au),https://www.dulux.com.au/colour/pink-style,https://github.com/shanmoorthy/dulux-paint-colour-data,2026-09-20,RGB from public dataset; product page https://www.dulux.com.au/colour/pink-style; full corpus n=5032; seed subsample for ΔE matching
Wonder Wish,#A9779A,169,119,154,29,S46H5,Dulux,Dulux Australia World of Colour (via shanmoorthy scrape of dulux.com.au),https://www.dulux.com.au/colour/wonder-wish,https://github.com/shanmoorthy/dulux-paint-colour-data,2026-09-20,RGB from public dataset; product page https://www.dulux.com.au/colour/wonder-wish; full corpus n=5032; seed subsample for ΔE matching
Fragrant Musk,#B07AA0,176,122,160,30,S47H5,Dulux,Dulux Australia World of Colour (via shanmoorthy scrape of dulux.com.au),https://www.dulux.com.au/colour/fragrant-musk,https://github.com/shanmoorthy/dulux-paint-colour-data,2026-09-20,RGB from public dataset; product page https://www.dulux.com.au/colour/fragrant-musk; full corpus n=5032; seed subsample for ΔE matching
Spectacular Rose,#CB72AD,203,114,173,32,S49G6,Dulux,Dulux Australia World of Colour (via shanmoorthy scrape of dulux.com.au),https://www.dulux.com.au/colour/spectacular-rose,https://github.com/shanmoorthy/dulux-paint-colour-data,2026-09-20,RGB from public dataset; product page https://www.dulux.com.au/colour/spectacular-rose; full corpus n=5032; seed subsample for ΔE matching
Prestige Rose,#B587B2,181,135,178,35,S49F5,Dulux,Dulux Australia World of Colour (via shanmoorthy scrape of dulux.com.au),https://www.dulux.com.au/colour/prestige-rose,https://github.com/shanmoorthy/dulux-paint-colour-data,2026-09-20,RGB from public dataset; product page https://www.dulux.com.au/colour/prestige-rose; full corpus n=5032; seed subsample for ΔE matching
Supermodel,#D17EB7,209,126,183,36,S49G5,Dulux,Dulux Australia World of Colour (via shanmoorthy scrape of dulux.com.au),https://www.dulux.com.au/colour/supermodel,https://github.com/shanmoorthy/dulux-paint-colour-data,2026-09-20,RGB from public dataset; product page https://www.dulux.com.au/colour/supermodel; full corpus n=5032; seed subsample for ΔE matching
Seeress,#A99BA9,169,155,169,39,S45C3,Dulux,Dulux Australia World of Colour (via shanmoorthy scrape of dulux.com.au),https://www.dulux.com.au/colour/seeress,https://github.com/shanmoorthy/dulux-paint-colour-data,2026-09-20,RGB from public dataset; product page https://www.dulux.com.au/colour/seeress; full corpus n=5032; seed subsample for ΔE matching
Symbolic,#B29EAE,178,158,174,41,S47C3,Dulux,Dulux Australia World of Colour (via shanmoorthy scrape of dulux.com.au),https://www.dulux.com.au/colour/symbolic,https://github.com/shanmoorthy/dulux-paint-colour-data,2026-09-20,RGB from public dataset; product page https://www.dulux.com.au/colour/symbolic; full corpus n=5032; seed subsample for ΔE matching
Melting Moment,#BBA2B7,187,162,183,44,S46E3,Dulux,Dulux Australia World of Colour (via shanmoorthy scrape of dulux.com.au),https://www.dulux.com.au/colour/melting-moment,https://github.com/shanmoorthy/dulux-paint-colour-data,2026-09-20,RGB from public dataset; product page https://www.dulux.com.au/colour/melting-moment; full corpus n=5032; seed subsample for ΔE matching
Contemporary Pink,#DB94C7,219,148,199,45,S49G4,Dulux,Dulux Australia World of Colour (via shanmoorthy scrape of dulux.com.au),https://www.dulux.com.au/colour/contemporary-pink,https://github.com/shanmoorthy/dulux-paint-colour-data,2026-09-20,RGB from public dataset; product page https://www.dulux.com.au/colour/contemporary-pink; full corpus n=5032; seed subsample for ΔE matching
Lilac Fluff,#C7A4C0,199,164,192,47,S46H3,Dulux,Dulux Australia World of Colour (via shanmoorthy scrape of dulux.com.au),https://www.dulux.com.au/colour/lilac-fluff,https://github.com/shanmoorthy/dulux-paint-colour-data,2026-09-20,RGB from public dataset; product page https://www.dulux.com.au/colour/lilac-fluff; full corpus n=5032; seed subsample for ΔE matching
Masked Mauve,#C6B2BF,198,178,191,52,S46D2,Dulux,Dulux Australia World of Colour (via shanmoorthy scrape of dulux.com.au),https://www.dulux.com.au/colour/masked-mauve,https://github.com/shanmoorthy/dulux-paint-colour-data,2026-09-20,RGB from public dataset; product page https://www.dulux.com.au/colour/masked-mauve; full corpus n=5032; seed subsample for ΔE matching
Cool Quiet,#CBB5C7,203,181,199,54,S46E2,Dulux,Dulux Australia World of Colour (via shanmoorthy scrape of dulux.com.au),https://www.dulux.com.au/colour/cool-quiet,https://github.com/shanmoorthy/dulux-paint-colour-data,2026-09-20,RGB from public dataset; product page https://www.dulux.com.au/colour/cool-quiet; full corpus n=5032; seed subsample for ΔE matching
Pink Piglet,#D6B4CD,214,180,205,55,S47H2,Dulux,Dulux Australia World of Colour (via shanmoorthy scrape of dulux.com.au),https://www.dulux.com.au/colour/pink-piglet,https://github.com/shanmoorthy/dulux-paint-colour-data,2026-09-20,RGB from public dataset; product page https://www.dulux.com.au/colour/pink-piglet; full corpus n=5032; seed subsample for ΔE matching
Flamingo Run,#E5B0D7,229,176,215,57,S49H3,Dulux,Dulux Australia World of Colour (via shanmoorthy scrape of dulux.com.au),https://www.dulux.com.au/colour/flamingo-run,https://github.com/shanmoorthy/dulux-paint-colour-data,2026-09-20,RGB from public dataset; product page https://www.dulux.com.au/colour/flamingo-run; full corpus n=5032; seed subsample for ΔE matching
Concord Grape,#3F3438,63,52,56,6,S47A9,Dulux,Dulux Australia World of Colour (via shanmoorthy scrape of dulux.com.au),https://www.dulux.com.au/colour/concord-grape,https://github.com/shanmoorthy/dulux-paint-colour-data,2026-09-20,RGB from public dataset; product page https://www.dulux.com.au/colour/concord-grape; full corpus n=5032; seed subsample for ΔE matching
Blood Mahogany,#52383A,82,56,58,8,S02B9,Dulux,Dulux Australia World of Colour (via shanmoorthy scrape of dulux.com.au),https://www.dulux.com.au/colour/blood-mahogany,https://github.com/shanmoorthy/dulux-paint-colour-data,2026-09-20,RGB from public dataset; product page https://www.dulux.com.au/colour/blood-mahogany; full corpus n=5032; seed subsample for ΔE matching
Deep Prunus,#5A3D40,90,61,64,9,S01A8,Dulux,Dulux Australia World of Colour (via shanmoorthy scrape of dulux.com.au),https://www.dulux.com.au/colour/deep-prunus,https://github.com/shanmoorthy/dulux-paint-colour-data,2026-09-20,RGB from public dataset; product page https://www.dulux.com.au/colour/deep-prunus; full corpus n=5032; seed subsample for ΔE matching
Bruised Burgundy,#5B4149,91,65,73,9,S48B8,Dulux,Dulux Australia World of Colour (via shanmoorthy scrape of dulux.com.au),https://www.dulux.com.au/colour/bruised-burgundy,https://github.com/shanmoorthy/dulux-paint-colour-data,2026-09-20,RGB from public dataset; product page https://www.dulux.com.au/colour/bruised-burgundy; full corpus n=5032; seed subsample for ΔE matching
Venusian,#71384E,113,56,78,10,S47F9,Dulux,Dulux Australia World of Colour (via shanmoorthy scrape of dulux.com.au),https://www.dulux.com.au/colour/venusian,https://github.com/shanmoorthy/dulux-paint-colour-data,2026-09-20,RGB from public dataset; product page https://www.dulux.com.au/colour/venusian; full corpus n=5032; seed subsample for ΔE matching
Enchanted Red,#8D343F,141,52,63,11,S02G9,Dulux,Dulux Australia World of Colour (via shanmoorthy scrape of dulux.com.au),https://www.dulux.com.au/colour/enchanted-red,https://github.com/shanmoorthy/dulux-paint-colour-data,2026-09-20,RGB from public dataset; product page https://www.dulux.com.au/colour/enchanted-red; full corpus n=5032; seed subsample for ΔE matching
Sassy Scarlet,#863754,134,55,84,11,SB7G3,Dulux,Dulux Australia World of Colour (via shanmoorthy scrape of dulux.com.au),https://www.dulux.com.au/colour/sassy-scarlet,https://github.com/shanmoorthy/dulux-paint-colour-data,2026-09-20,RGB from public dataset; product page https://www.dulux.com.au/colour/sassy-scarlet; full corpus n=5032; seed subsample for ΔE matching
Pink Fiesta,#923345,146,51,69,12,S02H9,Dulux,Dulux Australia World of Colour (via shanmoorthy scrape of dulux.com.au),https://www.dulux.com.au/colour/pink-fiesta,https://github.com/shanmoorthy/dulux-paint-colour-data,2026-09-20,RGB from public dataset; product page https://www.dulux.com.au/colour/pink-fiesta; full corpus n=5032; seed subsample for ΔE matching
Vengeful Red,#983536,152,53,54,12,SB7F7,Dulux,Dulux Australia World of Colour (via shanmoorthy scrape of dulux.com.au),https://www.dulux.com.au/colour/vengeful-red,https://github.com/shanmoorthy/dulux-paint-colour-data,2026-09-20,RGB from public dataset; product page https://www.dulux.com.au/colour/vengeful-red; full corpus n=5032; seed subsample for ΔE matching
Bright Lady,#9F3649,159,54,73,13,S02G8,Dulux,Dulux Australia World of Colour (via shanmoorthy scrape of dulux.com.au),https://www.dulux.com.au/colour/bright-lady,https://github.com/shanmoorthy/dulux-paint-colour-data,2026-09-20,RGB from public dataset; product page https://www.dulux.com.au/colour/bright-lady; full corpus n=5032; seed subsample for ΔE matching
High Street,#A4334E,164,51,78,14,NZ10E7,Dulux,Dulux Australia World of Colour (via shanmoorthy scrape of dulux.com.au),https://www.dulux.com.au/colour/high-street,https://github.com/shanmoorthy/dulux-paint-colour-data,2026-09-20,RGB from public dataset; product page https://www.dulux.com.au/colour/high-street; full corpus n=5032; seed subsample for ΔE matching
Pink Energy,#9F3467,159,52,103,14,S49H8,Dulux,Dulux Australia World of Colour (via shanmoorthy scrape of dulux.com.au),https://www.dulux.com.au/colour/pink-energy,https://github.com/shanmoorthy/dulux-paint-colour-data,2026-09-20,RGB from public dataset; product page https://www.dulux.com.au/colour/pink-energy; full corpus n=5032; seed subsample for ΔE matching
Mauve Mystery,#685C61,104,92,97,15,S48A6,Dulux,Dulux Australia World of Colour (via shanmoorthy scrape of dulux.com.au),https://www.dulux.com.au/colour/mauve-mystery,https://github.com/shanmoorthy/dulux-paint-colour-data,2026-09-20,RGB from public dataset; product page https://www.dulux.com.au/colour/mauve-mystery; full corpus n=5032; seed subsample for ΔE matching
Persian Pink,#775E63,119,94,99,17,S01C6,Dulux,Dulux Australia World of Colour (via shanmoorthy scrape of dulux.com.au),https://www.dulux.com.au/colour/persian-pink,https://github.com/shanmoorthy/dulux-paint-colour-data,2026-09-20,RGB from public dataset; product page https://www.dulux.com.au/colour/persian-pink; full corpus n=5032; seed subsample for ΔE matching
Celine,#826168,130,97,104,18,S01D6,Dulux,Dulux Australia World of Colour (via shanmoorthy scrape of dulux.com.au),https://www.dulux.com.au/colour/celine,https://github.com/shanmoorthy/dulux-paint-colour-data,2026-09-20,RGB from public dataset; product page https://www.dulux.com.au/colour/celine; full corpus n=5032; seed subsample for ΔE matching
Napier,#B44970,180,73,112,19,NZ10E8,Dulux,Dulux Australia World of Colour (via shanmoorthy scrape of dulux.com.au),https://www.dulux.com.au/colour/napier,https://github.com/shanmoorthy/dulux-paint-colour-data,2026-09-20,RGB from public dataset; product page https://www.dulux.com.au/colour/napier; full corpus n=5032; seed subsample for ΔE matching
Deep Hydrangea,#82696E,130,105,110,20,S01C5,Dulux,Dulux Australia World of Colour (via shanmoorthy scrape of dulux.com.au),https://www.dulux.com.au/colour/deep-hydrangea,https://github.com/shanmoorthy/dulux-paint-colour-data,2026-09-20,RGB from public dataset; product page https://www.dulux.com.au/colour/deep-hydrangea; full corpus n=5032; seed subsample for ΔE matching
Emotive Ring,#856D71,133,109,113,21,S02C5,Dulux,Dulux Australia World of Colour (via shanmoorthy scrape of dulux.com.au),https://www.dulux.com.au/colour/emotive-ring,https://github.com/shanmoorthy/dulux-paint-colour-data,2026-09-20,RGB from public dataset; product page https://www.dulux.com.au/colour/emotive-ring; full corpus n=5032; seed subsample for ΔE matching
Tetrarose,#8E6F74,142,111,116,23,S02D5,Dulux,Dulux Australia World of Colour (via shanmoorthy scrape of dulux.com.au),https://www.dulux.com.au/colour/tetrarose,https://github.com/shanmoorthy/dulux-paint-colour-data,2026-09-20,RGB from public dataset; product page https://www.dulux.com.au/colour/tetrarose; full corpus n=5032; seed subsample for ΔE matching
Fairytale Ending,#C16176,193,97,118,25,S01H7,Dulux,Dulux Australia World of Colour (via shanmoorthy scrape of dulux.com.au),https://www.dulux.com.au/colour/fairytale-ending,https://github.com/shanmoorthy/dulux-paint-colour-data,2026-09-20,RGB from public dataset; product page https://www.dulux.com.au/colour/fairytale-ending; full corpus n=5032; seed subsample for ΔE matching
Raspberry Whip,#B37381,179,115,129,28,S01F5,Dulux,Dulux Australia World of Colour (via shanmoorthy scrape of dulux.com.au),https://www.dulux.com.au/colour/raspberry-whip,https://github.com/shanmoorthy/dulux-paint-colour-data,2026-09-20,RGB from public dataset; product page https://www.dulux.com.au/colour/raspberry-whip; full corpus n=5032; seed subsample for ΔE matching
Tropical Orchid,#A0828B,160,130,139,30,S01D4,Dulux,Dulux Australia World of Colour (via shanmoorthy scrape of dulux.com.au),https://www.dulux.com.au/colour/tropical-orchid,https://github.com/shanmoorthy/dulux-paint-colour-data,2026-09-20,RGB from public dataset; product page https://www.dulux.com.au/colour/tropical-orchid; full corpus n=5032; seed subsample for ΔE matching
Pleasure,#C17C83,193,124,131,32,S02G5,Dulux,Dulux Australia World of Colour (via shanmoorthy scrape of dulux.com.au),https://www.dulux.com.au/colour/pleasure,https://github.com/shanmoorthy/dulux-paint-colour-data,2026-09-20,RGB from public dataset; product page https://www.dulux.com.au/colour/pleasure; full corpus n=5032; seed subsample for ΔE matching
Persian Pastel,#A9939A,169,147,154,37,S01C3,Dulux,Dulux Australia World of Colour (via shanmoorthy scrape of dulux.com.au),https://www.dulux.com.au/colour/persian-pastel,https://github.com/shanmoorthy/dulux-paint-colour-data,2026-09-20,RGB from public dataset; product page https://www.dulux.com.au/colour/persian-pastel; full corpus n=5032; seed subsample for ΔE matching
Decorum,#B39AA1,179,154,161,40,S02D3,Dulux,Dulux Australia World of Colour (via shanmoorthy scrape of dulux.com.au),https://www.dulux.com.au/colour/decorum,https://github.com/shanmoorthy/dulux-paint-colour-data,2026-09-20,RGB from public dataset; product page https://www.dulux.com.au/colour/decorum; full corpus n=5032; seed subsample for ΔE matching
Pale Petticoat,#B99AA6,185,154,166,41,S48E3,Dulux,Dulux Australia World of Colour (via shanmoorthy scrape of dulux.com.au),https://www.dulux.com.au/colour/pale-petticoat,https://github.com/shanmoorthy/dulux-paint-colour-data,2026-09-20,RGB from public dataset; product page https://www.dulux.com.au/colour/pale-petticoat; full corpus n=5032; seed subsample for ΔE matching
Mellow Pink,#F38F91,243,143,145,45,S04G5,Dulux,Dulux Australia World of Colour (via shanmoorthy scrape of dulux.com.au),https://www.dulux.com.au/colour/mellow-pink,https://github.com/shanmoorthy/dulux-paint-colour-data,2026-09-20,RGB from public dataset; product page https://www.dulux.com.au/colour/mellow-pink; full corpus n=5032; seed subsample for ΔE matching
Lavender Scent,#BFACB2,191,172,178,48,S48C2,Dulux,Dulux Australia World of Colour (via shanmoorthy scrape of dulux.com.au),https://www.dulux.com.au/colour/lavender-scent,https://github.com/shanmoorthy/dulux-paint-colour-data,2026-09-20,RGB from public dataset; product page https://www.dulux.com.au/colour/lavender-scent; full corpus n=5032; seed subsample for ΔE matching
Perennial Phlox,#E6A7AE,230,167,174,51,S02H3,Dulux,Dulux Australia World of Colour (via shanmoorthy scrape of dulux.com.au),https://www.dulux.com.au/colour/perennial-phlox,https://github.com/shanmoorthy/dulux-paint-colour-data,2026-09-20,RGB from public dataset; product page https://www.dulux.com.au/colour/perennial-phlox; full corpus n=5032; seed subsample for ΔE matching
Pentalon,#DBB2BD,219,178,189,55,S01F2,Dulux,Dulux Australia World of Colour (via shanmoorthy scrape of dulux.com.au),https://www.dulux.com.au/colour/pentalon,https://github.com/shanmoorthy/dulux-paint-colour-data,2026-09-20,RGB from public dataset; product page https://www.dulux.com.au/colour/pentalon; full corpus n=5032; seed subsample for ΔE matching
Hydrangea Pink,#E7B6CA,231,182,202,58,S48H2,Dulux,Dulux Australia World of Colour (via shanmoorthy scrape of dulux.com.au),https://www.dulux.com.au/colour/hydrangea-pink,https://github.com/shanmoorthy/dulux-paint-colour-data,2026-09-20,RGB from public dataset; product page https://www.dulux.com.au/colour/hydrangea-pink; full corpus n=5032; seed subsample for ΔE matching
Baby Tone,#DCC1CC,220,193,204,61,S48F1,Dulux,Dulux Australia World of Colour (via shanmoorthy scrape of dulux.com.au),https://www.dulux.com.au/colour/baby-tone,https://github.com/shanmoorthy/dulux-paint-colour-data,2026-09-20,RGB from public dataset; product page https://www.dulux.com.au/colour/baby-tone; full corpus n=5032; seed subsample for ΔE matching
Channel,#F1C2C3,241,194,195,65,S04F2,Dulux,Dulux Australia World of Colour (via shanmoorthy scrape of dulux.com.au),https://www.dulux.com.au/colour/channel,https://github.com/shanmoorthy/dulux-paint-colour-data,2026-09-20,RGB from public dataset; product page https://www.dulux.com.au/colour/channel; full corpus n=5032; seed subsample for ΔE matching
Pink Star,#EFCBD5,239,203,213,69,S01H1,Dulux,Dulux Australia World of Colour (via shanmoorthy scrape of dulux.com.au),https://www.dulux.com.au/colour/pink-star,https://github.com/shanmoorthy/dulux-paint-colour-data,2026-09-20,RGB from public dataset; product page https://www.dulux.com.au/colour/pink-star; full corpus n=5032; seed subsample for ΔE matching
Fairoaks,#3A3C36,58,60,54,7,SG5E9,Dulux,Dulux Australia World of Colour (via shanmoorthy scrape of dulux.com.au),https://www.dulux.com.au/colour/fairoaks,https://github.com/shanmoorthy/dulux-paint-colour-data,2026-09-20,RGB from public dataset; product page https://www.dulux.com.au/colour/fairoaks; full corpus n=5032; seed subsample for ΔE matching
Dark Rainforest,#515838,81,88,56,12,S21B9,Dulux,Dulux Australia World of Colour (via shanmoorthy scrape of dulux.com.au),https://www.dulux.com.au/colour/dark-rainforest,https://github.com/shanmoorthy/dulux-paint-colour-data,2026-09-20,RGB from public dataset; product page https://www.dulux.com.au/colour/dark-rainforest; full corpus n=5032; seed subsample for ΔE matching
Sweet Tooth,#5F6255,95,98,85,16,S19A7,Dulux,Dulux Australia World of Colour (via shanmoorthy scrape of dulux.com.au),https://www.dulux.com.au/colour/sweet-tooth,https://github.com/shanmoorthy/dulux-paint-colour-data,2026-09-20,RGB from public dataset; product page https://www.dulux.com.au/colour/sweet-tooth; full corpus n=5032; seed subsample for ΔE matching
Silverbeet,#5B6A43,91,106,67,17,S22A8,Dulux,Dulux Australia World of Colour (via shanmoorthy scrape of dulux.com.au),https://www.dulux.com.au/colour/silverbeet,https://github.com/shanmoorthy/dulux-paint-colour-data,2026-09-20,RGB from public dataset; product page https://www.dulux.com.au/colour/silverbeet; full corpus n=5032; seed subsample for ΔE matching
Grass Blade,#646F46,100,111,70,19,S22B8,Dulux,Dulux Australia World of Colour (via shanmoorthy scrape of dulux.com.au),https://www.dulux.com.au/colour/grass-blade,https://github.com/shanmoorthy/dulux-paint-colour-data,2026-09-20,RGB from public dataset; product page https://www.dulux.com.au/colour/grass-blade; full corpus n=5032; seed subsample for ΔE matching
Swamp Shrub,#6F753B,111,117,59,21,S20D9,Dulux,Dulux Australia World of Colour (via shanmoorthy scrape of dulux.com.au),https://www.dulux.com.au/colour/swamp-shrub,https://github.com/shanmoorthy/dulux-paint-colour-data,2026-09-20,RGB from public dataset; product page https://www.dulux.com.au/colour/swamp-shrub; full corpus n=5032; seed subsample for ΔE matching
Variegated Frond,#757D59,117,125,89,24,S19D7,Dulux,Dulux Australia World of Colour (via shanmoorthy scrape of dulux.com.au),https://www.dulux.com.au/colour/variegated-frond,https://github.com/shanmoorthy/dulux-paint-colour-data,2026-09-20,RGB from public dataset; product page https://www.dulux.com.au/colour/variegated-frond; full corpus n=5032; seed subsample for ΔE matching
Spores,#808162,128,129,98,26,S19C6,Dulux,Dulux Australia World of Colour (via shanmoorthy scrape of dulux.com.au),https://www.dulux.com.au/colour/spores,https://github.com/shanmoorthy/dulux-paint-colour-data,2026-09-20,RGB from public dataset; product page https://www.dulux.com.au/colour/spores; full corpus n=5032; seed subsample for ΔE matching
Dollar,#7D8673,125,134,115,27,S22A5,Dulux,Dulux Australia World of Colour (via shanmoorthy scrape of dulux.com.au),https://www.dulux.com.au/colour/dollar,https://github.com/shanmoorthy/dulux-paint-colour-data,2026-09-20,RGB from public dataset; product page https://www.dulux.com.au/colour/dollar; full corpus n=5032; seed subsample for ΔE matching
Fresh Herb,#7A913B,122,145,59,29,S21F9,Dulux,Dulux Australia World of Colour (via shanmoorthy scrape of dulux.com.au),https://www.dulux.com.au/colour/fresh-herb,https://github.com/shanmoorthy/dulux-paint-colour-data,2026-09-20,RGB from public dataset; product page https://www.dulux.com.au/colour/fresh-herb; full corpus n=5032; seed subsample for ΔE matching
Vegetarian,#7A945A,122,148,90,31,S20E7,Dulux,Dulux Australia World of Colour (via shanmoorthy scrape of dulux.com.au),https://www.dulux.com.au/colour/vegetarian,https://github.com/shanmoorthy/dulux-paint-colour-data,2026-09-20,RGB from public dataset; product page https://www.dulux.com.au/colour/vegetarian; full corpus n=5032; seed subsample for ΔE matching
Leek,#7C9C58,124,156,88,33,S21F7,Dulux,Dulux Australia World of Colour (via shanmoorthy scrape of dulux.com.au),https://www.dulux.com.au/colour/leek,https://github.com/shanmoorthy/dulux-paint-colour-data,2026-09-20,RGB from public dataset; product page https://www.dulux.com.au/colour/leek; full corpus n=5032; seed subsample for ΔE matching
Tree Frog Green,#7FA14E,127,161,78,35,S22F8,Dulux,Dulux Australia World of Colour (via shanmoorthy scrape of dulux.com.au),https://www.dulux.com.au/colour/tree-frog-green,https://github.com/shanmoorthy/dulux-paint-colour-data,2026-09-20,RGB from public dataset; product page https://www.dulux.com.au/colour/tree-frog-green; full corpus n=5032; seed subsample for ΔE matching
Banana Palm,#97A263,151,162,99,38,S19E6,Dulux,Dulux Australia World of Colour (via shanmoorthy scrape of dulux.com.au),https://www.dulux.com.au/colour/banana-palm,https://github.com/shanmoorthy/dulux-paint-colour-data,2026-09-20,RGB from public dataset; product page https://www.dulux.com.au/colour/banana-palm; full corpus n=5032; seed subsample for ΔE matching
Olive Reserve,#A6A74D,166,167,77,41,S18F7,Dulux,Dulux Australia World of Colour (via shanmoorthy scrape of dulux.com.au),https://www.dulux.com.au/colour/olive-reserve,https://github.com/shanmoorthy/dulux-paint-colour-data,2026-09-20,RGB from public dataset; product page https://www.dulux.com.au/colour/olive-reserve; full corpus n=5032; seed subsample for ΔE matching
Rural Eyes,#9BAF73,155,175,115,43,S20E5,Dulux,Dulux Australia World of Colour (via shanmoorthy scrape of dulux.com.au),https://www.dulux.com.au/colour/rural-eyes,https://github.com/shanmoorthy/dulux-paint-colour-data,2026-09-20,RGB from public dataset; product page https://www.dulux.com.au/colour/rural-eyes; full corpus n=5032; seed subsample for ΔE matching
Easy Green,#A0B289,160,178,137,45,S20D4,Dulux,Dulux Australia World of Colour (via shanmoorthy scrape of dulux.com.au),https://www.dulux.com.au/colour/easy-green,https://github.com/shanmoorthy/dulux-paint-colour-data,2026-09-20,RGB from public dataset; product page https://www.dulux.com.au/colour/easy-green; full corpus n=5032; seed subsample for ΔE matching
Green Me,#B5B55F,181,181,95,48,S18F6,Dulux,Dulux Australia World of Colour (via shanmoorthy scrape of dulux.com.au),https://www.dulux.com.au/colour/green-me,https://github.com/shanmoorthy/dulux-paint-colour-data,2026-09-20,RGB from public dataset; product page https://www.dulux.com.au/colour/green-me; full corpus n=5032; seed subsample for ΔE matching
Golden Delicious,#9DC163,157,193,99,50,S21G6,Dulux,Dulux Australia World of Colour (via shanmoorthy scrape of dulux.com.au),https://www.dulux.com.au/colour/golden-delicious,https://github.com/shanmoorthy/dulux-paint-colour-data,2026-09-20,RGB from public dataset; product page https://www.dulux.com.au/colour/golden-delicious; full corpus n=5032; seed subsample for ΔE matching
Aerobic Fix,#A6C348,166,195,72,52,S20G7,Dulux,Dulux Australia World of Colour (via shanmoorthy scrape of dulux.com.au),https://www.dulux.com.au/colour/aerobic-fix,https://github.com/shanmoorthy/dulux-paint-colour-data,2026-09-20,RGB from public dataset; product page https://www.dulux.com.au/colour/aerobic-fix; full corpus n=5032; seed subsample for ΔE matching
Wicked Green,#9FCA47,159,202,71,54,S21H7,Dulux,Dulux Australia World of Colour (via shanmoorthy scrape of dulux.com.au),https://www.dulux.com.au/colour/wicked-green,https://github.com/shanmoorthy/dulux-paint-colour-data,2026-09-20,RGB from public dataset; product page https://www.dulux.com.au/colour/wicked-green; full corpus n=5032; seed subsample for ΔE matching
Jungle Moss,#BEC3AC,190,195,172,57,S20B2,Dulux,Dulux Australia World of Colour (via shanmoorthy scrape of dulux.com.au),https://www.dulux.com.au/colour/jungle-moss,https://github.com/shanmoorthy/dulux-paint-colour-data,2026-09-20,RGB from public dataset; product page https://www.dulux.com.au/colour/jungle-moss; full corpus n=5032; seed subsample for ΔE matching
Tamboon,#BEC8AF,190,200,175,59,S21C2,Dulux,Dulux Australia World of Colour (via shanmoorthy scrape of dulux.com.au),https://www.dulux.com.au/colour/tamboon,https://github.com/shanmoorthy/dulux-paint-colour-data,2026-09-20,RGB from public dataset; product page https://www.dulux.com.au/colour/tamboon; full corpus n=5032; seed subsample for ΔE matching
Soft Celery,#C6CD87,198,205,135,61,S19F4,Dulux,Dulux Australia World of Colour (via shanmoorthy scrape of dulux.com.au),https://www.dulux.com.au/colour/soft-celery,https://github.com/shanmoorthy/dulux-paint-colour-data,2026-09-20,RGB from public dataset; product page https://www.dulux.com.au/colour/soft-celery; full corpus n=5032; seed subsample for ΔE matching
Rebounder,#BED56B,190,213,107,63,S20G5,Dulux,Dulux Australia World of Colour (via shanmoorthy scrape of dulux.com.au),https://www.dulux.com.au/colour/rebounder,https://github.com/shanmoorthy/dulux-paint-colour-data,2026-09-20,RGB from public dataset; product page https://www.dulux.com.au/colour/rebounder; full corpus n=5032; seed subsample for ΔE matching
Citrus Delight,#D4D557,212,213,87,66,S19H6,Dulux,Dulux Australia World of Colour (via shanmoorthy scrape of dulux.com.au),https://www.dulux.com.au/colour/citrus-delight,https://github.com/shanmoorthy/dulux-paint-colour-data,2026-09-20,RGB from public dataset; product page https://www.dulux.com.au/colour/citrus-delight; full corpus n=5032; seed subsample for ΔE matching
Mountain Dew,#C8D7B3,200,215,179,67,S20E2,Dulux,Dulux Australia World of Colour (via shanmoorthy scrape of dulux.com.au),https://www.dulux.com.au/colour/mountain-dew,https://github.com/shanmoorthy/dulux-paint-colour-data,2026-09-20,RGB from public dataset; product page https://www.dulux.com.au/colour/mountain-dew; full corpus n=5032; seed subsample for ΔE matching
Jazzercise,#BCE12A,188,225,42,68,SB8B4,Dulux,Dulux Australia World of Colour (via shanmoorthy scrape of dulux.com.au),https://www.dulux.com.au/colour/jazzercise,https://github.com/shanmoorthy/dulux-paint-colour-data,2026-09-20,RGB from public dataset; product page https://www.dulux.com.au/colour/jazzercise; full corpus n=5032; seed subsample for ΔE matching
Breakaway,#CFDAC3,207,218,195,71,S20D1,Dulux,Dulux Australia World of Colour (via shanmoorthy scrape of dulux.com.au),https://www.dulux.com.au/colour/breakaway,https://github.com/shanmoorthy/dulux-paint-colour-data,2026-09-20,RGB from public dataset; product page https://www.dulux.com.au/colour/breakaway; full corpus n=5032; seed subsample for ΔE matching
Garlic Suede Half,#D9DDCB,217,221,203,73,S19C1H,Dulux,Dulux Australia World of Colour (via shanmoorthy scrape of dulux.com.au),https://www.dulux.com.au/colour/garlic-suede-half,https://github.com/shanmoorthy/dulux-paint-colour-data,2026-09-20,RGB from public dataset; product page https://www.dulux.com.au/colour/garlic-suede-half; full corpus n=5032; seed subsample for ΔE matching
Grape Cassata,#E2E384,226,227,132,75,S19H4,Dulux,Dulux Australia World of Colour (via shanmoorthy scrape of dulux.com.au),https://www.dulux.com.au/colour/grape-cassata,https://github.com/shanmoorthy/dulux-paint-colour-data,2026-09-20,RGB from public dataset; product page https://www.dulux.com.au/colour/grape-cassata; full corpus n=5032; seed subsample for ΔE matching
Apple Bob,#D7E69D,215,230,157,76,S20G3,Dulux,Dulux Australia World of Colour (via shanmoorthy scrape of dulux.com.au),https://www.dulux.com.au/colour/apple-bob,https://github.com/shanmoorthy/dulux-paint-colour-data,2026-09-20,RGB from public dataset; product page https://www.dulux.com.au/colour/apple-bob; full corpus n=5032; seed subsample for ΔE matching
Orchid Hue,#E8E999,232,233,153,80,S19H3,Dulux,Dulux Australia World of Colour (via shanmoorthy scrape of dulux.com.au),https://www.dulux.com.au/colour/orchid-hue,https://github.com/shanmoorthy/dulux-paint-colour-data,2026-09-20,RGB from public dataset; product page https://www.dulux.com.au/colour/orchid-hue; full corpus n=5032; seed subsample for ΔE matching
Cucumber Cream,#E6EBB1,230,235,177,82,S19G2,Dulux,Dulux Australia World of Colour (via shanmoorthy scrape of dulux.com.au),https://www.dulux.com.au/colour/cucumber-cream,https://github.com/shanmoorthy/dulux-paint-colour-data,2026-09-20,RGB from public dataset; product page https://www.dulux.com.au/colour/cucumber-cream; full corpus n=5032; seed subsample for ΔE matching
Spinach Green,#455338,69,83,56,11,S23A9,Dulux,Dulux Australia World of Colour (via shanmoorthy scrape of dulux.com.au),https://www.dulux.com.au/colour/spinach-green,https://github.com/shanmoorthy/dulux-paint-colour-data,2026-09-20,RGB from public dataset; product page https://www.dulux.com.au/colour/spinach-green; full corpus n=5032; seed subsample for ΔE matching
Cub Scout,#4F6341,79,99,65,15,S23A8,Dulux,Dulux Australia World of Colour (via shanmoorthy scrape of dulux.com.au),https://www.dulux.com.au/colour/cub-scout,https://github.com/shanmoorthy/dulux-paint-colour-data,2026-09-20,RGB from public dataset; product page https://www.dulux.com.au/colour/cub-scout; full corpus n=5032; seed subsample for ΔE matching
Wimbledon,#636D5B,99,109,91,18,S21B7,Dulux,Dulux Australia World of Colour (via shanmoorthy scrape of dulux.com.au),https://www.dulux.com.au/colour/wimbledon,https://github.com/shanmoorthy/dulux-paint-colour-data,2026-09-20,RGB from public dataset; product page https://www.dulux.com.au/colour/wimbledon; full corpus n=5032; seed subsample for ΔE matching
Bean Counter,#69755D,105,117,93,21,S21C7,Dulux,Dulux Australia World of Colour (via shanmoorthy scrape of dulux.com.au),https://www.dulux.com.au/colour/bean-counter,https://github.com/shanmoorthy/dulux-paint-colour-data,2026-09-20,RGB from public dataset; product page https://www.dulux.com.au/colour/bean-counter; full corpus n=5032; seed subsample for ΔE matching
Emerald City,#6B7E5F,107,126,95,23,S21D7,Dulux,Dulux Australia World of Colour (via shanmoorthy scrape of dulux.com.au),https://www.dulux.com.au/colour/emerald-city,https://github.com/shanmoorthy/dulux-paint-colour-data,2026-09-20,RGB from public dataset; product page https://www.dulux.com.au/colour/emerald-city; full corpus n=5032; seed subsample for ΔE matching
Hibiscus Leaf,#6F826E,111,130,110,25,S23B6,Dulux,Dulux Australia World of Colour (via shanmoorthy scrape of dulux.com.au),https://www.dulux.com.au/colour/hibiscus-leaf,https://github.com/shanmoorthy/dulux-paint-colour-data,2026-09-20,RGB from public dataset; product page https://www.dulux.com.au/colour/hibiscus-leaf; full corpus n=5032; seed subsample for ΔE matching
Golf Green,#7A8B6B,122,139,107,28,S22C6,Dulux,Dulux Australia World of Colour (via shanmoorthy scrape of dulux.com.au),https://www.dulux.com.au/colour/golf-green,https://github.com/shanmoorthy/dulux-paint-colour-data,2026-09-20,RGB from public dataset; product page https://www.dulux.com.au/colour/golf-green; full corpus n=5032; seed subsample for ΔE matching
Enviable,#56983C,86,152,60,29,S23G9,Dulux,Dulux Australia World of Colour (via shanmoorthy scrape of dulux.com.au),https://www.dulux.com.au/colour/enviable,https://github.com/shanmoorthy/dulux-paint-colour-data,2026-09-20,RGB from public dataset; product page https://www.dulux.com.au/colour/enviable; full corpus n=5032; seed subsample for ΔE matching
Brush,#7A9770,122,151,112,32,S23D6,Dulux,Dulux Australia World of Colour (via shanmoorthy scrape of dulux.com.au),https://www.dulux.com.au/colour/brush,https://github.com/shanmoorthy/dulux-paint-colour-data,2026-09-20,RGB from public dataset; product page https://www.dulux.com.au/colour/brush; full corpus n=5032; seed subsample for ΔE matching
Zatar Leaf,#62A348,98,163,72,34,S23G8,Dulux,Dulux Australia World of Colour (via shanmoorthy scrape of dulux.com.au),https://www.dulux.com.au/colour/zatar-leaf,https://github.com/shanmoorthy/dulux-paint-colour-data,2026-09-20,RGB from public dataset; product page https://www.dulux.com.au/colour/zatar-leaf; full corpus n=5032; seed subsample for ΔE matching
Ballyhoo,#5CA83B,92,168,59,35,S23H9,Dulux,Dulux Australia World of Colour (via shanmoorthy scrape of dulux.com.au),https://www.dulux.com.au/colour/ballyhoo,https://github.com/shanmoorthy/dulux-paint-colour-data,2026-09-20,RGB from public dataset; product page https://www.dulux.com.au/colour/ballyhoo; full corpus n=5032; seed subsample for ΔE matching
Rivergrass,#85A27B,133,162,123,37,S23D5,Dulux,Dulux Australia World of Colour (via shanmoorthy scrape of dulux.com.au),https://www.dulux.com.au/colour/rivergrass,https://github.com/shanmoorthy/dulux-paint-colour-data,2026-09-20,RGB from public dataset; product page https://www.dulux.com.au/colour/rivergrass; full corpus n=5032; seed subsample for ΔE matching
Fluoro Green,#77AF54,119,175,84,39,S22G7,Dulux,Dulux Australia World of Colour (via shanmoorthy scrape of dulux.com.au),https://www.dulux.com.au/colour/fluoro-green,https://github.com/shanmoorthy/dulux-paint-colour-data,2026-09-20,RGB from public dataset; product page https://www.dulux.com.au/colour/fluoro-green; full corpus n=5032; seed subsample for ΔE matching
Pure Apple,#6EB54B,110,181,75,41,SB8B9,Dulux,Dulux Australia World of Colour (via shanmoorthy scrape of dulux.com.au),https://www.dulux.com.au/colour/pure-apple,https://github.com/shanmoorthy/dulux-paint-colour-data,2026-09-20,RGB from public dataset; product page https://www.dulux.com.au/colour/pure-apple; full corpus n=5032; seed subsample for ΔE matching
Nasturtium Leaf,#89B369,137,179,105,43,S22F6,Dulux,Dulux Australia World of Colour (via shanmoorthy scrape of dulux.com.au),https://www.dulux.com.au/colour/nasturtium-leaf,https://github.com/shanmoorthy/dulux-paint-colour-data,2026-09-20,RGB from public dataset; product page https://www.dulux.com.au/colour/nasturtium-leaf; full corpus n=5032; seed subsample for ΔE matching
Moonwort,#A6AE9F,166,174,159,45,S21A3,Dulux,Dulux Australia World of Colour (via shanmoorthy scrape of dulux.com.au),https://www.dulux.com.au/colour/moonwort,https://github.com/shanmoorthy/dulux-paint-colour-data,2026-09-20,RGB from public dataset; product page https://www.dulux.com.au/colour/moonwort; full corpus n=5032; seed subsample for ΔE matching
Mountain Fern,#95B491,149,180,145,46,S23D4,Dulux,Dulux Australia World of Colour (via shanmoorthy scrape of dulux.com.au),https://www.dulux.com.au/colour/mountain-fern,https://github.com/shanmoorthy/dulux-paint-colour-data,2026-09-20,RGB from public dataset; product page https://www.dulux.com.au/colour/mountain-fern; full corpus n=5032; seed subsample for ΔE matching
Conceptual,#7EC34F,126,195,79,48,S22H7,Dulux,Dulux Australia World of Colour (via shanmoorthy scrape of dulux.com.au),https://www.dulux.com.au/colour/conceptual,https://github.com/shanmoorthy/dulux-paint-colour-data,2026-09-20,RGB from public dataset; product page https://www.dulux.com.au/colour/conceptual; full corpus n=5032; seed subsample for ΔE matching
Applegate,#8CC379,140,195,121,50,S23G5,Dulux,Dulux Australia World of Colour (via shanmoorthy scrape of dulux.com.au),https://www.dulux.com.au/colour/applegate,https://github.com/shanmoorthy/dulux-paint-colour-data,2026-09-20,RGB from public dataset; product page https://www.dulux.com.au/colour/applegate; full corpus n=5032; seed subsample for ΔE matching
Saxon,#ACC1A0,172,193,160,53,S21D3,Dulux,Dulux Australia World of Colour (via shanmoorthy scrape of dulux.com.au),https://www.dulux.com.au/colour/saxon,https://github.com/shanmoorthy/dulux-paint-colour-data,2026-09-20,RGB from public dataset; product page https://www.dulux.com.au/colour/saxon; full corpus n=5032; seed subsample for ΔE matching
Green Bark,#AAC4A6,170,196,166,55,S23D3,Dulux,Dulux Australia World of Colour (via shanmoorthy scrape of dulux.com.au),https://www.dulux.com.au/colour/green-bark,https://github.com/shanmoorthy/dulux-paint-colour-data,2026-09-20,RGB from public dataset; product page https://www.dulux.com.au/colour/green-bark; full corpus n=5032; seed subsample for ΔE matching
Chenille,#A8CD91,168,205,145,58,S22F4,Dulux,Dulux Australia World of Colour (via shanmoorthy scrape of dulux.com.au),https://www.dulux.com.au/colour/chenille,https://github.com/shanmoorthy/dulux-paint-colour-data,2026-09-20,RGB from public dataset; product page https://www.dulux.com.au/colour/chenille; full corpus n=5032; seed subsample for ΔE matching
Tropical Light,#9FD572,159,213,114,60,S22H5,Dulux,Dulux Australia World of Colour (via shanmoorthy scrape of dulux.com.au),https://www.dulux.com.au/colour/tropical-light,https://github.com/shanmoorthy/dulux-paint-colour-data,2026-09-20,RGB from public dataset; product page https://www.dulux.com.au/colour/tropical-light; full corpus n=5032; seed subsample for ΔE matching
Rhys,#BFCEB4,191,206,180,62,S21D2,Dulux,Dulux Australia World of Colour (via shanmoorthy scrape of dulux.com.au),https://www.dulux.com.au/colour/rhys,https://github.com/shanmoorthy/dulux-paint-colour-data,2026-09-20,RGB from public dataset; product page https://www.dulux.com.au/colour/rhys; full corpus n=5032; seed subsample for ΔE matching
Mint,#B0D6AA,176,214,170,64,S23F3,Dulux,Dulux Australia World of Colour (via shanmoorthy scrape of dulux.com.au),https://www.dulux.com.au/colour/mint,https://github.com/shanmoorthy/dulux-paint-colour-data,2026-09-20,RGB from public dataset; product page https://www.dulux.com.au/colour/mint; full corpus n=5032; seed subsample for ΔE matching
Fizz,#B2DAAA,178,218,170,66,S23G3,Dulux,Dulux Australia World of Colour (via shanmoorthy scrape of dulux.com.au),https://www.dulux.com.au/colour/fizz,https://github.com/shanmoorthy/dulux-paint-colour-data,2026-09-20,RGB from public dataset; product page https://www.dulux.com.au/colour/fizz; full corpus n=5032; seed subsample for ΔE matching
Bethany,#CBDBBD,203,219,189,70,S21E1,Dulux,Dulux Australia World of Colour (via shanmoorthy scrape of dulux.com.au),https://www.dulux.com.au/colour/bethany,https://github.com/shanmoorthy/dulux-paint-colour-data,2026-09-20,RGB from public dataset; product page https://www.dulux.com.au/colour/bethany; full corpus n=5032; seed subsample for ΔE matching
Soft Lumen,#BFDDBA,191,221,186,70,S23F2,Dulux,Dulux Australia World of Colour (via shanmoorthy scrape of dulux.com.au),https://www.dulux.com.au/colour/soft-lumen,https://github.com/shanmoorthy/dulux-paint-colour-data,2026-09-20,RGB from public dataset; product page https://www.dulux.com.au/colour/soft-lumen; full corpus n=5032; seed subsample for ΔE matching
Spring Burst,#CAE0C8,202,224,200,73,S23E1,Dulux,Dulux Australia World of Colour (via shanmoorthy scrape of dulux.com.au),https://www.dulux.com.au/colour/spring-burst,https://github.com/shanmoorthy/dulux-paint-colour-data,2026-09-20,RGB from public dataset; product page https://www.dulux.com.au/colour/spring-burst; full corpus n=5032; seed subsample for ΔE matching
Snow Green Half,#D6E3D0,214,227,208,76,S22D1H,Dulux,Dulux Australia World of Colour (via shanmoorthy scrape of dulux.com.au),https://www.dulux.com.au/colour/snow-green-half,https://github.com/shanmoorthy/dulux-paint-colour-data,2026-09-20,RGB from public dataset; product page https://www.dulux.com.au/colour/snow-green-half; full corpus n=5032; seed subsample for ΔE matching
Lime Sherbet Half,#D8E5CE,216,229,206,78,S22E1H,Dulux,Dulux Australia World of Colour (via shanmoorthy scrape of dulux.com.au),https://www.dulux.com.au/colour/lime-sherbet-half,https://github.com/shanmoorthy/dulux-paint-colour-data,2026-09-20,RGB from public dataset; product page https://www.dulux.com.au/colour/lime-sherbet-half; full corpus n=5032; seed subsample for ΔE matching
Spring Burst Half,#D7E8D5,215,232,213,79,S23E1H,Dulux,Dulux Australia World of Colour (via shanmoorthy scrape of dulux.com.au),https://www.dulux.com.au/colour/spring-burst-half,https://github.com/shanmoorthy/dulux-paint-colour-data,2026-09-20,RGB from public dataset; product page https://www.dulux.com.au/colour/spring-burst-half; full corpus n=5032; seed subsample for ΔE matching
Tactile Half,#DFEDD5,223,237,213,83,S22F1H,Dulux,Dulux Australia World of Colour (via shanmoorthy scrape of dulux.com.au),https://www.dulux.com.au/colour/tactile-half,https://github.com/shanmoorthy/dulux-paint-colour-data,2026-09-20,RGB from public dataset; product page https://www.dulux.com.au/colour/tactile-half; full corpus n=5032; seed subsample for ΔE matching
Carolina Half,#D9F3D7,217,243,215,85,S23H1H,Dulux,Dulux Australia World of Colour (via shanmoorthy scrape of dulux.com.au),https://www.dulux.com.au/colour/carolina-half,https://github.com/shanmoorthy/dulux-paint-colour-data,2026-09-20,RGB from public dataset; product page https://www.dulux.com.au/colour/carolina-half; full corpus n=5032; seed subsample for ΔE matching
Nimrod,#343B37,52,59,55,7,SG5G9,Dulux,Dulux Australia World of Colour (via shanmoorthy scrape of dulux.com.au),https://www.dulux.com.au/colour/nimrod,https://github.com/shanmoorthy/dulux-paint-colour-data,2026-09-20,RGB from public dataset; product page https://www.dulux.com.au/colour/nimrod; full corpus n=5032; seed subsample for ΔE matching
Green Stain,#2B553D,43,85,61,10,S25C9,Dulux,Dulux Australia World of Colour (via shanmoorthy scrape of dulux.com.au),https://www.dulux.com.au/colour/green-stain,https://github.com/shanmoorthy/dulux-paint-colour-data,2026-09-20,RGB from public dataset; product page https://www.dulux.com.au/colour/green-stain; full corpus n=5032; seed subsample for ΔE matching
Fairway Green,#26623D,38,98,61,13,S25D9,Dulux,Dulux Australia World of Colour (via shanmoorthy scrape of dulux.com.au),https://www.dulux.com.au/colour/fairway-green,https://github.com/shanmoorthy/dulux-paint-colour-data,2026-09-20,RGB from public dataset; product page https://www.dulux.com.au/colour/fairway-green; full corpus n=5032; seed subsample for ΔE matching
Spiralina,#5A665C,90,102,92,16,S23A7,Dulux,Dulux Australia World of Colour (via shanmoorthy scrape of dulux.com.au),https://www.dulux.com.au/colour/spiralina,https://github.com/shanmoorthy/dulux-paint-colour-data,2026-09-20,RGB from public dataset; product page https://www.dulux.com.au/colour/spiralina; full corpus n=5032; seed subsample for ΔE matching
Hockham Green,#59685F,89,104,95,17,S24A7,Dulux,Dulux Australia World of Colour (via shanmoorthy scrape of dulux.com.au),https://www.dulux.com.au/colour/hockham-green,https://github.com/shanmoorthy/dulux-paint-colour-data,2026-09-20,RGB from public dataset; product page https://www.dulux.com.au/colour/hockham-green; full corpus n=5032; seed subsample for ΔE matching
Gremlin,#127B42,18,123,66,18,S25G9,Dulux,Dulux Australia World of Colour (via shanmoorthy scrape of dulux.com.au),https://www.dulux.com.au/colour/gremlin,https://github.com/shanmoorthy/dulux-paint-colour-data,2026-09-20,RGB from public dataset; product page https://www.dulux.com.au/colour/gremlin; full corpus n=5032; seed subsample for ΔE matching
Canadian Pine,#2E7B4F,46,123,79,19,S25D8,Dulux,Dulux Australia World of Colour (via shanmoorthy scrape of dulux.com.au),https://www.dulux.com.au/colour/canadian-pine,https://github.com/shanmoorthy/dulux-paint-colour-data,2026-09-20,RGB from public dataset; product page https://www.dulux.com.au/colour/canadian-pine; full corpus n=5032; seed subsample for ΔE matching
Dark Sorrel,#587A64,88,122,100,21,S25C7,Dulux,Dulux Australia World of Colour (via shanmoorthy scrape of dulux.com.au),https://www.dulux.com.au/colour/dark-sorrel,https://github.com/shanmoorthy/dulux-paint-colour-data,2026-09-20,RGB from public dataset; product page https://www.dulux.com.au/colour/dark-sorrel; full corpus n=5032; seed subsample for ΔE matching
Holenso,#598068,89,128,104,23,S24D7,Dulux,Dulux Australia World of Colour (via shanmoorthy scrape of dulux.com.au),https://www.dulux.com.au/colour/holenso,https://github.com/shanmoorthy/dulux-paint-colour-data,2026-09-20,RGB from public dataset; product page https://www.dulux.com.au/colour/holenso; full corpus n=5032; seed subsample for ΔE matching
Aloe Vera,#588567,88,133,103,24,S25D7,Dulux,Dulux Australia World of Colour (via shanmoorthy scrape of dulux.com.au),https://www.dulux.com.au/colour/aloe-vera,https://github.com/shanmoorthy/dulux-paint-colour-data,2026-09-20,RGB from public dataset; product page https://www.dulux.com.au/colour/aloe-vera; full corpus n=5032; seed subsample for ΔE matching
Lilly Pad,#6A8471,106,132,113,25,S25B6,Dulux,Dulux Australia World of Colour (via shanmoorthy scrape of dulux.com.au),https://www.dulux.com.au/colour/lilly-pad,https://github.com/shanmoorthy/dulux-paint-colour-data,2026-09-20,RGB from public dataset; product page https://www.dulux.com.au/colour/lilly-pad; full corpus n=5032; seed subsample for ΔE matching
Juniper Oil,#6B8B74,107,139,116,27,S25C6,Dulux,Dulux Australia World of Colour (via shanmoorthy scrape of dulux.com.au),https://www.dulux.com.au/colour/juniper-oil,https://github.com/shanmoorthy/dulux-paint-colour-data,2026-09-20,RGB from public dataset; product page https://www.dulux.com.au/colour/juniper-oil; full corpus n=5032; seed subsample for ΔE matching
Pastoral,#3B9743,59,151,67,28,S24G9,Dulux,Dulux Australia World of Colour (via shanmoorthy scrape of dulux.com.au),https://www.dulux.com.au/colour/pastoral,https://github.com/shanmoorthy/dulux-paint-colour-data,2026-09-20,RGB from public dataset; product page https://www.dulux.com.au/colour/pastoral; full corpus n=5032; seed subsample for ΔE matching
Water Cress,#6E9376,110,147,118,30,S24D6,Dulux,Dulux Australia World of Colour (via shanmoorthy scrape of dulux.com.au),https://www.dulux.com.au/colour/water-cress,https://github.com/shanmoorthy/dulux-paint-colour-data,2026-09-20,RGB from public dataset; product page https://www.dulux.com.au/colour/water-cress; full corpus n=5032; seed subsample for ΔE matching
Club Moss,#6B9779,107,151,121,31,S25D6,Dulux,Dulux Australia World of Colour (via shanmoorthy scrape of dulux.com.au),https://www.dulux.com.au/colour/club-moss,https://github.com/shanmoorthy/dulux-paint-colour-data,2026-09-20,RGB from public dataset; product page https://www.dulux.com.au/colour/club-moss; full corpus n=5032; seed subsample for ΔE matching
Vitalize,#2AAA41,42,170,65,33,S24H9,Dulux,Dulux Australia World of Colour (via shanmoorthy scrape of dulux.com.au),https://www.dulux.com.au/colour/vitalize,https://github.com/shanmoorthy/dulux-paint-colour-data,2026-09-20,RGB from public dataset; product page https://www.dulux.com.au/colour/vitalize; full corpus n=5032; seed subsample for ΔE matching
Aquadulce,#7B9F81,123,159,129,35,S24D5,Dulux,Dulux Australia World of Colour (via shanmoorthy scrape of dulux.com.au),https://www.dulux.com.au/colour/aquadulce,https://github.com/shanmoorthy/dulux-paint-colour-data,2026-09-20,RGB from public dataset; product page https://www.dulux.com.au/colour/aquadulce; full corpus n=5032; seed subsample for ΔE matching
Spandex Green,#36B14A,54,177,74,37,S24H8,Dulux,Dulux Australia World of Colour (via shanmoorthy scrape of dulux.com.au),https://www.dulux.com.au/colour/spandex-green,https://github.com/shanmoorthy/dulux-paint-colour-data,2026-09-20,RGB from public dataset; product page https://www.dulux.com.au/colour/spandex-green; full corpus n=5032; seed subsample for ΔE matching
Green Globe,#79AA85,121,170,133,39,S24E5,Dulux,Dulux Australia World of Colour (via shanmoorthy scrape of dulux.com.au),https://www.dulux.com.au/colour/green-globe,https://github.com/shanmoorthy/dulux-paint-colour-data,2026-09-20,RGB from public dataset; product page https://www.dulux.com.au/colour/green-globe; full corpus n=5032; seed subsample for ΔE matching
Ceramic Green,#3BB76F,59,183,111,40,S25H7,Dulux,Dulux Australia World of Colour (via shanmoorthy scrape of dulux.com.au),https://www.dulux.com.au/colour/ceramic-green,https://github.com/shanmoorthy/dulux-paint-colour-data,2026-09-20,RGB from public dataset; product page https://www.dulux.com.au/colour/ceramic-green; full corpus n=5032; seed subsample for ΔE matching
Forest Maid,#52B960,82,185,96,42,S24H7,Dulux,Dulux Australia World of Colour (via shanmoorthy scrape of dulux.com.au),https://www.dulux.com.au/colour/forest-maid,https://github.com/shanmoorthy/dulux-paint-colour-data,2026-09-20,RGB from public dataset; product page https://www.dulux.com.au/colour/forest-maid; full corpus n=5032; seed subsample for ΔE matching
Green Garter,#61BA82,97,186,130,44,S25G6,Dulux,Dulux Australia World of Colour (via shanmoorthy scrape of dulux.com.au),https://www.dulux.com.au/colour/green-garter,https://github.com/shanmoorthy/dulux-paint-colour-data,2026-09-20,RGB from public dataset; product page https://www.dulux.com.au/colour/green-garter; full corpus n=5032; seed subsample for ΔE matching
Enamelled Dragon,#54C585,84,197,133,47,S25H6,Dulux,Dulux Australia World of Colour (via shanmoorthy scrape of dulux.com.au),https://www.dulux.com.au/colour/enamelled-dragon,https://github.com/shanmoorthy/dulux-paint-colour-data,2026-09-20,RGB from public dataset; product page https://www.dulux.com.au/colour/enamelled-dragon; full corpus n=5032; seed subsample for ΔE matching
Midori,#68C675,104,198,117,49,S24H6,Dulux,Dulux Australia World of Colour (via shanmoorthy scrape of dulux.com.au),https://www.dulux.com.au/colour/midori,https://github.com/shanmoorthy/dulux-paint-colour-data,2026-09-20,RGB from public dataset; product page https://www.dulux.com.au/colour/midori; full corpus n=5032; seed subsample for ΔE matching
Leaf Bud,#95C095,149,192,149,50,S23E4,Dulux,Dulux Australia World of Colour (via shanmoorthy scrape of dulux.com.au),https://www.dulux.com.au/colour/leaf-bud,https://github.com/shanmoorthy/dulux-paint-colour-data,2026-09-20,RGB from public dataset; product page https://www.dulux.com.au/colour/leaf-bud; full corpus n=5032; seed subsample for ΔE matching
Delltone,#8FC39C,143,195,156,52,S24F4,Dulux,Dulux Australia World of Colour (via shanmoorthy scrape of dulux.com.au),https://www.dulux.com.au/colour/delltone,https://github.com/shanmoorthy/dulux-paint-colour-data,2026-09-20,RGB from public dataset; product page https://www.dulux.com.au/colour/delltone; full corpus n=5032; seed subsample for ΔE matching
Jube Green,#78CF83,120,207,131,54,S24H5,Dulux,Dulux Australia World of Colour (via shanmoorthy scrape of dulux.com.au),https://www.dulux.com.au/colour/jube-green,https://github.com/shanmoorthy/dulux-paint-colour-data,2026-09-20,RGB from public dataset; product page https://www.dulux.com.au/colour/jube-green; full corpus n=5032; seed subsample for ΔE matching
Peridot,#B6C6B6,182,198,182,58,S23B2,Dulux,Dulux Australia World of Colour (via shanmoorthy scrape of dulux.com.au),https://www.dulux.com.au/colour/peridot,https://github.com/shanmoorthy/dulux-paint-colour-data,2026-09-20,RGB from public dataset; product page https://www.dulux.com.au/colour/peridot; full corpus n=5032; seed subsample for ΔE matching
Mint Circle,#A8CDA9,168,205,169,59,S23E3,Dulux,Dulux Australia World of Colour (via shanmoorthy scrape of dulux.com.au),https://www.dulux.com.au/colour/mint-circle,https://github.com/shanmoorthy/dulux-paint-colour-data,2026-09-20,RGB from public dataset; product page https://www.dulux.com.au/colour/mint-circle; full corpus n=5032; seed subsample for ΔE matching
Patrice,#8CD99E,140,217,158,61,S24H4,Dulux,Dulux Australia World of Colour (via shanmoorthy scrape of dulux.com.au),https://www.dulux.com.au/colour/patrice,https://github.com/shanmoorthy/dulux-paint-colour-data,2026-09-20,RGB from public dataset; product page https://www.dulux.com.au/colour/patrice; full corpus n=5032; seed subsample for ΔE matching
Ginninderra,#B3D5BF,179,213,191,64,S24E2,Dulux,Dulux Australia World of Colour (via shanmoorthy scrape of dulux.com.au),https://www.dulux.com.au/colour/ginninderra,https://github.com/shanmoorthy/dulux-paint-colour-data,2026-09-20,RGB from public dataset; product page https://www.dulux.com.au/colour/ginninderra; full corpus n=5032; seed subsample for ΔE matching
Lamina,#BBD9BB,187,217,187,67,S23E2,Dulux,Dulux Australia World of Colour (via shanmoorthy scrape of dulux.com.au),https://www.dulux.com.au/colour/lamina,https://github.com/shanmoorthy/dulux-paint-colour-data,2026-09-20,RGB from public dataset; product page https://www.dulux.com.au/colour/lamina; full corpus n=5032; seed subsample for ΔE matching
Snow Goose,#C3D9CA,195,217,202,68,S25C1,Dulux,Dulux Australia World of Colour (via shanmoorthy scrape of dulux.com.au),https://www.dulux.com.au/colour/snow-goose,https://github.com/shanmoorthy/dulux-paint-colour-data,2026-09-20,RGB from public dataset; product page https://www.dulux.com.au/colour/snow-goose; full corpus n=5032; seed subsample for ΔE matching
Green Wash,#C6DDCD,198,221,205,71,S24D1,Dulux,Dulux Australia World of Colour (via shanmoorthy scrape of dulux.com.au),https://www.dulux.com.au/colour/green-wash,https://github.com/shanmoorthy/dulux-paint-colour-data,2026-09-20,RGB from public dataset; product page https://www.dulux.com.au/colour/green-wash; full corpus n=5032; seed subsample for ΔE matching
Metal Deluxe,#244342,36,67,66,7,S29B9,Dulux,Dulux Australia World of Colour (via shanmoorthy scrape of dulux.com.au),https://www.dulux.com.au/colour/metal-deluxe,https://github.com/shanmoorthy/dulux-paint-colour-data,2026-09-20,RGB from public dataset; product page https://www.dulux.com.au/colour/metal-deluxe; full corpus n=5032; seed subsample for ΔE matching
Briar,#3D4844,61,72,68,9,SG5G8,Dulux,Dulux Australia World of Colour (via shanmoorthy scrape of dulux.com.au),https://www.dulux.com.au/colour/briar,https://github.com/shanmoorthy/dulux-paint-colour-data,2026-09-20,RGB from public dataset; product page https://www.dulux.com.au/colour/briar; full corpus n=5032; seed subsample for ΔE matching
Rousseau Green,#175842,23,88,66,11,S26D9,Dulux,Dulux Australia World of Colour (via shanmoorthy scrape of dulux.com.au),https://www.dulux.com.au/colour/rousseau-green,https://github.com/shanmoorthy/dulux-paint-colour-data,2026-09-20,RGB from public dataset; product page https://www.dulux.com.au/colour/rousseau-green; full corpus n=5032; seed subsample for ΔE matching
Trail Blazer,#0D6059,13,96,89,12,S29E9,Dulux,Dulux Australia World of Colour (via shanmoorthy scrape of dulux.com.au),https://www.dulux.com.au/colour/trail-blazer,https://github.com/shanmoorthy/dulux-paint-colour-data,2026-09-20,RGB from public dataset; product page https://www.dulux.com.au/colour/trail-blazer; full corpus n=5032; seed subsample for ΔE matching
Strong Sage,#2B645E,43,100,94,14,S29A8,Dulux,Dulux Australia World of Colour (via shanmoorthy scrape of dulux.com.au),https://www.dulux.com.au/colour/strong-sage,https://github.com/shanmoorthy/dulux-paint-colour-data,2026-09-20,RGB from public dataset; product page https://www.dulux.com.au/colour/strong-sage; full corpus n=5032; seed subsample for ΔE matching
Magnetic Green,#2B6765,43,103,101,15,S30D8,Dulux,Dulux Australia World of Colour (via shanmoorthy scrape of dulux.com.au),https://www.dulux.com.au/colour/magnetic-green,https://github.com/shanmoorthy/dulux-paint-colour-data,2026-09-20,RGB from public dataset; product page https://www.dulux.com.au/colour/magnetic-green; full corpus n=5032; seed subsample for ΔE matching
Green Velvet,#127450,18,116,80,17,S26E8,Dulux,Dulux Australia World of Colour (via shanmoorthy scrape of dulux.com.au),https://www.dulux.com.au/colour/green-velvet,https://github.com/shanmoorthy/dulux-paint-colour-data,2026-09-20,RGB from public dataset; product page https://www.dulux.com.au/colour/green-velvet; full corpus n=5032; seed subsample for ΔE matching
Sink Hole,#48716C,72,113,108,18,S28C7,Dulux,Dulux Australia World of Colour (via shanmoorthy scrape of dulux.com.au),https://www.dulux.com.au/colour/sink-hole,https://github.com/shanmoorthy/dulux-paint-colour-data,2026-09-20,RGB from public dataset; product page https://www.dulux.com.au/colour/sink-hole; full corpus n=5032; seed subsample for ΔE matching
Peatmoss,#008447,0,132,71,20,S26H9,Dulux,Dulux Australia World of Colour (via shanmoorthy scrape of dulux.com.au),https://www.dulux.com.au/colour/peatmoss,https://github.com/shanmoorthy/dulux-paint-colour-data,2026-09-20,RGB from public dataset; product page https://www.dulux.com.au/colour/peatmoss; full corpus n=5032; seed subsample for ΔE matching
Green Belt,#2D7F69,45,127,105,21,S27F8,Dulux,Dulux Australia World of Colour (via shanmoorthy scrape of dulux.com.au),https://www.dulux.com.au/colour/green-belt,https://github.com/shanmoorthy/dulux-paint-colour-data,2026-09-20,RGB from public dataset; product page https://www.dulux.com.au/colour/green-belt; full corpus n=5032; seed subsample for ΔE matching
Penzance,#627E74,98,126,116,23,S27A6,Dulux,Dulux Australia World of Colour (via shanmoorthy scrape of dulux.com.au),https://www.dulux.com.au/colour/penzance,https://github.com/shanmoorthy/dulux-paint-colour-data,2026-09-20,RGB from public dataset; product page https://www.dulux.com.au/colour/penzance; full corpus n=5032; seed subsample for ΔE matching
Green Sea,#6C7D7A,108,125,122,24,SG5G5,Dulux,Dulux Australia World of Colour (via shanmoorthy scrape of dulux.com.au),https://www.dulux.com.au/colour/green-sea,https://github.com/shanmoorthy/dulux-paint-colour-data,2026-09-20,RGB from public dataset; product page https://www.dulux.com.au/colour/green-sea; full corpus n=5032; seed subsample for ΔE matching
Tsunami,#289183,40,145,131,26,S28F7,Dulux,Dulux Australia World of Colour (via shanmoorthy scrape of dulux.com.au),https://www.dulux.com.au/colour/tsunami,https://github.com/shanmoorthy/dulux-paint-colour-data,2026-09-20,RGB from public dataset; product page https://www.dulux.com.au/colour/tsunami; full corpus n=5032; seed subsample for ΔE matching
Jadeite,#6E8B82,110,139,130,28,S27A5,Dulux,Dulux Australia World of Colour (via shanmoorthy scrape of dulux.com.au),https://www.dulux.com.au/colour/jadeite,https://github.com/shanmoorthy/dulux-paint-colour-data,2026-09-20,RGB from public dataset; product page https://www.dulux.com.au/colour/jadeite; full corpus n=5032; seed subsample for ΔE matching
Greenway,#419A7A,65,154,122,30,S26F7,Dulux,Dulux Australia World of Colour (via shanmoorthy scrape of dulux.com.au),https://www.dulux.com.au/colour/greenway,https://github.com/shanmoorthy/dulux-paint-colour-data,2026-09-20,RGB from public dataset; product page https://www.dulux.com.au/colour/greenway; full corpus n=5032; seed subsample for ΔE matching
Majorca Blue,#4A9C92,74,156,146,32,S28E6,Dulux,Dulux Australia World of Colour (via shanmoorthy scrape of dulux.com.au),https://www.dulux.com.au/colour/majorca-blue,https://github.com/shanmoorthy/dulux-paint-colour-data,2026-09-20,RGB from public dataset; product page https://www.dulux.com.au/colour/majorca-blue; full corpus n=5032; seed subsample for ΔE matching
Shindig,#00A98A,0,169,138,34,S27G7,Dulux,Dulux Australia World of Colour (via shanmoorthy scrape of dulux.com.au),https://www.dulux.com.au/colour/shindig,https://github.com/shanmoorthy/dulux-paint-colour-data,2026-09-20,RGB from public dataset; product page https://www.dulux.com.au/colour/shindig; full corpus n=5032; seed subsample for ΔE matching
Paradise Island,#5AA79D,90,167,157,37,S28E5,Dulux,Dulux Australia World of Colour (via shanmoorthy scrape of dulux.com.au),https://www.dulux.com.au/colour/paradise-island,https://github.com/shanmoorthy/dulux-paint-colour-data,2026-09-20,RGB from public dataset; product page https://www.dulux.com.au/colour/paradise-island; full corpus n=5032; seed subsample for ΔE matching
Beckett,#85A698,133,166,152,39,S26B4,Dulux,Dulux Australia World of Colour (via shanmoorthy scrape of dulux.com.au),https://www.dulux.com.au/colour/beckett,https://github.com/shanmoorthy/dulux-paint-colour-data,2026-09-20,RGB from public dataset; product page https://www.dulux.com.au/colour/beckett; full corpus n=5032; seed subsample for ΔE matching
Corsican,#85AC9C,133,172,156,42,S26C4,Dulux,Dulux Australia World of Colour (via shanmoorthy scrape of dulux.com.au),https://www.dulux.com.au/colour/corsican,https://github.com/shanmoorthy/dulux-paint-colour-data,2026-09-20,RGB from public dataset; product page https://www.dulux.com.au/colour/corsican; full corpus n=5032; seed subsample for ΔE matching
Le Max,#85B2A0,133,178,160,44,S26D4,Dulux,Dulux Australia World of Colour (via shanmoorthy scrape of dulux.com.au),https://www.dulux.com.au/colour/le-max,https://github.com/shanmoorthy/dulux-paint-colour-data,2026-09-20,RGB from public dataset; product page https://www.dulux.com.au/colour/le-max; full corpus n=5032; seed subsample for ΔE matching
Duck Egg Blue,#97B2B0,151,178,176,46,S28A3,Dulux,Dulux Australia World of Colour (via shanmoorthy scrape of dulux.com.au),https://www.dulux.com.au/colour/duck-egg-blue,https://github.com/shanmoorthy/dulux-paint-colour-data,2026-09-20,RGB from public dataset; product page https://www.dulux.com.au/colour/duck-egg-blue; full corpus n=5032; seed subsample for ΔE matching
Baroque Blue,#95B6B4,149,182,180,48,S28B3,Dulux,Dulux Australia World of Colour (via shanmoorthy scrape of dulux.com.au),https://www.dulux.com.au/colour/baroque-blue,https://github.com/shanmoorthy/dulux-paint-colour-data,2026-09-20,RGB from public dataset; product page https://www.dulux.com.au/colour/baroque-blue; full corpus n=5032; seed subsample for ΔE matching
Chinese Lacquer,#60C7BF,96,199,191,51,S28G4,Dulux,Dulux Australia World of Colour (via shanmoorthy scrape of dulux.com.au),https://www.dulux.com.au/colour/chinese-lacquer,https://github.com/shanmoorthy/dulux-paint-colour-data,2026-09-20,RGB from public dataset; product page https://www.dulux.com.au/colour/chinese-lacquer; full corpus n=5032; seed subsample for ΔE matching
Clunies,#AEBEB9,174,190,185,53,SG5H2,Dulux,Dulux Australia World of Colour (via shanmoorthy scrape of dulux.com.au),https://www.dulux.com.au/colour/clunies,https://github.com/shanmoorthy/dulux-paint-colour-data,2026-09-20,RGB from public dataset; product page https://www.dulux.com.au/colour/clunies; full corpus n=5032; seed subsample for ΔE matching
Deco-Rate,#8FCBBE,143,203,190,56,S27E3,Dulux,Dulux Australia World of Colour (via shanmoorthy scrape of dulux.com.au),https://www.dulux.com.au/colour/deco-rate,https://github.com/shanmoorthy/dulux-paint-colour-data,2026-09-20,RGB from public dataset; product page https://www.dulux.com.au/colour/deco-rate; full corpus n=5032; seed subsample for ΔE matching
Nadia,#AFC9BF,175,201,191,59,S26B2,Dulux,Dulux Australia World of Colour (via shanmoorthy scrape of dulux.com.au),https://www.dulux.com.au/colour/nadia,https://github.com/shanmoorthy/dulux-paint-colour-data,2026-09-20,RGB from public dataset; product page https://www.dulux.com.au/colour/nadia; full corpus n=5032; seed subsample for ΔE matching
Green Essence,#ACCFC6,172,207,198,61,S27C2,Dulux,Dulux Australia World of Colour (via shanmoorthy scrape of dulux.com.au),https://www.dulux.com.au/colour/green-essence,https://github.com/shanmoorthy/dulux-paint-colour-data,2026-09-20,RGB from public dataset; product page https://www.dulux.com.au/colour/green-essence; full corpus n=5032; seed subsample for ΔE matching
White Box,#BFD0C9,191,208,201,64,S26A1,Dulux,Dulux Australia World of Colour (via shanmoorthy scrape of dulux.com.au),https://www.dulux.com.au/colour/white-box,https://github.com/shanmoorthy/dulux-paint-colour-data,2026-09-20,RGB from public dataset; product page https://www.dulux.com.au/colour/white-box; full corpus n=5032; seed subsample for ΔE matching
Pale Icelandish,#BDD4D0,189,212,208,66,S28B1,Dulux,Dulux Australia World of Colour (via shanmoorthy scrape of dulux.com.au),https://www.dulux.com.au/colour/pale-icelandish,https://github.com/shanmoorthy/dulux-paint-colour-data,2026-09-20,RGB from public dataset; product page https://www.dulux.com.au/colour/pale-icelandish; full corpus n=5032; seed subsample for ΔE matching
Green Gum,#95E3BD,149,227,189,68,S25H3,Dulux,Dulux Australia World of Colour (via shanmoorthy scrape of dulux.com.au),https://www.dulux.com.au/colour/green-gum,https://github.com/shanmoorthy/dulux-paint-colour-data,2026-09-20,RGB from public dataset; product page https://www.dulux.com.au/colour/green-gum; full corpus n=5032; seed subsample for ΔE matching
Neverland,#9CE5D4,156,229,212,71,S27H2,Dulux,Dulux Australia World of Colour (via shanmoorthy scrape of dulux.com.au),https://www.dulux.com.au/colour/neverland,https://github.com/shanmoorthy/dulux-paint-colour-data,2026-09-20,RGB from public dataset; product page https://www.dulux.com.au/colour/neverland; full corpus n=5032; seed subsample for ΔE matching
Cool Crayon,#B0E6E1,176,230,225,74,S28G1,Dulux,Dulux Australia World of Colour (via shanmoorthy scrape of dulux.com.au),https://www.dulux.com.au/colour/cool-crayon,https://github.com/shanmoorthy/dulux-paint-colour-data,2026-09-20,RGB from public dataset; product page https://www.dulux.com.au/colour/cool-crayon; full corpus n=5032; seed subsample for ΔE matching
Picnic Bay Half,#CDE5DD,205,229,221,77,S27D1H,Dulux,Dulux Australia World of Colour (via shanmoorthy scrape of dulux.com.au),https://www.dulux.com.au/colour/picnic-bay-half,https://github.com/shanmoorthy/dulux-paint-colour-data,2026-09-20,RGB from public dataset; product page https://www.dulux.com.au/colour/picnic-bay-half; full corpus n=5032; seed subsample for ΔE matching
Cruel Sea,#213738,33,55,56,5,S29A9,Dulux,Dulux Australia World of Colour (via shanmoorthy scrape of dulux.com.au),https://www.dulux.com.au/colour/cruel-sea,https://github.com/shanmoorthy/dulux-paint-colour-data,2026-09-20,RGB from public dataset; product page https://www.dulux.com.au/colour/cruel-sea; full corpus n=5032; seed subsample for ΔE matching
Sir Edmund,#20435D,32,67,93,8,S36E9,Dulux,Dulux Australia World of Colour (via shanmoorthy scrape of dulux.com.au),https://www.dulux.com.au/colour/sir-edmund,https://github.com/shanmoorthy/dulux-paint-colour-data,2026-09-20,RGB from public dataset; product page https://www.dulux.com.au/colour/sir-edmund; full corpus n=5032; seed subsample for ΔE matching
Genetic Code,#18535D,24,83,93,10,S32D9,Dulux,Dulux Australia World of Colour (via shanmoorthy scrape of dulux.com.au),https://www.dulux.com.au/colour/genetic-code,https://github.com/shanmoorthy/dulux-paint-colour-data,2026-09-20,RGB from public dataset; product page https://www.dulux.com.au/colour/genetic-code; full corpus n=5032; seed subsample for ΔE matching
Cold Sea Currents,#32555E,50,85,94,11,S33B8,Dulux,Dulux Australia World of Colour (via shanmoorthy scrape of dulux.com.au),https://www.dulux.com.au/colour/cold-sea-currents,https://github.com/shanmoorthy/dulux-paint-colour-data,2026-09-20,RGB from public dataset; product page https://www.dulux.com.au/colour/cold-sea-currents; full corpus n=5032; seed subsample for ΔE matching
Egyptian Enamel,#006069,0,96,105,12,S31H9,Dulux,Dulux Australia World of Colour (via shanmoorthy scrape of dulux.com.au),https://www.dulux.com.au/colour/egyptian-enamel,https://github.com/shanmoorthy/dulux-paint-colour-data,2026-09-20,RGB from public dataset; product page https://www.dulux.com.au/colour/egyptian-enamel; full corpus n=5032; seed subsample for ΔE matching
Deep Sapphire,#205D70,32,93,112,13,S33D7,Dulux,Dulux Australia World of Colour (via shanmoorthy scrape of dulux.com.au),https://www.dulux.com.au/colour/deep-sapphire,https://github.com/shanmoorthy/dulux-paint-colour-data,2026-09-20,RGB from public dataset; product page https://www.dulux.com.au/colour/deep-sapphire; full corpus n=5032; seed subsample for ΔE matching
Walter,#4E5B5C,78,91,92,14,SG5G7,Dulux,Dulux Australia World of Colour (via shanmoorthy scrape of dulux.com.au),https://www.dulux.com.au/colour/walter,https://github.com/shanmoorthy/dulux-paint-colour-data,2026-09-20,RGB from public dataset; product page https://www.dulux.com.au/colour/walter; full corpus n=5032; seed subsample for ΔE matching
Byron Place,#31697D,49,105,125,16,S34B6,Dulux,Dulux Australia World of Colour (via shanmoorthy scrape of dulux.com.au),https://www.dulux.com.au/colour/byron-place,https://github.com/shanmoorthy/dulux-paint-colour-data,2026-09-20,RGB from public dataset; product page https://www.dulux.com.au/colour/byron-place; full corpus n=5032; seed subsample for ΔE matching
Licorice Ice Cream,#5E656B,94,101,107,17,SG6C8,Dulux,Dulux Australia World of Colour (via shanmoorthy scrape of dulux.com.au),https://www.dulux.com.au/colour/licorice-ice-cream,https://github.com/shanmoorthy/dulux-paint-colour-data,2026-09-20,RGB from public dataset; product page https://www.dulux.com.au/colour/licorice-ice-cream; full corpus n=5032; seed subsample for ΔE matching
Oceanic,#4F6F81,79,111,129,19,S36B5,Dulux,Dulux Australia World of Colour (via shanmoorthy scrape of dulux.com.au),https://www.dulux.com.au/colour/oceanic,https://github.com/shanmoorthy/dulux-paint-colour-data,2026-09-20,RGB from public dataset; product page https://www.dulux.com.au/colour/oceanic; full corpus n=5032; seed subsample for ΔE matching
Blue Venus,#397E80,57,126,128,21,S31B5,Dulux,Dulux Australia World of Colour (via shanmoorthy scrape of dulux.com.au),https://www.dulux.com.au/colour/blue-venus,https://github.com/shanmoorthy/dulux-paint-colour-data,2026-09-20,RGB from public dataset; product page https://www.dulux.com.au/colour/blue-venus; full corpus n=5032; seed subsample for ΔE matching
Kingfisher Sheen,#0084A2,0,132,162,22,S33H6,Dulux,Dulux Australia World of Colour (via shanmoorthy scrape of dulux.com.au),https://www.dulux.com.au/colour/kingfisher-sheen,https://github.com/shanmoorthy/dulux-paint-colour-data,2026-09-20,RGB from public dataset; product page https://www.dulux.com.au/colour/kingfisher-sheen; full corpus n=5032; seed subsample for ΔE matching
Blue Arc,#008AA1,0,138,161,24,S32G6,Dulux,Dulux Australia World of Colour (via shanmoorthy scrape of dulux.com.au),https://www.dulux.com.au/colour/blue-arc,https://github.com/shanmoorthy/dulux-paint-colour-data,2026-09-20,RGB from public dataset; product page https://www.dulux.com.au/colour/blue-arc; full corpus n=5032; seed subsample for ΔE matching
Battle Blue,#74838F,116,131,143,26,S37A4,Dulux,Dulux Australia World of Colour (via shanmoorthy scrape of dulux.com.au),https://www.dulux.com.au/colour/battle-blue,https://github.com/shanmoorthy/dulux-paint-colour-data,2026-09-20,RGB from public dataset; product page https://www.dulux.com.au/colour/battle-blue; full corpus n=5032; seed subsample for ΔE matching
Casting Sea,#458AC7,69,138,199,28,S39H5,Dulux,Dulux Australia World of Colour (via shanmoorthy scrape of dulux.com.au),https://www.dulux.com.au/colour/casting-sea,https://github.com/shanmoorthy/dulux-paint-colour-data,2026-09-20,RGB from public dataset; product page https://www.dulux.com.au/colour/casting-sea; full corpus n=5032; seed subsample for ΔE matching
Water Welt,#3998AF,57,152,175,31,S33E4,Dulux,Dulux Australia World of Colour (via shanmoorthy scrape of dulux.com.au),https://www.dulux.com.au/colour/water-welt,https://github.com/shanmoorthy/dulux-paint-colour-data,2026-09-20,RGB from public dataset; product page https://www.dulux.com.au/colour/water-welt; full corpus n=5032; seed subsample for ΔE matching
Rockpool,#51A1A1,81,161,161,34,S29E5,Dulux,Dulux Australia World of Colour (via shanmoorthy scrape of dulux.com.au),https://www.dulux.com.au/colour/rockpool,https://github.com/shanmoorthy/dulux-paint-colour-data,2026-09-20,RGB from public dataset; product page https://www.dulux.com.au/colour/rockpool; full corpus n=5032; seed subsample for ΔE matching
Teal Essence,#3DA7AE,61,167,174,36,S30G5,Dulux,Dulux Australia World of Colour (via shanmoorthy scrape of dulux.com.au),https://www.dulux.com.au/colour/teal-essence,https://github.com/shanmoorthy/dulux-paint-colour-data,2026-09-20,RGB from public dataset; product page https://www.dulux.com.au/colour/teal-essence; full corpus n=5032; seed subsample for ΔE matching
Blue Mercury,#67A8AC,103,168,172,38,S31B3,Dulux,Dulux Australia World of Colour (via shanmoorthy scrape of dulux.com.au),https://www.dulux.com.au/colour/blue-mercury,https://github.com/shanmoorthy/dulux-paint-colour-data,2026-09-20,RGB from public dataset; product page https://www.dulux.com.au/colour/blue-mercury; full corpus n=5032; seed subsample for ΔE matching
Blue Astro,#50ACD9,80,172,217,41,S35G3,Dulux,Dulux Australia World of Colour (via shanmoorthy scrape of dulux.com.au),https://www.dulux.com.au/colour/blue-astro,https://github.com/shanmoorthy/dulux-paint-colour-data,2026-09-20,RGB from public dataset; product page https://www.dulux.com.au/colour/blue-astro; full corpus n=5032; seed subsample for ΔE matching
Blue Bobbin,#52B8CA,82,184,202,44,S32F3,Dulux,Dulux Australia World of Colour (via shanmoorthy scrape of dulux.com.au),https://www.dulux.com.au/colour/blue-bobbin,https://github.com/shanmoorthy/dulux-paint-colour-data,2026-09-20,RGB from public dataset; product page https://www.dulux.com.au/colour/blue-bobbin; full corpus n=5032; seed subsample for ΔE matching
Lucea,#7CB2E1,124,178,225,46,S39H3,Dulux,Dulux Australia World of Colour (via shanmoorthy scrape of dulux.com.au),https://www.dulux.com.au/colour/lucea,https://github.com/shanmoorthy/dulux-paint-colour-data,2026-09-20,RGB from public dataset; product page https://www.dulux.com.au/colour/lucea; full corpus n=5032; seed subsample for ΔE matching
Tranquil Bay,#74BDDE,116,189,222,49,S35F2,Dulux,Dulux Australia World of Colour (via shanmoorthy scrape of dulux.com.au),https://www.dulux.com.au/colour/tranquil-bay,https://github.com/shanmoorthy/dulux-paint-colour-data,2026-09-20,RGB from public dataset; product page https://www.dulux.com.au/colour/tranquil-bay; full corpus n=5032; seed subsample for ΔE matching
Heaven Sent,#A7BBC6,167,187,198,52,S35A1,Dulux,Dulux Australia World of Colour (via shanmoorthy scrape of dulux.com.au),https://www.dulux.com.au/colour/heaven-sent,https://github.com/shanmoorthy/dulux-paint-colour-data,2026-09-20,RGB from public dataset; product page https://www.dulux.com.au/colour/heaven-sent; full corpus n=5032; seed subsample for ΔE matching
Vanilla Ice,#A4C0CD,164,192,205,54,S35B1,Dulux,Dulux Australia World of Colour (via shanmoorthy scrape of dulux.com.au),https://www.dulux.com.au/colour/vanilla-ice,https://github.com/shanmoorthy/dulux-paint-colour-data,2026-09-20,RGB from public dataset; product page https://www.dulux.com.au/colour/vanilla-ice; full corpus n=5032; seed subsample for ΔE matching
Twin Cities,#A4C8C8,164,200,200,57,S29C2,Dulux,Dulux Australia World of Colour (via shanmoorthy scrape of dulux.com.au),https://www.dulux.com.au/colour/twin-cities,https://github.com/shanmoorthy/dulux-paint-colour-data,2026-09-20,RGB from public dataset; product page https://www.dulux.com.au/colour/twin-cities; full corpus n=5032; seed subsample for ΔE matching
Star Gate,#B7C5D3,183,197,211,59,S37C1,Dulux,Dulux Australia World of Colour (via shanmoorthy scrape of dulux.com.au),https://www.dulux.com.au/colour/star-gate,https://github.com/shanmoorthy/dulux-paint-colour-data,2026-09-20,RGB from public dataset; product page https://www.dulux.com.au/colour/star-gate; full corpus n=5032; seed subsample for ΔE matching
Piccolo,#8BD5E2,139,213,226,62,S32H1,Dulux,Dulux Australia World of Colour (via shanmoorthy scrape of dulux.com.au),https://www.dulux.com.au/colour/piccolo,https://github.com/shanmoorthy/dulux-paint-colour-data,2026-09-20,RGB from public dataset; product page https://www.dulux.com.au/colour/piccolo; full corpus n=5032; seed subsample for ΔE matching
Relax,#B9D3D3,185,211,211,65,S29B1,Dulux,Dulux Australia World of Colour (via shanmoorthy scrape of dulux.com.au),https://www.dulux.com.au/colour/relax,https://github.com/shanmoorthy/dulux-paint-colour-data,2026-09-20,RGB from public dataset; product page https://www.dulux.com.au/colour/relax; full corpus n=5032; seed subsample for ΔE matching
Mr Frosty Half,#B7D4E3,183,212,227,66,S36D1H,Dulux,Dulux Australia World of Colour (via shanmoorthy scrape of dulux.com.au),https://www.dulux.com.au/colour/mr-frosty-half,https://github.com/shanmoorthy/dulux-paint-colour-data,2026-09-20,RGB from public dataset; product page https://www.dulux.com.au/colour/mr-frosty-half; full corpus n=5032; seed subsample for ΔE matching
Piccolo Half,#A4DFE9,164,223,233,69,S32H1H,Dulux,Dulux Australia World of Colour (via shanmoorthy scrape of dulux.com.au),https://www.dulux.com.au/colour/piccolo-half,https://github.com/shanmoorthy/dulux-paint-colour-data,2026-09-20,RGB from public dataset; product page https://www.dulux.com.au/colour/piccolo-half; full corpus n=5032; seed subsample for ΔE matching
Vandamint,#ABE0E4,171,224,228,71,S29F1,Dulux,Dulux Australia World of Colour (via shanmoorthy scrape of dulux.com.au),https://www.dulux.com.au/colour/vandamint,https://github.com/shanmoorthy/dulux-paint-colour-data,2026-09-20,RGB from public dataset; product page https://www.dulux.com.au/colour/vandamint; full corpus n=5032; seed subsample for ΔE matching
Blue Glint Quarter,#BCE0E8,188,224,232,73,S33D1Q,Dulux,Dulux Australia World of Colour (via shanmoorthy scrape of dulux.com.au),https://www.dulux.com.au/colour/blue-glint-quarter,https://github.com/shanmoorthy/dulux-paint-colour-data,2026-09-20,RGB from public dataset; product page https://www.dulux.com.au/colour/blue-glint-quarter; full corpus n=5032; seed subsample for ΔE matching
Time Travel Quarter,#D3DEE7,211,222,231,75,S39C1Q,Dulux,Dulux Australia World of Colour (via shanmoorthy scrape of dulux.com.au),https://www.dulux.com.au/colour/time-travel-quarter,https://github.com/shanmoorthy/dulux-paint-colour-data,2026-09-20,RGB from public dataset; product page https://www.dulux.com.au/colour/time-travel-quarter; full corpus n=5032; seed subsample for ΔE matching
Russell,#2F3049,47,48,73,5,NZ10F8,Dulux,Dulux Australia World of Colour (via shanmoorthy scrape of dulux.com.au),https://www.dulux.com.au/colour/russell,https://github.com/shanmoorthy/dulux-paint-colour-data,2026-09-20,RGB from public dataset; product page https://www.dulux.com.au/colour/russell; full corpus n=5032; seed subsample for ΔE matching
Piha,#31363B,49,54,59,6,NZ10G1,Dulux,Dulux Australia World of Colour (via shanmoorthy scrape of dulux.com.au),https://www.dulux.com.au/colour/piha,https://github.com/shanmoorthy/dulux-paint-colour-data,2026-09-20,RGB from public dataset; product page https://www.dulux.com.au/colour/piha; full corpus n=5032; seed subsample for ΔE matching
Navy Trim,#203662,32,54,98,6,S41G9,Dulux,Dulux Australia World of Colour (via shanmoorthy scrape of dulux.com.au),https://www.dulux.com.au/colour/navy-trim,https://github.com/shanmoorthy/dulux-paint-colour-data,2026-09-20,RGB from public dataset; product page https://www.dulux.com.au/colour/navy-trim; full corpus n=5032; seed subsample for ΔE matching
Blue Fantastic,#2C3C4D,44,60,77,7,S38D9,Dulux,Dulux Australia World of Colour (via shanmoorthy scrape of dulux.com.au),https://www.dulux.com.au/colour/blue-fantastic,https://github.com/shanmoorthy/dulux-paint-colour-data,2026-09-20,RGB from public dataset; product page https://www.dulux.com.au/colour/blue-fantastic; full corpus n=5032; seed subsample for ΔE matching
Night Life,#28446B,40,68,107,8,S40E9,Dulux,Dulux Australia World of Colour (via shanmoorthy scrape of dulux.com.au),https://www.dulux.com.au/colour/night-life,https://github.com/shanmoorthy/dulux-paint-colour-data,2026-09-20,RGB from public dataset; product page https://www.dulux.com.au/colour/night-life; full corpus n=5032; seed subsample for ΔE matching
Blue Ash,#414754,65,71,84,9,S40B8,Dulux,Dulux Australia World of Colour (via shanmoorthy scrape of dulux.com.au),https://www.dulux.com.au/colour/blue-ash,https://github.com/shanmoorthy/dulux-paint-colour-data,2026-09-20,RGB from public dataset; product page https://www.dulux.com.au/colour/blue-ash; full corpus n=5032; seed subsample for ΔE matching
Chronicle,#3E4365,62,67,101,9,S42E8,Dulux,Dulux Australia World of Colour (via shanmoorthy scrape of dulux.com.au),https://www.dulux.com.au/colour/chronicle,https://github.com/shanmoorthy/dulux-paint-colour-data,2026-09-20,RGB from public dataset; product page https://www.dulux.com.au/colour/chronicle; full corpus n=5032; seed subsample for ΔE matching
Buster,#3E4C69,62,76,105,10,S40D8,Dulux,Dulux Australia World of Colour (via shanmoorthy scrape of dulux.com.au),https://www.dulux.com.au/colour/buster,https://github.com/shanmoorthy/dulux-paint-colour-data,2026-09-20,RGB from public dataset; product page https://www.dulux.com.au/colour/buster; full corpus n=5032; seed subsample for ΔE matching
Isolation,#494D55,73,77,85,11,S39A7,Dulux,Dulux Australia World of Colour (via shanmoorthy scrape of dulux.com.au),https://www.dulux.com.au/colour/isolation,https://github.com/shanmoorthy/dulux-paint-colour-data,2026-09-20,RGB from public dataset; product page https://www.dulux.com.au/colour/isolation; full corpus n=5032; seed subsample for ΔE matching
Overtake,#33577E,51,87,126,12,S37F8,Dulux,Dulux Australia World of Colour (via shanmoorthy scrape of dulux.com.au),https://www.dulux.com.au/colour/overtake,https://github.com/shanmoorthy/dulux-paint-colour-data,2026-09-20,RGB from public dataset; product page https://www.dulux.com.au/colour/overtake; full corpus n=5032; seed subsample for ΔE matching
Royal Consort,#2E5986,46,89,134,13,S37G8,Dulux,Dulux Australia World of Colour (via shanmoorthy scrape of dulux.com.au),https://www.dulux.com.au/colour/royal-consort,https://github.com/shanmoorthy/dulux-paint-colour-data,2026-09-20,RGB from public dataset; product page https://www.dulux.com.au/colour/royal-consort; full corpus n=5032; seed subsample for ΔE matching
Carter's Scroll,#405B78,64,91,120,14,S39D7,Dulux,Dulux Australia World of Colour (via shanmoorthy scrape of dulux.com.au),https://www.dulux.com.au/colour/carters-scroll,https://github.com/shanmoorthy/dulux-paint-colour-data,2026-09-20,RGB from public dataset; product page https://www.dulux.com.au/colour/carters-scroll; full corpus n=5032; seed subsample for ΔE matching
Integra,#406194,64,97,148,15,S40F7,Dulux,Dulux Australia World of Colour (via shanmoorthy scrape of dulux.com.au),https://www.dulux.com.au/colour/integra,https://github.com/shanmoorthy/dulux-paint-colour-data,2026-09-20,RGB from public dataset; product page https://www.dulux.com.au/colour/integra; full corpus n=5032; seed subsample for ΔE matching
Blueribbon Beauty,#3E6790,62,103,144,16,S38G7,Dulux,Dulux Australia World of Colour (via shanmoorthy scrape of dulux.com.au),https://www.dulux.com.au/colour/blueribbon-beauty,https://github.com/shanmoorthy/dulux-paint-colour-data,2026-09-20,RGB from public dataset; product page https://www.dulux.com.au/colour/blueribbon-beauty; full corpus n=5032; seed subsample for ΔE matching
Bio Blue,#45619D,69,97,157,16,SB8E5,Dulux,Dulux Australia World of Colour (via shanmoorthy scrape of dulux.com.au),https://www.dulux.com.au/colour/bio-blue,https://github.com/shanmoorthy/dulux-paint-colour-data,2026-09-20,RGB from public dataset; product page https://www.dulux.com.au/colour/bio-blue; full corpus n=5032; seed subsample for ΔE matching
Monsieur,#606A74,96,106,116,18,SG6D5,Dulux,Dulux Australia World of Colour (via shanmoorthy scrape of dulux.com.au),https://www.dulux.com.au/colour/monsieur,https://github.com/shanmoorthy/dulux-paint-colour-data,2026-09-20,RGB from public dataset; product page https://www.dulux.com.au/colour/monsieur; full corpus n=5032; seed subsample for ΔE matching
Buoyant,#65717E,101,113,126,20,S38B5,Dulux,Dulux Australia World of Colour (via shanmoorthy scrape of dulux.com.au),https://www.dulux.com.au/colour/buoyant,https://github.com/shanmoorthy/dulux-paint-colour-data,2026-09-20,RGB from public dataset; product page https://www.dulux.com.au/colour/buoyant; full corpus n=5032; seed subsample for ΔE matching
Boathouse,#577390,87,115,144,21,S38E6,Dulux,Dulux Australia World of Colour (via shanmoorthy scrape of dulux.com.au),https://www.dulux.com.au/colour/boathouse,https://github.com/shanmoorthy/dulux-paint-colour-data,2026-09-20,RGB from public dataset; product page https://www.dulux.com.au/colour/boathouse; full corpus n=5032; seed subsample for ΔE matching
Imperial Blue,#6871A1,104,113,161,22,S42E6,Dulux,Dulux Australia World of Colour (via shanmoorthy scrape of dulux.com.au),https://www.dulux.com.au/colour/imperial-blue,https://github.com/shanmoorthy/dulux-paint-colour-data,2026-09-20,RGB from public dataset; product page https://www.dulux.com.au/colour/imperial-blue; full corpus n=5032; seed subsample for ΔE matching
Night Thistle,#6B7DA7,107,125,167,25,S41F5,Dulux,Dulux Australia World of Colour (via shanmoorthy scrape of dulux.com.au),https://www.dulux.com.au/colour/night-thistle,https://github.com/shanmoorthy/dulux-paint-colour-data,2026-09-20,RGB from public dataset; product page https://www.dulux.com.au/colour/night-thistle; full corpus n=5032; seed subsample for ΔE matching
Strap,#7B7F88,123,127,136,26,SG6F4,Dulux,Dulux Australia World of Colour (via shanmoorthy scrape of dulux.com.au),https://www.dulux.com.au/colour/strap,https://github.com/shanmoorthy/dulux-paint-colour-data,2026-09-20,RGB from public dataset; product page https://www.dulux.com.au/colour/strap; full corpus n=5032; seed subsample for ΔE matching
Ruski,#7C828E,124,130,142,27,SG6E4,Dulux,Dulux Australia World of Colour (via shanmoorthy scrape of dulux.com.au),https://www.dulux.com.au/colour/ruski,https://github.com/shanmoorthy/dulux-paint-colour-data,2026-09-20,RGB from public dataset; product page https://www.dulux.com.au/colour/ruski; full corpus n=5032; seed subsample for ΔE matching
Sea Glass,#7A8DA1,122,141,161,31,S37C4,Dulux,Dulux Australia World of Colour (via shanmoorthy scrape of dulux.com.au),https://www.dulux.com.au/colour/sea-glass,https://github.com/shanmoorthy/dulux-paint-colour-data,2026-09-20,RGB from public dataset; product page https://www.dulux.com.au/colour/sea-glass; full corpus n=5032; seed subsample for ΔE matching
Slipper Island,#8991B3,137,145,179,34,NZ10F3,Dulux,Dulux Australia World of Colour (via shanmoorthy scrape of dulux.com.au),https://www.dulux.com.au/colour/slipper-island,https://github.com/shanmoorthy/dulux-paint-colour-data,2026-09-20,RGB from public dataset; product page https://www.dulux.com.au/colour/slipper-island; full corpus n=5032; seed subsample for ΔE matching
Class Blue,#91969F,145,150,159,35,SG6F3,Dulux,Dulux Australia World of Colour (via shanmoorthy scrape of dulux.com.au),https://www.dulux.com.au/colour/class-blue,https://github.com/shanmoorthy/dulux-paint-colour-data,2026-09-20,RGB from public dataset; product page https://www.dulux.com.au/colour/class-blue; full corpus n=5032; seed subsample for ΔE matching
Atom Blue,#8F9DAC,143,157,172,38,S38B3,Dulux,Dulux Australia World of Colour (via shanmoorthy scrape of dulux.com.au),https://www.dulux.com.au/colour/atom-blue,https://github.com/shanmoorthy/dulux-paint-colour-data,2026-09-20,RGB from public dataset; product page https://www.dulux.com.au/colour/atom-blue; full corpus n=5032; seed subsample for ΔE matching
Canary Wharf,#91A2B5,145,162,181,40,S38C3,Dulux,Dulux Australia World of Colour (via shanmoorthy scrape of dulux.com.au),https://www.dulux.com.au/colour/canary-wharf,https://github.com/shanmoorthy/dulux-paint-colour-data,2026-09-20,RGB from public dataset; product page https://www.dulux.com.au/colour/canary-wharf; full corpus n=5032; seed subsample for ΔE matching
Wild Phlox,#9EA6C3,158,166,195,43,S42D3,Dulux,Dulux Australia World of Colour (via shanmoorthy scrape of dulux.com.au),https://www.dulux.com.au/colour/wild-phlox,https://github.com/shanmoorthy/dulux-paint-colour-data,2026-09-20,RGB from public dataset; product page https://www.dulux.com.au/colour/wild-phlox; full corpus n=5032; seed subsample for ΔE matching
Wily William,#A3ABB3,163,171,179,45,SG5B2,Dulux,Dulux Australia World of Colour (via shanmoorthy scrape of dulux.com.au),https://www.dulux.com.au/colour/wily-william,https://github.com/shanmoorthy/dulux-paint-colour-data,2026-09-20,RGB from public dataset; product page https://www.dulux.com.au/colour/wily-william; full corpus n=5032; seed subsample for ΔE matching
Traditional Mauve,#AEB0D9,174,176,217,49,S43H3,Dulux,Dulux Australia World of Colour (via shanmoorthy scrape of dulux.com.au),https://www.dulux.com.au/colour/traditional-mauve,https://github.com/shanmoorthy/dulux-paint-colour-data,2026-09-20,RGB from public dataset; product page https://www.dulux.com.au/colour/traditional-mauve; full corpus n=5032; seed subsample for ΔE matching
Old World,#B2B8D1,178,184,209,53,S42D2,Dulux,Dulux Australia World of Colour (via shanmoorthy scrape of dulux.com.au),https://www.dulux.com.au/colour/old-world,https://github.com/shanmoorthy/dulux-paint-colour-data,2026-09-20,RGB from public dataset; product page https://www.dulux.com.au/colour/old-world; full corpus n=5032; seed subsample for ΔE matching
Image Tone,#BDC2CF,189,194,207,58,S41C1,Dulux,Dulux Australia World of Colour (via shanmoorthy scrape of dulux.com.au),https://www.dulux.com.au/colour/image-tone,https://github.com/shanmoorthy/dulux-paint-colour-data,2026-09-20,RGB from public dataset; product page https://www.dulux.com.au/colour/image-tone; full corpus n=5032; seed subsample for ΔE matching
Pale Lilac,#BFC8DB,191,200,219,61,S41E1,Dulux,Dulux Australia World of Colour (via shanmoorthy scrape of dulux.com.au),https://www.dulux.com.au/colour/pale-lilac,https://github.com/shanmoorthy/dulux-paint-colour-data,2026-09-20,RGB from public dataset; product page https://www.dulux.com.au/colour/pale-lilac; full corpus n=5032; seed subsample for ΔE matching
Soft Ribbon,#CECFE7,206,207,231,67,S43H1,Dulux,Dulux Australia World of Colour (via shanmoorthy scrape of dulux.com.au),https://www.dulux.com.au/colour/soft-ribbon,https://github.com/shanmoorthy/dulux-paint-colour-data,2026-09-20,RGB from public dataset; product page https://www.dulux.com.au/colour/soft-ribbon; full corpus n=5032; seed subsample for ΔE matching
Deep Universe,#2F2B3E,47,43,62,5,S43C9,Dulux,Dulux Australia World of Colour (via shanmoorthy scrape of dulux.com.au),https://www.dulux.com.au/colour/deep-universe,https://github.com/shanmoorthy/dulux-paint-colour-data,2026-09-20,RGB from public dataset; product page https://www.dulux.com.au/colour/deep-universe; full corpus n=5032; seed subsample for ΔE matching
Witches Cauldron,#36343F,54,52,63,6,S43A9,Dulux,Dulux Australia World of Colour (via shanmoorthy scrape of dulux.com.au),https://www.dulux.com.au/colour/witches-cauldron,https://github.com/shanmoorthy/dulux-paint-colour-data,2026-09-20,RGB from public dataset; product page https://www.dulux.com.au/colour/witches-cauldron; full corpus n=5032; seed subsample for ΔE matching
Indigo Sunset,#30304E,48,48,78,6,S43G9,Dulux,Dulux Australia World of Colour (via shanmoorthy scrape of dulux.com.au),https://www.dulux.com.au/colour/indigo-sunset,https://github.com/shanmoorthy/dulux-paint-colour-data,2026-09-20,RGB from public dataset; product page https://www.dulux.com.au/colour/indigo-sunset; full corpus n=5032; seed subsample for ΔE matching
Imperator,#36343C,54,52,60,6,SG6E9,Dulux,Dulux Australia World of Colour (via shanmoorthy scrape of dulux.com.au),https://www.dulux.com.au/colour/imperator,https://github.com/shanmoorthy/dulux-paint-colour-data,2026-09-20,RGB from public dataset; product page https://www.dulux.com.au/colour/imperator; full corpus n=5032; seed subsample for ΔE matching
Penny,#493967,73,57,103,8,S44F9,Dulux,Dulux Australia World of Colour (via shanmoorthy scrape of dulux.com.au),https://www.dulux.com.au/colour/penny,https://github.com/shanmoorthy/dulux-paint-colour-data,2026-09-20,RGB from public dataset; product page https://www.dulux.com.au/colour/penny; full corpus n=5032; seed subsample for ΔE matching
Oath,#49465A,73,70,90,9,S43C8,Dulux,Dulux Australia World of Colour (via shanmoorthy scrape of dulux.com.au),https://www.dulux.com.au/colour/oath,https://github.com/shanmoorthy/dulux-paint-colour-data,2026-09-20,RGB from public dataset; product page https://www.dulux.com.au/colour/oath; full corpus n=5032; seed subsample for ΔE matching
Parade,#503F72,80,63,114,9,S44G9,Dulux,Dulux Australia World of Colour (via shanmoorthy scrape of dulux.com.au),https://www.dulux.com.au/colour/parade,https://github.com/shanmoorthy/dulux-paint-colour-data,2026-09-20,RGB from public dataset; product page https://www.dulux.com.au/colour/parade; full corpus n=5032; seed subsample for ΔE matching
Eccentric Purple,#504671,80,70,113,10,SB8G9,Dulux,Dulux Australia World of Colour (via shanmoorthy scrape of dulux.com.au),https://www.dulux.com.au/colour/eccentric-purple,https://github.com/shanmoorthy/dulux-paint-colour-data,2026-09-20,RGB from public dataset; product page https://www.dulux.com.au/colour/eccentric-purple; full corpus n=5032; seed subsample for ΔE matching
Evening Fizz,#4C4970,76,73,112,11,S43D8,Dulux,Dulux Australia World of Colour (via shanmoorthy scrape of dulux.com.au),https://www.dulux.com.au/colour/evening-fizz,https://github.com/shanmoorthy/dulux-paint-colour-data,2026-09-20,RGB from public dataset; product page https://www.dulux.com.au/colour/evening-fizz; full corpus n=5032; seed subsample for ΔE matching
Tyrian,#4E4D59,78,77,89,11,S44A7,Dulux,Dulux Australia World of Colour (via shanmoorthy scrape of dulux.com.au),https://www.dulux.com.au/colour/tyrian,https://github.com/shanmoorthy/dulux-paint-colour-data,2026-09-20,RGB from public dataset; product page https://www.dulux.com.au/colour/tyrian; full corpus n=5032; seed subsample for ΔE matching
Secret Tradition,#56447A,86,68,122,11,S44G8,Dulux,Dulux Australia World of Colour (via shanmoorthy scrape of dulux.com.au),https://www.dulux.com.au/colour/secret-tradition,https://github.com/shanmoorthy/dulux-paint-colour-data,2026-09-20,RGB from public dataset; product page https://www.dulux.com.au/colour/secret-tradition; full corpus n=5032; seed subsample for ΔE matching
Inky Storm,#525266,82,82,102,12,S42C7,Dulux,Dulux Australia World of Colour (via shanmoorthy scrape of dulux.com.au),https://www.dulux.com.au/colour/inky-storm,https://github.com/shanmoorthy/dulux-paint-colour-data,2026-09-20,RGB from public dataset; product page https://www.dulux.com.au/colour/inky-storm; full corpus n=5032; seed subsample for ΔE matching
Grey Weights,#575161,87,81,97,12,S49A7,Dulux,Dulux Australia World of Colour (via shanmoorthy scrape of dulux.com.au),https://www.dulux.com.au/colour/grey-weights,https://github.com/shanmoorthy/dulux-paint-colour-data,2026-09-20,RGB from public dataset; product page https://www.dulux.com.au/colour/grey-weights; full corpus n=5032; seed subsample for ΔE matching
Rich Texture,#635671,99,86,113,14,S44C7,Dulux,Dulux Australia World of Colour (via shanmoorthy scrape of dulux.com.au),https://www.dulux.com.au/colour/rich-texture,https://github.com/shanmoorthy/dulux-paint-colour-data,2026-09-20,RGB from public dataset; product page https://www.dulux.com.au/colour/rich-texture; full corpus n=5032; seed subsample for ΔE matching
Regal Gown,#645777,100,87,119,15,S44D7,Dulux,Dulux Australia World of Colour (via shanmoorthy scrape of dulux.com.au),https://www.dulux.com.au/colour/regal-gown,https://github.com/shanmoorthy/dulux-paint-colour-data,2026-09-20,RGB from public dataset; product page https://www.dulux.com.au/colour/regal-gown; full corpus n=5032; seed subsample for ΔE matching
Colossus,#5F5B91,95,91,145,16,S43G7,Dulux,Dulux Australia World of Colour (via shanmoorthy scrape of dulux.com.au),https://www.dulux.com.au/colour/colossus,https://github.com/shanmoorthy/dulux-paint-colour-data,2026-09-20,RGB from public dataset; product page https://www.dulux.com.au/colour/colossus; full corpus n=5032; seed subsample for ΔE matching
Spike,#646271,100,98,113,17,S43B6,Dulux,Dulux Australia World of Colour (via shanmoorthy scrape of dulux.com.au),https://www.dulux.com.au/colour/spike,https://github.com/shanmoorthy/dulux-paint-colour-data,2026-09-20,RGB from public dataset; product page https://www.dulux.com.au/colour/spike; full corpus n=5032; seed subsample for ΔE matching
Knighted,#6C6678,108,102,120,18,S49A6,Dulux,Dulux Australia World of Colour (via shanmoorthy scrape of dulux.com.au),https://www.dulux.com.au/colour/knighted,https://github.com/shanmoorthy/dulux-paint-colour-data,2026-09-20,RGB from public dataset; product page https://www.dulux.com.au/colour/knighted; full corpus n=5032; seed subsample for ΔE matching
Purple Flare,#7462A0,116,98,160,19,S44H7,Dulux,Dulux Australia World of Colour (via shanmoorthy scrape of dulux.com.au),https://www.dulux.com.au/colour/purple-flare,https://github.com/shanmoorthy/dulux-paint-colour-data,2026-09-20,RGB from public dataset; product page https://www.dulux.com.au/colour/purple-flare; full corpus n=5032; seed subsample for ΔE matching
Amethyst Gem,#766985,118,105,133,20,S44C6,Dulux,Dulux Australia World of Colour (via shanmoorthy scrape of dulux.com.au),https://www.dulux.com.au/colour/amethyst-gem,https://github.com/shanmoorthy/dulux-paint-colour-data,2026-09-20,RGB from public dataset; product page https://www.dulux.com.au/colour/amethyst-gem; full corpus n=5032; seed subsample for ΔE matching
Ritual,#757081,117,112,129,21,S44B5,Dulux,Dulux Australia World of Colour (via shanmoorthy scrape of dulux.com.au),https://www.dulux.com.au/colour/ritual,https://github.com/shanmoorthy/dulux-paint-colour-data,2026-09-20,RGB from public dataset; product page https://www.dulux.com.au/colour/ritual; full corpus n=5032; seed subsample for ΔE matching
Flying Carpet,#767389,118,115,137,22,S43C5,Dulux,Dulux Australia World of Colour (via shanmoorthy scrape of dulux.com.au),https://www.dulux.com.au/colour/flying-carpet,https://github.com/shanmoorthy/dulux-paint-colour-data,2026-09-20,RGB from public dataset; product page https://www.dulux.com.au/colour/flying-carpet; full corpus n=5032; seed subsample for ΔE matching
Ornate,#7F6D95,127,109,149,22,S44E6,Dulux,Dulux Australia World of Colour (via shanmoorthy scrape of dulux.com.au),https://www.dulux.com.au/colour/ornate,https://github.com/shanmoorthy/dulux-paint-colour-data,2026-09-20,RGB from public dataset; product page https://www.dulux.com.au/colour/ornate; full corpus n=5032; seed subsample for ΔE matching
Medallion,#826F9F,130,111,159,23,S44F6,Dulux,Dulux Australia World of Colour (via shanmoorthy scrape of dulux.com.au),https://www.dulux.com.au/colour/medallion,https://github.com/shanmoorthy/dulux-paint-colour-data,2026-09-20,RGB from public dataset; product page https://www.dulux.com.au/colour/medallion; full corpus n=5032; seed subsample for ΔE matching
Jazz,#7F799C,127,121,156,25,S43D5,Dulux,Dulux Australia World of Colour (via shanmoorthy scrape of dulux.com.au),https://www.dulux.com.au/colour/jazz,https://github.com/shanmoorthy/dulux-paint-colour-data,2026-09-20,RGB from public dataset; product page https://www.dulux.com.au/colour/jazz; full corpus n=5032; seed subsample for ΔE matching
Purple Pop,#8B74B1,139,116,177,26,SB8G1,Dulux,Dulux Australia World of Colour (via shanmoorthy scrape of dulux.com.au),https://www.dulux.com.au/colour/purple-pop,https://github.com/shanmoorthy/dulux-paint-colour-data,2026-09-20,RGB from public dataset; product page https://www.dulux.com.au/colour/purple-pop; full corpus n=5032; seed subsample for ΔE matching
Pickled Purple,#8D7AA1,141,122,161,27,S44E5,Dulux,Dulux Australia World of Colour (via shanmoorthy scrape of dulux.com.au),https://www.dulux.com.au/colour/pickled-purple,https://github.com/shanmoorthy/dulux-paint-colour-data,2026-09-20,RGB from public dataset; product page https://www.dulux.com.au/colour/pickled-purple; full corpus n=5032; seed subsample for ΔE matching
Captivated,#927CAE,146,124,174,28,S44G5,Dulux,Dulux Australia World of Colour (via shanmoorthy scrape of dulux.com.au),https://www.dulux.com.au/colour/captivated,https://github.com/shanmoorthy/dulux-paint-colour-data,2026-09-20,RGB from public dataset; product page https://www.dulux.com.au/colour/captivated; full corpus n=5032; seed subsample for ΔE matching
Antiquate,#8C8AA0,140,138,160,31,S43C4,Dulux,Dulux Australia World of Colour (via shanmoorthy scrape of dulux.com.au),https://www.dulux.com.au/colour/antiquate,https://github.com/shanmoorthy/dulux-paint-colour-data,2026-09-20,RGB from public dataset; product page https://www.dulux.com.au/colour/antiquate; full corpus n=5032; seed subsample for ΔE matching
Futuristic,#988DA8,152,141,168,33,S44D4,Dulux,Dulux Australia World of Colour (via shanmoorthy scrape of dulux.com.au),https://www.dulux.com.au/colour/futuristic,https://github.com/shanmoorthy/dulux-paint-colour-data,2026-09-20,RGB from public dataset; product page https://www.dulux.com.au/colour/futuristic; full corpus n=5032; seed subsample for ΔE matching
Extinct,#9390B2,147,144,178,34,S43D4,Dulux,Dulux Australia World of Colour (via shanmoorthy scrape of dulux.com.au),https://www.dulux.com.au/colour/extinct,https://github.com/shanmoorthy/dulux-paint-colour-data,2026-09-20,RGB from public dataset; product page https://www.dulux.com.au/colour/extinct; full corpus n=5032; seed subsample for ΔE matching
Indifferent,#9792B8,151,146,184,35,S43E4,Dulux,Dulux Australia World of Colour (via shanmoorthy scrape of dulux.com.au),https://www.dulux.com.au/colour/indifferent,https://github.com/shanmoorthy/dulux-paint-colour-data,2026-09-20,RGB from public dataset; product page https://www.dulux.com.au/colour/indifferent; full corpus n=5032; seed subsample for ΔE matching
Litmus,#9695C5,150,149,197,37,S43G4,Dulux,Dulux Australia World of Colour (via shanmoorthy scrape of dulux.com.au),https://www.dulux.com.au/colour/litmus,https://github.com/shanmoorthy/dulux-paint-colour-data,2026-09-20,RGB from public dataset; product page https://www.dulux.com.au/colour/litmus; full corpus n=5032; seed subsample for ΔE matching
Adhesion,#9E9CAB,158,156,171,39,S43B3,Dulux,Dulux Australia World of Colour (via shanmoorthy scrape of dulux.com.au),https://www.dulux.com.au/colour/adhesion,https://github.com/shanmoorthy/dulux-paint-colour-data,2026-09-20,RGB from public dataset; product page https://www.dulux.com.au/colour/adhesion; full corpus n=5032; seed subsample for ΔE matching
Royal Wonder,#352B3D,53,43,61,5,S44C9,Dulux,Dulux Australia World of Colour (via shanmoorthy scrape of dulux.com.au),https://www.dulux.com.au/colour/royal-wonder,https://github.com/shanmoorthy/dulux-paint-colour-data,2026-09-20,RGB from public dataset; product page https://www.dulux.com.au/colour/royal-wonder; full corpus n=5032; seed subsample for ΔE matching
Stage Curtain,#3B2B3C,59,43,60,5,S46B9,Dulux,Dulux Australia World of Colour (via shanmoorthy scrape of dulux.com.au),https://www.dulux.com.au/colour/stage-curtain,https://github.com/shanmoorthy/dulux-paint-colour-data,2026-09-20,RGB from public dataset; product page https://www.dulux.com.au/colour/stage-curtain; full corpus n=5032; seed subsample for ΔE matching
Classic Violet,#452F4C,69,47,76,6,S45E9,Dulux,Dulux Australia World of Colour (via shanmoorthy scrape of dulux.com.au),https://www.dulux.com.au/colour/classic-violet,https://github.com/shanmoorthy/dulux-paint-colour-data,2026-09-20,RGB from public dataset; product page https://www.dulux.com.au/colour/classic-violet; full corpus n=5032; seed subsample for ΔE matching
Purple Verbena,#45354B,69,53,75,7,S45C9,Dulux,Dulux Australia World of Colour (via shanmoorthy scrape of dulux.com.au),https://www.dulux.com.au/colour/purple-verbena,https://github.com/shanmoorthy/dulux-paint-colour-data,2026-09-20,RGB from public dataset; product page https://www.dulux.com.au/colour/purple-verbena; full corpus n=5032; seed subsample for ΔE matching
New Purple,#4D3358,77,51,88,7,S45F9,Dulux,Dulux Australia World of Colour (via shanmoorthy scrape of dulux.com.au),https://www.dulux.com.au/colour/new-purple,https://github.com/shanmoorthy/dulux-paint-colour-data,2026-09-20,RGB from public dataset; product page https://www.dulux.com.au/colour/new-purple; full corpus n=5032; seed subsample for ΔE matching
Centre Rock,#453C4D,69,60,77,8,S49A8,Dulux,Dulux Australia World of Colour (via shanmoorthy scrape of dulux.com.au),https://www.dulux.com.au/colour/centre-rock,https://github.com/shanmoorthy/dulux-paint-colour-data,2026-09-20,RGB from public dataset; product page https://www.dulux.com.au/colour/centre-rock; full corpus n=5032; seed subsample for ΔE matching
Grape Escape,#554059,85,64,89,9,S49B8,Dulux,Dulux Australia World of Colour (via shanmoorthy scrape of dulux.com.au),https://www.dulux.com.au/colour/grape-escape,https://github.com/shanmoorthy/dulux-paint-colour-data,2026-09-20,RGB from public dataset; product page https://www.dulux.com.au/colour/grape-escape; full corpus n=5032; seed subsample for ΔE matching
Fanfare,#504454,80,68,84,10,S45A8,Dulux,Dulux Australia World of Colour (via shanmoorthy scrape of dulux.com.au),https://www.dulux.com.au/colour/fanfare,https://github.com/shanmoorthy/dulux-paint-colour-data,2026-09-20,RGB from public dataset; product page https://www.dulux.com.au/colour/fanfare; full corpus n=5032; seed subsample for ΔE matching
Soft Grape,#524953,82,73,83,10,S47A8,Dulux,Dulux Australia World of Colour (via shanmoorthy scrape of dulux.com.au),https://www.dulux.com.au/colour/soft-grape,https://github.com/shanmoorthy/dulux-paint-colour-data,2026-09-20,RGB from public dataset; product page https://www.dulux.com.au/colour/soft-grape; full corpus n=5032; seed subsample for ΔE matching
Purple People Eater,#5A4763,90,71,99,11,S45C8,Dulux,Dulux Australia World of Colour (via shanmoorthy scrape of dulux.com.au),https://www.dulux.com.au/colour/purple-people-eater,https://github.com/shanmoorthy/dulux-paint-colour-data,2026-09-20,RGB from public dataset; product page https://www.dulux.com.au/colour/purple-people-eater; full corpus n=5032; seed subsample for ΔE matching
Purple Wisdom,#634073,99,64,115,11,S45H9,Dulux,Dulux Australia World of Colour (via shanmoorthy scrape of dulux.com.au),https://www.dulux.com.au/colour/purple-wisdom,https://github.com/shanmoorthy/dulux-paint-colour-data,2026-09-20,RGB from public dataset; product page https://www.dulux.com.au/colour/purple-wisdom; full corpus n=5032; seed subsample for ΔE matching
Presley Purple,#624875,98,72,117,12,S44F8,Dulux,Dulux Australia World of Colour (via shanmoorthy scrape of dulux.com.au),https://www.dulux.com.au/colour/presley-purple,https://github.com/shanmoorthy/dulux-paint-colour-data,2026-09-20,RGB from public dataset; product page https://www.dulux.com.au/colour/presley-purple; full corpus n=5032; seed subsample for ΔE matching
Clary,#674976,103,73,118,12,S45F8,Dulux,Dulux Australia World of Colour (via shanmoorthy scrape of dulux.com.au),https://www.dulux.com.au/colour/clary,https://github.com/shanmoorthy/dulux-paint-colour-data,2026-09-20,RGB from public dataset; product page https://www.dulux.com.au/colour/clary; full corpus n=5032; seed subsample for ΔE matching
Hyssop,#6C4976,108,73,118,13,S45G8,Dulux,Dulux Australia World of Colour (via shanmoorthy scrape of dulux.com.au),https://www.dulux.com.au/colour/hyssop,https://github.com/shanmoorthy/dulux-paint-colour-data,2026-09-20,RGB from public dataset; product page https://www.dulux.com.au/colour/hyssop; full corpus n=5032; seed subsample for ΔE matching
Trixter,#6F5676,111,86,118,15,S45D7,Dulux,Dulux Australia World of Colour (via shanmoorthy scrape of dulux.com.au),https://www.dulux.com.au/colour/trixter,https://github.com/shanmoorthy/dulux-paint-colour-data,2026-09-20,RGB from public dataset; product page https://www.dulux.com.au/colour/trixter; full corpus n=5032; seed subsample for ΔE matching
Dr Who,#76577C,118,87,124,16,S45E7,Dulux,Dulux Australia World of Colour (via shanmoorthy scrape of dulux.com.au),https://www.dulux.com.au/colour/dr-who,https://github.com/shanmoorthy/dulux-paint-colour-data,2026-09-20,RGB from public dataset; product page https://www.dulux.com.au/colour/dr-who; full corpus n=5032; seed subsample for ΔE matching
Purple Mystery,#7F598A,127,89,138,17,S45G7,Dulux,Dulux Australia World of Colour (via shanmoorthy scrape of dulux.com.au),https://www.dulux.com.au/colour/purple-mystery,https://github.com/shanmoorthy/dulux-paint-colour-data,2026-09-20,RGB from public dataset; product page https://www.dulux.com.au/colour/purple-mystery; full corpus n=5032; seed subsample for ΔE matching
Purple River,#75697F,117,105,127,20,S49B6,Dulux,Dulux Australia World of Colour (via shanmoorthy scrape of dulux.com.au),https://www.dulux.com.au/colour/purple-river,https://github.com/shanmoorthy/dulux-paint-colour-data,2026-09-20,RGB from public dataset; product page https://www.dulux.com.au/colour/purple-river; full corpus n=5032; seed subsample for ΔE matching
Magic Purple,#8A5E9B,138,94,155,20,SB8H6,Dulux,Dulux Australia World of Colour (via shanmoorthy scrape of dulux.com.au),https://www.dulux.com.au/colour/magic-purple,https://github.com/shanmoorthy/dulux-paint-colour-data,2026-09-20,RGB from public dataset; product page https://www.dulux.com.au/colour/magic-purple; full corpus n=5032; seed subsample for ΔE matching
Beauty,#856B8D,133,107,141,22,S45D6,Dulux,Dulux Australia World of Colour (via shanmoorthy scrape of dulux.com.au),https://www.dulux.com.au/colour/beauty,https://github.com/shanmoorthy/dulux-paint-colour-data,2026-09-20,RGB from public dataset; product page https://www.dulux.com.au/colour/beauty; full corpus n=5032; seed subsample for ΔE matching
Rhinestone,#8D6C94,141,108,148,23,S45E6,Dulux,Dulux Australia World of Colour (via shanmoorthy scrape of dulux.com.au),https://www.dulux.com.au/colour/rhinestone,https://github.com/shanmoorthy/dulux-paint-colour-data,2026-09-20,RGB from public dataset; product page https://www.dulux.com.au/colour/rhinestone; full corpus n=5032; seed subsample for ΔE matching
Court Jester,#906D9D,144,109,157,24,S45F6,Dulux,Dulux Australia World of Colour (via shanmoorthy scrape of dulux.com.au),https://www.dulux.com.au/colour/court-jester,https://github.com/shanmoorthy/dulux-paint-colour-data,2026-09-20,RGB from public dataset; product page https://www.dulux.com.au/colour/court-jester; full corpus n=5032; seed subsample for ΔE matching
Violet Tone,#84768E,132,118,142,24,S49B5,Dulux,Dulux Australia World of Colour (via shanmoorthy scrape of dulux.com.au),https://www.dulux.com.au/colour/violet-tone,https://github.com/shanmoorthy/dulux-paint-colour-data,2026-09-20,RGB from public dataset; product page https://www.dulux.com.au/colour/violet-tone; full corpus n=5032; seed subsample for ΔE matching
Colour Of Asia,#9D68A5,157,104,165,24,SB8H4,Dulux,Dulux Australia World of Colour (via shanmoorthy scrape of dulux.com.au),https://www.dulux.com.au/colour/colour-of-asia,https://github.com/shanmoorthy/dulux-paint-colour-data,2026-09-20,RGB from public dataset; product page https://www.dulux.com.au/colour/colour-of-asia; full corpus n=5032; seed subsample for ΔE matching
Subdued Violet,#937B99,147,123,153,27,S49C5,Dulux,Dulux Australia World of Colour (via shanmoorthy scrape of dulux.com.au),https://www.dulux.com.au/colour/subdued-violet,https://github.com/shanmoorthy/dulux-paint-colour-data,2026-09-20,RGB from public dataset; product page https://www.dulux.com.au/colour/subdued-violet; full corpus n=5032; seed subsample for ΔE matching
Divine,#9979A0,153,121,160,28,S45E5,Dulux,Dulux Australia World of Colour (via shanmoorthy scrape of dulux.com.au),https://www.dulux.com.au/colour/divine,https://github.com/shanmoorthy/dulux-paint-colour-data,2026-09-20,RGB from public dataset; product page https://www.dulux.com.au/colour/divine; full corpus n=5032; seed subsample for ΔE matching
Virtuous,#9D7BA8,157,123,168,29,S45F5,Dulux,Dulux Australia World of Colour (via shanmoorthy scrape of dulux.com.au),https://www.dulux.com.au/colour/virtuous,https://github.com/shanmoorthy/dulux-paint-colour-data,2026-09-20,RGB from public dataset; product page https://www.dulux.com.au/colour/virtuous; full corpus n=5032; seed subsample for ΔE matching
Ambitious,#9D7AB4,157,122,180,29,S45H6,Dulux,Dulux Australia World of Colour (via shanmoorthy scrape of dulux.com.au),https://www.dulux.com.au/colour/ambitious,https://github.com/shanmoorthy/dulux-paint-colour-data,2026-09-20,RGB from public dataset; product page https://www.dulux.com.au/colour/ambitious; full corpus n=5032; seed subsample for ΔE matching
Eccentricity,#958A9F,149,138,159,32,S44C4,Dulux,Dulux Australia World of Colour (via shanmoorthy scrape of dulux.com.au),https://www.dulux.com.au/colour/eccentricity,https://github.com/shanmoorthy/dulux-paint-colour-data,2026-09-20,RGB from public dataset; product page https://www.dulux.com.au/colour/eccentricity; full corpus n=5032; seed subsample for ΔE matching
Playtime,#A686BE,166,134,190,34,S45H5,Dulux,Dulux Australia World of Colour (via shanmoorthy scrape of dulux.com.au),https://www.dulux.com.au/colour/playtime,https://github.com/shanmoorthy/dulux-paint-colour-data,2026-09-20,RGB from public dataset; product page https://www.dulux.com.au/colour/playtime; full corpus n=5032; seed subsample for ΔE matching
Sometime Mauve,#A591AF,165,145,175,36,S49C4,Dulux,Dulux Australia World of Colour (via shanmoorthy scrape of dulux.com.au),https://www.dulux.com.au/colour/sometime-mauve,https://github.com/shanmoorthy/dulux-paint-colour-data,2026-09-20,RGB from public dataset; product page https://www.dulux.com.au/colour/sometime-mauve; full corpus n=5032; seed subsample for ΔE matching
Mystery Haze,#AF91B4,175,145,180,37,S49D4,Dulux,Dulux Australia World of Colour (via shanmoorthy scrape of dulux.com.au),https://www.dulux.com.au/colour/mystery-haze,https://github.com/shanmoorthy/dulux-paint-colour-data,2026-09-20,RGB from public dataset; product page https://www.dulux.com.au/colour/mystery-haze; full corpus n=5032; seed subsample for ΔE matching
Quibble,#B293C0,178,147,192,39,S45G4,Dulux,Dulux Australia World of Colour (via shanmoorthy scrape of dulux.com.au),https://www.dulux.com.au/colour/quibble,https://github.com/shanmoorthy/dulux-paint-colour-data,2026-09-20,RGB from public dataset; product page https://www.dulux.com.au/colour/quibble; full corpus n=5032; seed subsample for ΔE matching
Purple Satin,#B799BB,183,153,187,41,S49E4,Dulux,Dulux Australia World of Colour (via shanmoorthy scrape of dulux.com.au),https://www.dulux.com.au/colour/purple-satin,https://github.com/shanmoorthy/dulux-paint-colour-data,2026-09-20,RGB from public dataset; product page https://www.dulux.com.au/colour/purple-satin; full corpus n=5032; seed subsample for ΔE matching
Te Kuiti,#242322,36,35,34,3,NZ10H1,Dulux,Dulux Australia World of Colour (via shanmoorthy scrape of dulux.com.au),https://www.dulux.com.au/colour/te-kuiti,https://github.com/shanmoorthy/dulux-paint-colour-data,2026-09-20,RGB from public dataset; product page https://www.dulux.com.au/colour/te-kuiti; full corpus n=5032; seed subsample for ΔE matching
Waza Bear,#5E5A59,94,90,89,14,S12A7,Dulux,Dulux Australia World of Colour (via shanmoorthy scrape of dulux.com.au),https://www.dulux.com.au/colour/waza-bear,https://github.com/shanmoorthy/dulux-paint-colour-data,2026-09-20,RGB from public dataset; product page https://www.dulux.com.au/colour/waza-bear; full corpus n=5032; seed subsample for ΔE matching
Tristan,#797874,121,120,116,23,SN4H5,Dulux,Dulux Australia World of Colour (via shanmoorthy scrape of dulux.com.au),https://www.dulux.com.au/colour/tristan,https://github.com/shanmoorthy/dulux-paint-colour-data,2026-09-20,RGB from public dataset; product page https://www.dulux.com.au/colour/tristan; full corpus n=5032; seed subsample for ΔE matching
Parisian Grey,#928A87,146,138,135,31,SN4C8,Dulux,Dulux Australia World of Colour (via shanmoorthy scrape of dulux.com.au),https://www.dulux.com.au/colour/parisian-grey,https://github.com/shanmoorthy/dulux-paint-colour-data,2026-09-20,RGB from public dataset; product page https://www.dulux.com.au/colour/parisian-grey; full corpus n=5032; seed subsample for ΔE matching
Regal Violet,#A198A2,161,152,162,37,S45B3,Dulux,Dulux Australia World of Colour (via shanmoorthy scrape of dulux.com.au),https://www.dulux.com.au/colour/regal-violet,https://github.com/shanmoorthy/dulux-paint-colour-data,2026-09-20,RGB from public dataset; product page https://www.dulux.com.au/colour/regal-violet; full corpus n=5032; seed subsample for ΔE matching
Flooded Gum,#A3A29F,163,162,159,41,SN4H3,Dulux,Dulux Australia World of Colour (via shanmoorthy scrape of dulux.com.au),https://www.dulux.com.au/colour/flooded-gum,https://github.com/shanmoorthy/dulux-paint-colour-data,2026-09-20,RGB from public dataset; product page https://www.dulux.com.au/colour/flooded-gum; full corpus n=5032; seed subsample for ΔE matching
Charter Grey,#ACA9A9,172,169,169,45,SN4D5,Dulux,Dulux Australia World of Colour (via shanmoorthy scrape of dulux.com.au),https://www.dulux.com.au/colour/charter-grey,https://github.com/shanmoorthy/dulux-paint-colour-data,2026-09-20,RGB from public dataset; product page https://www.dulux.com.au/colour/charter-grey; full corpus n=5032; seed subsample for ΔE matching
Dreamland,#B5B1BF,181,177,191,49,S44B2,Dulux,Dulux Australia World of Colour (via shanmoorthy scrape of dulux.com.au),https://www.dulux.com.au/colour/dreamland,https://github.com/shanmoorthy/dulux-paint-colour-data,2026-09-20,RGB from public dataset; product page https://www.dulux.com.au/colour/dreamland; full corpus n=5032; seed subsample for ΔE matching
Painted Desert,#BEB8B6,190,184,182,53,S06A2,Dulux,Dulux Australia World of Colour (via shanmoorthy scrape of dulux.com.au),https://www.dulux.com.au/colour/painted-desert,https://github.com/shanmoorthy/dulux-paint-colour-data,2026-09-20,RGB from public dataset; product page https://www.dulux.com.au/colour/painted-desert; full corpus n=5032; seed subsample for ΔE matching
Musing,#BEBBC0,190,187,192,55,SG6A1,Dulux,Dulux Australia World of Colour (via shanmoorthy scrape of dulux.com.au),https://www.dulux.com.au/colour/musing,https://github.com/shanmoorthy/dulux-paint-colour-data,2026-09-20,RGB from public dataset; product page https://www.dulux.com.au/colour/musing; full corpus n=5032; seed subsample for ΔE matching
Starlight,#BCC1CC,188,193,204,57,S41B1,Dulux,Dulux Australia World of Colour (via shanmoorthy scrape of dulux.com.au),https://www.dulux.com.au/colour/starlight,https://github.com/shanmoorthy/dulux-paint-colour-data,2026-09-20,RGB from public dataset; product page https://www.dulux.com.au/colour/starlight; full corpus n=5032; seed subsample for ΔE matching
Evening Fog,#C7C3CD,199,195,205,59,S49A1,Dulux,Dulux Australia World of Colour (via shanmoorthy scrape of dulux.com.au),https://www.dulux.com.au/colour/evening-fog,https://github.com/shanmoorthy/dulux-paint-colour-data,2026-09-20,RGB from public dataset; product page https://www.dulux.com.au/colour/evening-fog; full corpus n=5032; seed subsample for ΔE matching
Roland,#BECAC6,190,202,198,61,SG5G1,Dulux,Dulux Australia World of Colour (via shanmoorthy scrape of dulux.com.au),https://www.dulux.com.au/colour/roland,https://github.com/shanmoorthy/dulux-paint-colour-data,2026-09-20,RGB from public dataset; product page https://www.dulux.com.au/colour/roland; full corpus n=5032; seed subsample for ΔE matching
Gentle Calm,#C5CDBF,197,205,191,63,S22A1,Dulux,Dulux Australia World of Colour (via shanmoorthy scrape of dulux.com.au),https://www.dulux.com.au/colour/gentle-calm,https://github.com/shanmoorthy/dulux-paint-colour-data,2026-09-20,RGB from public dataset; product page https://www.dulux.com.au/colour/gentle-calm; full corpus n=5032; seed subsample for ΔE matching
Wallis Half,#D4CCCE,212,204,206,65,S02A1H,Dulux,Dulux Australia World of Colour (via shanmoorthy scrape of dulux.com.au),https://www.dulux.com.au/colour/wallis-half,https://github.com/shanmoorthy/dulux-paint-colour-data,2026-09-20,RGB from public dataset; product page https://www.dulux.com.au/colour/wallis-half; full corpus n=5032; seed subsample for ΔE matching
Ghost Town Half,#D4CFCC,212,207,204,66,S04A1H,Dulux,Dulux Australia World of Colour (via shanmoorthy scrape of dulux.com.au),https://www.dulux.com.au/colour/ghost-town-half,https://github.com/shanmoorthy/dulux-paint-colour-data,2026-09-20,RGB from public dataset; product page https://www.dulux.com.au/colour/ghost-town-half; full corpus n=5032; seed subsample for ΔE matching
Pensive Half,#D0CFD7,208,207,215,67,S43B1H,Dulux,Dulux Australia World of Colour (via shanmoorthy scrape of dulux.com.au),https://www.dulux.com.au/colour/pensive-half,https://github.com/shanmoorthy/dulux-paint-colour-data,2026-09-20,RGB from public dataset; product page https://www.dulux.com.au/colour/pensive-half; full corpus n=5032; seed subsample for ΔE matching
Grey Imp,#D6D1CE,214,209,206,68,SN4C4,Dulux,Dulux Australia World of Colour (via shanmoorthy scrape of dulux.com.au),https://www.dulux.com.au/colour/grey-imp,https://github.com/shanmoorthy/dulux-paint-colour-data,2026-09-20,RGB from public dataset; product page https://www.dulux.com.au/colour/grey-imp; full corpus n=5032; seed subsample for ΔE matching
Amethyst Ice Half,#DCD6D3,220,214,211,71,S05B1H,Dulux,Dulux Australia World of Colour (via shanmoorthy scrape of dulux.com.au),https://www.dulux.com.au/colour/amethyst-ice-half,https://github.com/shanmoorthy/dulux-paint-colour-data,2026-09-20,RGB from public dataset; product page https://www.dulux.com.au/colour/amethyst-ice-half; full corpus n=5032; seed subsample for ΔE matching
Registra Quarter,#DBD6D8,219,214,216,71,S48A1Q,Dulux,Dulux Australia World of Colour (via shanmoorthy scrape of dulux.com.au),https://www.dulux.com.au/colour/registra-quarter,https://github.com/shanmoorthy/dulux-paint-colour-data,2026-09-20,RGB from public dataset; product page https://www.dulux.com.au/colour/registra-quarter; full corpus n=5032; seed subsample for ΔE matching
Lace Wisteria Quarter,#DBD7D9,219,215,217,72,S47A1Q,Dulux,Dulux Australia World of Colour (via shanmoorthy scrape of dulux.com.au),https://www.dulux.com.au/colour/lace-wisteria-quarter,https://github.com/shanmoorthy/dulux-paint-colour-data,2026-09-20,RGB from public dataset; product page https://www.dulux.com.au/colour/lace-wisteria-quarter; full corpus n=5032; seed subsample for ΔE matching
Sandy Day Half,#E1D9CF,225,217,207,73,S14C1H,Dulux,Dulux Australia World of Colour (via shanmoorthy scrape of dulux.com.au),https://www.dulux.com.au/colour/sandy-day-half,https://github.com/shanmoorthy/dulux-paint-colour-data,2026-09-20,RGB from public dataset; product page https://www.dulux.com.au/colour/sandy-day-half; full corpus n=5032; seed subsample for ΔE matching
Porcelain Half,#E6D8D6,230,216,214,74,S05D1H,Dulux,Dulux Australia World of Colour (via shanmoorthy scrape of dulux.com.au),https://www.dulux.com.au/colour/porcelain-half,https://github.com/shanmoorthy/dulux-paint-colour-data,2026-09-20,RGB from public dataset; product page https://www.dulux.com.au/colour/porcelain-half; full corpus n=5032; seed subsample for ΔE matching
Bay Fog Quarter,#E1DADD,225,218,221,74,S47B1Q,Dulux,Dulux Australia World of Colour (via shanmoorthy scrape of dulux.com.au),https://www.dulux.com.au/colour/bay-fog-quarter,https://github.com/shanmoorthy/dulux-paint-colour-data,2026-09-20,RGB from public dataset; product page https://www.dulux.com.au/colour/bay-fog-quarter; full corpus n=5032; seed subsample for ΔE matching
Barbara's Blessing Quarter,#E0DBE1,224,219,225,75,S49B1Q,Dulux,Dulux Australia World of Colour (via shanmoorthy scrape of dulux.com.au),https://www.dulux.com.au/colour/barbaras-blessing-quarter,https://github.com/shanmoorthy/dulux-paint-colour-data,2026-09-20,RGB from public dataset; product page https://www.dulux.com.au/colour/barbaras-blessing-quarter; full corpus n=5032; seed subsample for ΔE matching
Pale Lilac Quarter,#DAE0EA,218,224,234,76,S41E1Q,Dulux,Dulux Australia World of Colour (via shanmoorthy scrape of dulux.com.au),https://www.dulux.com.au/colour/pale-lilac-quarter,https://github.com/shanmoorthy/dulux-paint-colour-data,2026-09-20,RGB from public dataset; product page https://www.dulux.com.au/colour/pale-lilac-quarter; full corpus n=5032; seed subsample for ΔE matching
Brume Quarter,#E0E0DC,224,224,220,77,S12A1Q,Dulux,Dulux Australia World of Colour (via shanmoorthy scrape of dulux.com.au),https://www.dulux.com.au/colour/brume-quarter,https://github.com/shanmoorthy/dulux-paint-colour-data,2026-09-20,RGB from public dataset; product page https://www.dulux.com.au/colour/brume-quarter; full corpus n=5032; seed subsample for ΔE matching
Pink Pandora Quarter,#EEDDDF,238,221,223,78,S02F1Q,Dulux,Dulux Australia World of Colour (via shanmoorthy scrape of dulux.com.au),https://www.dulux.com.au/colour/pink-pandora-quarter,https://github.com/shanmoorthy/dulux-paint-colour-data,2026-09-20,RGB from public dataset; product page https://www.dulux.com.au/colour/pink-pandora-quarter; full corpus n=5032; seed subsample for ΔE matching
Blissful Quarter,#ECDDE6,236,221,230,78,S47F1Q,Dulux,Dulux Australia World of Colour (via shanmoorthy scrape of dulux.com.au),https://www.dulux.com.au/colour/blissful-quarter,https://github.com/shanmoorthy/dulux-paint-colour-data,2026-09-20,RGB from public dataset; product page https://www.dulux.com.au/colour/blissful-quarter; full corpus n=5032; seed subsample for ΔE matching
Quaver Quarter,#D9E6E0,217,230,224,79,S26B1Q,Dulux,Dulux Australia World of Colour (via shanmoorthy scrape of dulux.com.au),https://www.dulux.com.au/colour/quaver-quarter,https://github.com/shanmoorthy/dulux-paint-colour-data,2026-09-20,RGB from public dataset; product page https://www.dulux.com.au/colour/quaver-quarter; full corpus n=5032; seed subsample for ΔE matching
Instant Quarter,#EAE2DE,234,226,222,80,S09B1Q,Dulux,Dulux Australia World of Colour (via shanmoorthy scrape of dulux.com.au),https://www.dulux.com.au/colour/instant-quarter,https://github.com/shanmoorthy/dulux-paint-colour-data,2026-09-20,RGB from public dataset; product page https://www.dulux.com.au/colour/instant-quarter; full corpus n=5032; seed subsample for ΔE matching
Aoraki,#E4E6DF,228,230,223,81,NZ9H5,Dulux,Dulux Australia World of Colour (via shanmoorthy scrape of dulux.com.au),https://www.dulux.com.au/colour/aoraki,https://github.com/shanmoorthy/dulux-paint-colour-data,2026-09-20,RGB from public dataset; product page https://www.dulux.com.au/colour/aoraki; full corpus n=5032; seed subsample for ΔE matching
Pink Marble Quarter,#F1E4E0,241,228,224,82,S07E1Q,Dulux,Dulux Australia World of Colour (via shanmoorthy scrape of dulux.com.au),https://www.dulux.com.au/colour/pink-marble-quarter,https://github.com/shanmoorthy/dulux-paint-colour-data,2026-09-20,RGB from public dataset; product page https://www.dulux.com.au/colour/pink-marble-quarter; full corpus n=5032; seed subsample for ΔE matching
White Exchange Quarter,#EAE9E1,234,233,225,83,SW1D3,Dulux,Dulux Australia World of Colour (via shanmoorthy scrape of dulux.com.au),https://www.dulux.com.au/colour/white-exchange-quarter,https://github.com/shanmoorthy/dulux-paint-colour-data,2026-09-20,RGB from public dataset; product page https://www.dulux.com.au/colour/white-exchange-quarter; full corpus n=5032; seed subsample for ΔE matching
