name,slug,hex,brand,line,source_url,upstream_note,access_date,notes
Sheer Pink,sheer-pink,#F6E5DB,Pantone,"Fashion, Home + Interiors (TCX/TPG) — Margaret2/pantone-colors mirror of pantone.com hexes",https://github.com/Margaret2/pantone-colors,README: hex numbers freely available on Pantone website; names copyright Pantone,2026-09-20,"Named FHI colours; seed uses full downloaded CSS list (cite dataset, not invent hex)"
Atmosphere,atmosphere,#A89C94,Pantone,"Fashion, Home + Interiors (TCX/TPG) — Margaret2/pantone-colors mirror of pantone.com hexes",https://github.com/Margaret2/pantone-colors,README: hex numbers freely available on Pantone website; names copyright Pantone,2026-09-20,"Named FHI colours; seed uses full downloaded CSS list (cite dataset, not invent hex)"
Candied Ginger,candied-ginger,#BFA387,Pantone,"Fashion, Home + Interiors (TCX/TPG) — Margaret2/pantone-colors mirror of pantone.com hexes",https://github.com/Margaret2/pantone-colors,README: hex numbers freely available on Pantone website; names copyright Pantone,2026-09-20,"Named FHI colours; seed uses full downloaded CSS list (cite dataset, not invent hex)"
Pinecone,pinecone,#61473B,Pantone,"Fashion, Home + Interiors (TCX/TPG) — Margaret2/pantone-colors mirror of pantone.com hexes",https://github.com/Margaret2/pantone-colors,README: hex numbers freely available on Pantone website; names copyright Pantone,2026-09-20,"Named FHI colours; seed uses full downloaded CSS list (cite dataset, not invent hex)"
Java,java,#433331,Pantone,"Fashion, Home + Interiors (TCX/TPG) — Margaret2/pantone-colors mirror of pantone.com hexes",https://github.com/Margaret2/pantone-colors,README: hex numbers freely available on Pantone website; names copyright Pantone,2026-09-20,"Named FHI colours; seed uses full downloaded CSS list (cite dataset, not invent hex)"
Almondine,almondine,#A78C8B,Pantone,"Fashion, Home + Interiors (TCX/TPG) — Margaret2/pantone-colors mirror of pantone.com hexes",https://github.com/Margaret2/pantone-colors,README: hex numbers freely available on Pantone website; names copyright Pantone,2026-09-20,"Named FHI colours; seed uses full downloaded CSS list (cite dataset, not invent hex)"
Camel,camel,#B0846A,Pantone,"Fashion, Home + Interiors (TCX/TPG) — Margaret2/pantone-colors mirror of pantone.com hexes",https://github.com/Margaret2/pantone-colors,README: hex numbers freely available on Pantone website; names copyright Pantone,2026-09-20,"Named FHI colours; seed uses full downloaded CSS list (cite dataset, not invent hex)"
Rose Dust,rose-dust,#CDB2A5,Pantone,"Fashion, Home + Interiors (TCX/TPG) — Margaret2/pantone-colors mirror of pantone.com hexes",https://github.com/Margaret2/pantone-colors,README: hex numbers freely available on Pantone website; names copyright Pantone,2026-09-20,"Named FHI colours; seed uses full downloaded CSS list (cite dataset, not invent hex)"
Almost Apricot,almost-apricot,#E5B39B,Pantone,"Fashion, Home + Interiors (TCX/TPG) — Margaret2/pantone-colors mirror of pantone.com hexes",https://github.com/Margaret2/pantone-colors,README: hex numbers freely available on Pantone website; names copyright Pantone,2026-09-20,"Named FHI colours; seed uses full downloaded CSS list (cite dataset, not invent hex)"
Bran,bran,#A66E4A,Pantone,"Fashion, Home + Interiors (TCX/TPG) — Margaret2/pantone-colors mirror of pantone.com hexes",https://github.com/Margaret2/pantone-colors,README: hex numbers freely available on Pantone website; names copyright Pantone,2026-09-20,"Named FHI colours; seed uses full downloaded CSS list (cite dataset, not invent hex)"
Rust,rust,#B55A30,Pantone,"Fashion, Home + Interiors (TCX/TPG) — Margaret2/pantone-colors mirror of pantone.com hexes",https://github.com/Margaret2/pantone-colors,README: hex numbers freely available on Pantone website; names copyright Pantone,2026-09-20,"Named FHI colours; seed uses full downloaded CSS list (cite dataset, not invent hex)"
Rustic Brown,rustic-brown,#855141,Pantone,"Fashion, Home + Interiors (TCX/TPG) — Margaret2/pantone-colors mirror of pantone.com hexes",https://github.com/Margaret2/pantone-colors,README: hex numbers freely available on Pantone website; names copyright Pantone,2026-09-20,"Named FHI colours; seed uses full downloaded CSS list (cite dataset, not invent hex)"
Bitter Chocolate,bitter-chocolate,#503130,Pantone,"Fashion, Home + Interiors (TCX/TPG) — Margaret2/pantone-colors mirror of pantone.com hexes",https://github.com/Margaret2/pantone-colors,README: hex numbers freely available on Pantone website; names copyright Pantone,2026-09-20,"Named FHI colours; seed uses full downloaded CSS list (cite dataset, not invent hex)"
Apricot Nectar,apricot-nectar,#ECAA79,Pantone,"Fashion, Home + Interiors (TCX/TPG) — Margaret2/pantone-colors mirror of pantone.com hexes",https://github.com/Margaret2/pantone-colors,README: hex numbers freely available on Pantone website; names copyright Pantone,2026-09-20,"Named FHI colours; seed uses full downloaded CSS list (cite dataset, not invent hex)"
Jaffa Orange,jaffa-orange,#D86D39,Pantone,"Fashion, Home + Interiors (TCX/TPG) — Margaret2/pantone-colors mirror of pantone.com hexes",https://github.com/Margaret2/pantone-colors,README: hex numbers freely available on Pantone website; names copyright Pantone,2026-09-20,"Named FHI colours; seed uses full downloaded CSS list (cite dataset, not invent hex)"
Vibrant Orange,vibrant-orange,#FF7420,Pantone,"Fashion, Home + Interiors (TCX/TPG) — Margaret2/pantone-colors mirror of pantone.com hexes",https://github.com/Margaret2/pantone-colors,README: hex numbers freely available on Pantone website; names copyright Pantone,2026-09-20,"Named FHI colours; seed uses full downloaded CSS list (cite dataset, not invent hex)"
Coral Sands,coral-sands,#EDAA86,Pantone,"Fashion, Home + Interiors (TCX/TPG) — Margaret2/pantone-colors mirror of pantone.com hexes",https://github.com/Margaret2/pantone-colors,README: hex numbers freely available on Pantone website; names copyright Pantone,2026-09-20,"Named FHI colours; seed uses full downloaded CSS list (cite dataset, not invent hex)"
Flamingo,flamingo,#DF7253,Pantone,"Fashion, Home + Interiors (TCX/TPG) — Margaret2/pantone-colors mirror of pantone.com hexes",https://github.com/Margaret2/pantone-colors,README: hex numbers freely available on Pantone website; names copyright Pantone,2026-09-20,"Named FHI colours; seed uses full downloaded CSS list (cite dataset, not invent hex)"
Shrimp,shrimp,#E29A86,Pantone,"Fashion, Home + Interiors (TCX/TPG) — Margaret2/pantone-colors mirror of pantone.com hexes",https://github.com/Margaret2/pantone-colors,README: hex numbers freely available on Pantone website; names copyright Pantone,2026-09-20,"Named FHI colours; seed uses full downloaded CSS list (cite dataset, not invent hex)"
Apricot Brandy,apricot-brandy,#C26A5A,Pantone,"Fashion, Home + Interiors (TCX/TPG) — Margaret2/pantone-colors mirror of pantone.com hexes",https://github.com/Margaret2/pantone-colors,README: hex numbers freely available on Pantone website; names copyright Pantone,2026-09-20,"Named FHI colours; seed uses full downloaded CSS list (cite dataset, not invent hex)"
Peach Bud,peach-bud,#FDB2AB,Pantone,"Fashion, Home + Interiors (TCX/TPG) — Margaret2/pantone-colors mirror of pantone.com hexes",https://github.com/Margaret2/pantone-colors,README: hex numbers freely available on Pantone website; names copyright Pantone,2026-09-20,"Named FHI colours; seed uses full downloaded CSS list (cite dataset, not invent hex)"
Living Coral,living-coral,#FF6F61,Pantone,"Fashion, Home + Interiors (TCX/TPG) — Margaret2/pantone-colors mirror of pantone.com hexes",https://github.com/Margaret2/pantone-colors,README: hex numbers freely available on Pantone website; names copyright Pantone,2026-09-20,"Named FHI colours; seed uses full downloaded CSS list (cite dataset, not invent hex)"
Burnt Sienna,burnt-sienna,#C65D52,Pantone,"Fashion, Home + Interiors (TCX/TPG) — Margaret2/pantone-colors mirror of pantone.com hexes",https://github.com/Margaret2/pantone-colors,README: hex numbers freely available on Pantone website; names copyright Pantone,2026-09-20,"Named FHI colours; seed uses full downloaded CSS list (cite dataset, not invent hex)"
Pearl Blush,pearl-blush,#F4CEC5,Pantone,"Fashion, Home + Interiors (TCX/TPG) — Margaret2/pantone-colors mirror of pantone.com hexes",https://github.com/Margaret2/pantone-colors,README: hex numbers freely available on Pantone website; names copyright Pantone,2026-09-20,"Named FHI colours; seed uses full downloaded CSS list (cite dataset, not invent hex)"
Rosette,rosette,#CE8E8B,Pantone,"Fashion, Home + Interiors (TCX/TPG) — Margaret2/pantone-colors mirror of pantone.com hexes",https://github.com/Margaret2/pantone-colors,README: hex numbers freely available on Pantone website; names copyright Pantone,2026-09-20,"Named FHI colours; seed uses full downloaded CSS list (cite dataset, not invent hex)"
Mahogany Rose,mahogany-rose,#C5A193,Pantone,"Fashion, Home + Interiors (TCX/TPG) — Margaret2/pantone-colors mirror of pantone.com hexes",https://github.com/Margaret2/pantone-colors,README: hex numbers freely available on Pantone website; names copyright Pantone,2026-09-20,"Named FHI colours; seed uses full downloaded CSS list (cite dataset, not invent hex)"
Autumnal,autumnal,#A15325,Pantone,"Fashion, Home + Interiors (TCX/TPG) — Margaret2/pantone-colors mirror of pantone.com hexes",https://github.com/Margaret2/pantone-colors,README: hex numbers freely available on Pantone website; names copyright Pantone,2026-09-20,"Named FHI colours; seed uses full downloaded CSS list (cite dataset, not invent hex)"
Etherea,etherea,#A5958F,Pantone,"Fashion, Home + Interiors (TCX/TPG) — Margaret2/pantone-colors mirror of pantone.com hexes",https://github.com/Margaret2/pantone-colors,README: hex numbers freely available on Pantone website; names copyright Pantone,2026-09-20,"Named FHI colours; seed uses full downloaded CSS list (cite dataset, not invent hex)"
Papaya,papaya,#FEA166,Pantone,"Fashion, Home + Interiors (TCX/TPG) — Margaret2/pantone-colors mirror of pantone.com hexes",https://github.com/Margaret2/pantone-colors,README: hex numbers freely available on Pantone website; names copyright Pantone,2026-09-20,"Named FHI colours; seed uses full downloaded CSS list (cite dataset, not invent hex)"
Roasted Pecan,roasted-pecan,#93592B,Pantone,"Fashion, Home + Interiors (TCX/TPG) — Margaret2/pantone-colors mirror of pantone.com hexes",https://github.com/Margaret2/pantone-colors,README: hex numbers freely available on Pantone website; names copyright Pantone,2026-09-20,"Named FHI colours; seed uses full downloaded CSS list (cite dataset, not invent hex)"
Pristine,pristine,#F2E8DA,Pantone,"Fashion, Home + Interiors (TCX/TPG) — Margaret2/pantone-colors mirror of pantone.com hexes",https://github.com/Margaret2/pantone-colors,README: hex numbers freely available on Pantone website; names copyright Pantone,2026-09-20,"Named FHI colours; seed uses full downloaded CSS list (cite dataset, not invent hex)"
Almond Oil,almond-oil,#F4EFC1,Pantone,"Fashion, Home + Interiors (TCX/TPG) — Margaret2/pantone-colors mirror of pantone.com hexes",https://github.com/Margaret2/pantone-colors,README: hex numbers freely available on Pantone website; names copyright Pantone,2026-09-20,"Named FHI colours; seed uses full downloaded CSS list (cite dataset, not invent hex)"
Pearled Ivory,pearled-ivory,#F0DFCC,Pantone,"Fashion, Home + Interiors (TCX/TPG) — Margaret2/pantone-colors mirror of pantone.com hexes",https://github.com/Margaret2/pantone-colors,README: hex numbers freely available on Pantone website; names copyright Pantone,2026-09-20,"Named FHI colours; seed uses full downloaded CSS list (cite dataset, not invent hex)"
Putty,putty,#D4CAB0,Pantone,"Fashion, Home + Interiors (TCX/TPG) — Margaret2/pantone-colors mirror of pantone.com hexes",https://github.com/Margaret2/pantone-colors,README: hex numbers freely available on Pantone website; names copyright Pantone,2026-09-20,"Named FHI colours; seed uses full downloaded CSS list (cite dataset, not invent hex)"
Spray Green,spray-green,#AEA692,Pantone,"Fashion, Home + Interiors (TCX/TPG) — Margaret2/pantone-colors mirror of pantone.com hexes",https://github.com/Margaret2/pantone-colors,README: hex numbers freely available on Pantone website; names copyright Pantone,2026-09-20,"Named FHI colours; seed uses full downloaded CSS list (cite dataset, not invent hex)"
Tuffet,tuffet,#A59788,Pantone,"Fashion, Home + Interiors (TCX/TPG) — Margaret2/pantone-colors mirror of pantone.com hexes",https://github.com/Margaret2/pantone-colors,README: hex numbers freely available on Pantone website; names copyright Pantone,2026-09-20,"Named FHI colours; seed uses full downloaded CSS list (cite dataset, not invent hex)"
Canteen,canteen,#5E5347,Pantone,"Fashion, Home + Interiors (TCX/TPG) — Margaret2/pantone-colors mirror of pantone.com hexes",https://github.com/Margaret2/pantone-colors,README: hex numbers freely available on Pantone website; names copyright Pantone,2026-09-20,"Named FHI colours; seed uses full downloaded CSS list (cite dataset, not invent hex)"
Sheepskin,sheepskin,#DAB58F,Pantone,"Fashion, Home + Interiors (TCX/TPG) — Margaret2/pantone-colors mirror of pantone.com hexes",https://github.com/Margaret2/pantone-colors,README: hex numbers freely available on Pantone website; names copyright Pantone,2026-09-20,"Named FHI colours; seed uses full downloaded CSS list (cite dataset, not invent hex)"
Incense,incense,#AF9A7E,Pantone,"Fashion, Home + Interiors (TCX/TPG) — Margaret2/pantone-colors mirror of pantone.com hexes",https://github.com/Margaret2/pantone-colors,README: hex numbers freely available on Pantone website; names copyright Pantone,2026-09-20,"Named FHI colours; seed uses full downloaded CSS list (cite dataset, not invent hex)"
Desert Palm,desert-palm,#5A4632,Pantone,"Fashion, Home + Interiors (TCX/TPG) — Margaret2/pantone-colors mirror of pantone.com hexes",https://github.com/Margaret2/pantone-colors,README: hex numbers freely available on Pantone website; names copyright Pantone,2026-09-20,"Named FHI colours; seed uses full downloaded CSS list (cite dataset, not invent hex)"
Rattan,rattan,#D1B272,Pantone,"Fashion, Home + Interiors (TCX/TPG) — Margaret2/pantone-colors mirror of pantone.com hexes",https://github.com/Margaret2/pantone-colors,README: hex numbers freely available on Pantone website; names copyright Pantone,2026-09-20,"Named FHI colours; seed uses full downloaded CSS list (cite dataset, not invent hex)"
Cress Green,cress-green,#BCA949,Pantone,"Fashion, Home + Interiors (TCX/TPG) — Margaret2/pantone-colors mirror of pantone.com hexes",https://github.com/Margaret2/pantone-colors,README: hex numbers freely available on Pantone website; names copyright Pantone,2026-09-20,"Named FHI colours; seed uses full downloaded CSS list (cite dataset, not invent hex)"
Golden Green,golden-green,#BDB369,Pantone,"Fashion, Home + Interiors (TCX/TPG) — Margaret2/pantone-colors mirror of pantone.com hexes",https://github.com/Margaret2/pantone-colors,README: hex numbers freely available on Pantone website; names copyright Pantone,2026-09-20,"Named FHI colours; seed uses full downloaded CSS list (cite dataset, not invent hex)"
Canary Yellow,canary-yellow,#DFD87E,Pantone,"Fashion, Home + Interiors (TCX/TPG) — Margaret2/pantone-colors mirror of pantone.com hexes",https://github.com/Margaret2/pantone-colors,README: hex numbers freely available on Pantone website; names copyright Pantone,2026-09-20,"Named FHI colours; seed uses full downloaded CSS list (cite dataset, not invent hex)"
Vibrant Yellow,vibrant-yellow,#FFDA29,Pantone,"Fashion, Home + Interiors (TCX/TPG) — Margaret2/pantone-colors mirror of pantone.com hexes",https://github.com/Margaret2/pantone-colors,README: hex numbers freely available on Pantone website; names copyright Pantone,2026-09-20,"Named FHI colours; seed uses full downloaded CSS list (cite dataset, not invent hex)"
Honey,honey,#BA9238,Pantone,"Fashion, Home + Interiors (TCX/TPG) — Margaret2/pantone-colors mirror of pantone.com hexes",https://github.com/Margaret2/pantone-colors,README: hex numbers freely available on Pantone website; names copyright Pantone,2026-09-20,"Named FHI colours; seed uses full downloaded CSS list (cite dataset, not invent hex)"
Tinsel,tinsel,#C3964D,Pantone,"Fashion, Home + Interiors (TCX/TPG) — Margaret2/pantone-colors mirror of pantone.com hexes",https://github.com/Margaret2/pantone-colors,README: hex numbers freely available on Pantone website; names copyright Pantone,2026-09-20,"Named FHI colours; seed uses full downloaded CSS list (cite dataset, not invent hex)"
Apple Cinnamon,apple-cinnamon,#B0885A,Pantone,"Fashion, Home + Interiors (TCX/TPG) — Margaret2/pantone-colors mirror of pantone.com hexes",https://github.com/Margaret2/pantone-colors,README: hex numbers freely available on Pantone website; names copyright Pantone,2026-09-20,"Named FHI colours; seed uses full downloaded CSS list (cite dataset, not invent hex)"
Spectra Yellow,spectra-yellow,#F7B718,Pantone,"Fashion, Home + Interiors (TCX/TPG) — Margaret2/pantone-colors mirror of pantone.com hexes",https://github.com/Margaret2/pantone-colors,README: hex numbers freely available on Pantone website; names copyright Pantone,2026-09-20,"Named FHI colours; seed uses full downloaded CSS list (cite dataset, not invent hex)"
Golden Apricot,golden-apricot,#DDA758,Pantone,"Fashion, Home + Interiors (TCX/TPG) — Margaret2/pantone-colors mirror of pantone.com hexes",https://github.com/Margaret2/pantone-colors,README: hex numbers freely available on Pantone website; names copyright Pantone,2026-09-20,"Named FHI colours; seed uses full downloaded CSS list (cite dataset, not invent hex)"
Inca Gold,inca-gold,#BB7A2C,Pantone,"Fashion, Home + Interiors (TCX/TPG) — Margaret2/pantone-colors mirror of pantone.com hexes",https://github.com/Margaret2/pantone-colors,README: hex numbers freely available on Pantone website; names copyright Pantone,2026-09-20,"Named FHI colours; seed uses full downloaded CSS list (cite dataset, not invent hex)"
Warm Apricot,warm-apricot,#FFB865,Pantone,"Fashion, Home + Interiors (TCX/TPG) — Margaret2/pantone-colors mirror of pantone.com hexes",https://github.com/Margaret2/pantone-colors,README: hex numbers freely available on Pantone website; names copyright Pantone,2026-09-20,"Named FHI colours; seed uses full downloaded CSS list (cite dataset, not invent hex)"
Forest Night,forest-night,#434237,Pantone,"Fashion, Home + Interiors (TCX/TPG) — Margaret2/pantone-colors mirror of pantone.com hexes",https://github.com/Margaret2/pantone-colors,README: hex numbers freely available on Pantone website; names copyright Pantone,2026-09-20,"Named FHI colours; seed uses full downloaded CSS list (cite dataset, not invent hex)"
Leek Green,leek-green,#B7B17A,Pantone,"Fashion, Home + Interiors (TCX/TPG) — Margaret2/pantone-colors mirror of pantone.com hexes",https://github.com/Margaret2/pantone-colors,README: hex numbers freely available on Pantone website; names copyright Pantone,2026-09-20,"Named FHI colours; seed uses full downloaded CSS list (cite dataset, not invent hex)"
Tapenade,tapenade,#805D24,Pantone,"Fashion, Home + Interiors (TCX/TPG) — Margaret2/pantone-colors mirror of pantone.com hexes",https://github.com/Margaret2/pantone-colors,README: hex numbers freely available on Pantone website; names copyright Pantone,2026-09-20,"Named FHI colours; seed uses full downloaded CSS list (cite dataset, not invent hex)"
Elm,elm,#A39F86,Pantone,"Fashion, Home + Interiors (TCX/TPG) — Margaret2/pantone-colors mirror of pantone.com hexes",https://github.com/Margaret2/pantone-colors,README: hex numbers freely available on Pantone website; names copyright Pantone,2026-09-20,"Named FHI colours; seed uses full downloaded CSS list (cite dataset, not invent hex)"
Nutria,nutria,#75663E,Pantone,"Fashion, Home + Interiors (TCX/TPG) — Margaret2/pantone-colors mirror of pantone.com hexes",https://github.com/Margaret2/pantone-colors,README: hex numbers freely available on Pantone website; names copyright Pantone,2026-09-20,"Named FHI colours; seed uses full downloaded CSS list (cite dataset, not invent hex)"
Greige,greige,#928475,Pantone,"Fashion, Home + Interiors (TCX/TPG) — Margaret2/pantone-colors mirror of pantone.com hexes",https://github.com/Margaret2/pantone-colors,README: hex numbers freely available on Pantone website; names copyright Pantone,2026-09-20,"Named FHI colours; seed uses full downloaded CSS list (cite dataset, not invent hex)"
Sundress,sundress,#EBCF89,Pantone,"Fashion, Home + Interiors (TCX/TPG) — Margaret2/pantone-colors mirror of pantone.com hexes",https://github.com/Margaret2/pantone-colors,README: hex numbers freely available on Pantone website; names copyright Pantone,2026-09-20,"Named FHI colours; seed uses full downloaded CSS list (cite dataset, not invent hex)"
Lemon Icing,lemon-icing,#F6EBC8,Pantone,"Fashion, Home + Interiors (TCX/TPG) — Margaret2/pantone-colors mirror of pantone.com hexes",https://github.com/Margaret2/pantone-colors,README: hex numbers freely available on Pantone website; names copyright Pantone,2026-09-20,"Named FHI colours; seed uses full downloaded CSS list (cite dataset, not invent hex)"
Rabbit,rabbit,#5F575C,Pantone,"Fashion, Home + Interiors (TCX/TPG) — Margaret2/pantone-colors mirror of pantone.com hexes",https://github.com/Margaret2/pantone-colors,README: hex numbers freely available on Pantone website; names copyright Pantone,2026-09-20,"Named FHI colours; seed uses full downloaded CSS list (cite dataset, not invent hex)"
Super Pink,super-pink,#CE6BA4,Pantone,"Fashion, Home + Interiors (TCX/TPG) — Margaret2/pantone-colors mirror of pantone.com hexes",https://github.com/Margaret2/pantone-colors,README: hex numbers freely available on Pantone website; names copyright Pantone,2026-09-20,"Named FHI colours; seed uses full downloaded CSS list (cite dataset, not invent hex)"
Fuchsia Red,fuchsia-red,#AB3475,Pantone,"Fashion, Home + Interiors (TCX/TPG) — Margaret2/pantone-colors mirror of pantone.com hexes",https://github.com/Margaret2/pantone-colors,README: hex numbers freely available on Pantone website; names copyright Pantone,2026-09-20,"Named FHI colours; seed uses full downloaded CSS list (cite dataset, not invent hex)"
Pastel Lavender,pastel-lavender,#D8A1C4,Pantone,"Fashion, Home + Interiors (TCX/TPG) — Margaret2/pantone-colors mirror of pantone.com hexes",https://github.com/Margaret2/pantone-colors,README: hex numbers freely available on Pantone website; names copyright Pantone,2026-09-20,"Named FHI colours; seed uses full downloaded CSS list (cite dataset, not invent hex)"
Cyclamen,cyclamen,#D687BA,Pantone,"Fashion, Home + Interiors (TCX/TPG) — Margaret2/pantone-colors mirror of pantone.com hexes",https://github.com/Margaret2/pantone-colors,README: hex numbers freely available on Pantone website; names copyright Pantone,2026-09-20,"Named FHI colours; seed uses full downloaded CSS list (cite dataset, not invent hex)"
Mulberry,mulberry,#A76C97,Pantone,"Fashion, Home + Interiors (TCX/TPG) — Margaret2/pantone-colors mirror of pantone.com hexes",https://github.com/Margaret2/pantone-colors,README: hex numbers freely available on Pantone website; names copyright Pantone,2026-09-20,"Named FHI colours; seed uses full downloaded CSS list (cite dataset, not invent hex)"
Iris Orchid,iris-orchid,#A767A2,Pantone,"Fashion, Home + Interiors (TCX/TPG) — Margaret2/pantone-colors mirror of pantone.com hexes",https://github.com/Margaret2/pantone-colors,README: hex numbers freely available on Pantone website; names copyright Pantone,2026-09-20,"Named FHI colours; seed uses full downloaded CSS list (cite dataset, not invent hex)"
Meadow Mauve,meadow-mauve,#A9568C,Pantone,"Fashion, Home + Interiors (TCX/TPG) — Margaret2/pantone-colors mirror of pantone.com hexes",https://github.com/Margaret2/pantone-colors,README: hex numbers freely available on Pantone website; names copyright Pantone,2026-09-20,"Named FHI colours; seed uses full downloaded CSS list (cite dataset, not invent hex)"
Rosebud,rosebud,#B65F9A,Pantone,"Fashion, Home + Interiors (TCX/TPG) — Margaret2/pantone-colors mirror of pantone.com hexes",https://github.com/Margaret2/pantone-colors,README: hex numbers freely available on Pantone website; names copyright Pantone,2026-09-20,"Named FHI colours; seed uses full downloaded CSS list (cite dataset, not invent hex)"
Baton Rouge,baton-rouge,#973C6C,Pantone,"Fashion, Home + Interiors (TCX/TPG) — Margaret2/pantone-colors mirror of pantone.com hexes",https://github.com/Margaret2/pantone-colors,README: hex numbers freely available on Pantone website; names copyright Pantone,2026-09-20,"Named FHI colours; seed uses full downloaded CSS list (cite dataset, not invent hex)"
Vivid Viola,vivid-viola,#993C7C,Pantone,"Fashion, Home + Interiors (TCX/TPG) — Margaret2/pantone-colors mirror of pantone.com hexes",https://github.com/Margaret2/pantone-colors,README: hex numbers freely available on Pantone website; names copyright Pantone,2026-09-20,"Named FHI colours; seed uses full downloaded CSS list (cite dataset, not invent hex)"
Clover,clover,#8A3371,Pantone,"Fashion, Home + Interiors (TCX/TPG) — Margaret2/pantone-colors mirror of pantone.com hexes",https://github.com/Margaret2/pantone-colors,README: hex numbers freely available on Pantone website; names copyright Pantone,2026-09-20,"Named FHI colours; seed uses full downloaded CSS list (cite dataset, not invent hex)"
Hyacinth Violet,hyacinth-violet,#8D4687,Pantone,"Fashion, Home + Interiors (TCX/TPG) — Margaret2/pantone-colors mirror of pantone.com hexes",https://github.com/Margaret2/pantone-colors,README: hex numbers freely available on Pantone website; names copyright Pantone,2026-09-20,"Named FHI colours; seed uses full downloaded CSS list (cite dataset, not invent hex)"
Byzantium,byzantium,#853B7B,Pantone,"Fashion, Home + Interiors (TCX/TPG) — Margaret2/pantone-colors mirror of pantone.com hexes",https://github.com/Margaret2/pantone-colors,README: hex numbers freely available on Pantone website; names copyright Pantone,2026-09-20,"Named FHI colours; seed uses full downloaded CSS list (cite dataset, not invent hex)"
Gloxinia,gloxinia,#622E5A,Pantone,"Fashion, Home + Interiors (TCX/TPG) — Margaret2/pantone-colors mirror of pantone.com hexes",https://github.com/Margaret2/pantone-colors,README: hex numbers freely available on Pantone website; names copyright Pantone,2026-09-20,"Named FHI colours; seed uses full downloaded CSS list (cite dataset, not invent hex)"
Argyle Purple,argyle-purple,#895C79,Pantone,"Fashion, Home + Interiors (TCX/TPG) — Margaret2/pantone-colors mirror of pantone.com hexes",https://github.com/Margaret2/pantone-colors,README: hex numbers freely available on Pantone website; names copyright Pantone,2026-09-20,"Named FHI colours; seed uses full downloaded CSS list (cite dataset, not invent hex)"
Potent Purple,potent-purple,#462639,Pantone,"Fashion, Home + Interiors (TCX/TPG) — Margaret2/pantone-colors mirror of pantone.com hexes",https://github.com/Margaret2/pantone-colors,README: hex numbers freely available on Pantone website; names copyright Pantone,2026-09-20,"Named FHI colours; seed uses full downloaded CSS list (cite dataset, not invent hex)"
Valerian,valerian,#9F7A93,Pantone,"Fashion, Home + Interiors (TCX/TPG) — Margaret2/pantone-colors mirror of pantone.com hexes",https://github.com/Margaret2/pantone-colors,README: hex numbers freely available on Pantone website; names copyright Pantone,2026-09-20,"Named FHI colours; seed uses full downloaded CSS list (cite dataset, not invent hex)"
Purple Gumdrop,purple-gumdrop,#7A596F,Pantone,"Fashion, Home + Interiors (TCX/TPG) — Margaret2/pantone-colors mirror of pantone.com hexes",https://github.com/Margaret2/pantone-colors,README: hex numbers freely available on Pantone website; names copyright Pantone,2026-09-20,"Named FHI colours; seed uses full downloaded CSS list (cite dataset, not invent hex)"
Concord Grape,concord-grape,#7C5379,Pantone,"Fashion, Home + Interiors (TCX/TPG) — Margaret2/pantone-colors mirror of pantone.com hexes",https://github.com/Margaret2/pantone-colors,README: hex numbers freely available on Pantone website; names copyright Pantone,2026-09-20,"Named FHI colours; seed uses full downloaded CSS list (cite dataset, not invent hex)"
Purple Passion,purple-passion,#683D62,Pantone,"Fashion, Home + Interiors (TCX/TPG) — Margaret2/pantone-colors mirror of pantone.com hexes",https://github.com/Margaret2/pantone-colors,README: hex numbers freely available on Pantone website; names copyright Pantone,2026-09-20,"Named FHI colours; seed uses full downloaded CSS list (cite dataset, not invent hex)"
Deep Purple,deep-purple,#50314C,Pantone,"Fashion, Home + Interiors (TCX/TPG) — Margaret2/pantone-colors mirror of pantone.com hexes",https://github.com/Margaret2/pantone-colors,README: hex numbers freely available on Pantone website; names copyright Pantone,2026-09-20,"Named FHI colours; seed uses full downloaded CSS list (cite dataset, not invent hex)"
Blackberry Wine,blackberry-wine,#4D3246,Pantone,"Fashion, Home + Interiors (TCX/TPG) — Margaret2/pantone-colors mirror of pantone.com hexes",https://github.com/Margaret2/pantone-colors,README: hex numbers freely available on Pantone website; names copyright Pantone,2026-09-20,"Named FHI colours; seed uses full downloaded CSS list (cite dataset, not invent hex)"
Nirvana,nirvana,#A2919B,Pantone,"Fashion, Home + Interiors (TCX/TPG) — Margaret2/pantone-colors mirror of pantone.com hexes",https://github.com/Margaret2/pantone-colors,README: hex numbers freely available on Pantone website; names copyright Pantone,2026-09-20,"Named FHI colours; seed uses full downloaded CSS list (cite dataset, not invent hex)"
Shark,shark,#6D636B,Pantone,"Fashion, Home + Interiors (TCX/TPG) — Margaret2/pantone-colors mirror of pantone.com hexes",https://github.com/Margaret2/pantone-colors,README: hex numbers freely available on Pantone website; names copyright Pantone,2026-09-20,"Named FHI colours; seed uses full downloaded CSS list (cite dataset, not invent hex)"
Fair Orchid,fair-orchid,#C0AAC0,Pantone,"Fashion, Home + Interiors (TCX/TPG) — Margaret2/pantone-colors mirror of pantone.com hexes",https://github.com/Margaret2/pantone-colors,README: hex numbers freely available on Pantone website; names copyright Pantone,2026-09-20,"Named FHI colours; seed uses full downloaded CSS list (cite dataset, not invent hex)"
Dusty Lavender,dusty-lavender,#A1759C,Pantone,"Fashion, Home + Interiors (TCX/TPG) — Margaret2/pantone-colors mirror of pantone.com hexes",https://github.com/Margaret2/pantone-colors,README: hex numbers freely available on Pantone website; names copyright Pantone,2026-09-20,"Named FHI colours; seed uses full downloaded CSS list (cite dataset, not invent hex)"
Vintage Violet,vintage-violet,#634F62,Pantone,"Fashion, Home + Interiors (TCX/TPG) — Margaret2/pantone-colors mirror of pantone.com hexes",https://github.com/Margaret2/pantone-colors,README: hex numbers freely available on Pantone website; names copyright Pantone,2026-09-20,"Named FHI colours; seed uses full downloaded CSS list (cite dataset, not invent hex)"
Arctic Dusk,arctic-dusk,#735B6A,Pantone,"Fashion, Home + Interiors (TCX/TPG) — Margaret2/pantone-colors mirror of pantone.com hexes",https://github.com/Margaret2/pantone-colors,README: hex numbers freely available on Pantone website; names copyright Pantone,2026-09-20,"Named FHI colours; seed uses full downloaded CSS list (cite dataset, not invent hex)"
Willowherb,willowherb,#8E4483,Pantone,"Fashion, Home + Interiors (TCX/TPG) — Margaret2/pantone-colors mirror of pantone.com hexes",https://github.com/Margaret2/pantone-colors,README: hex numbers freely available on Pantone website; names copyright Pantone,2026-09-20,"Named FHI colours; seed uses full downloaded CSS list (cite dataset, not invent hex)"
Shale,shale,#4A3F41,Pantone,"Fashion, Home + Interiors (TCX/TPG) — Margaret2/pantone-colors mirror of pantone.com hexes",https://github.com/Margaret2/pantone-colors,README: hex numbers freely available on Pantone website; names copyright Pantone,2026-09-20,"Named FHI colours; seed uses full downloaded CSS list (cite dataset, not invent hex)"
Hibiscus,hibiscus,#DD3848,Pantone,"Fashion, Home + Interiors (TCX/TPG) — Margaret2/pantone-colors mirror of pantone.com hexes",https://github.com/Margaret2/pantone-colors,README: hex numbers freely available on Pantone website; names copyright Pantone,2026-09-20,"Named FHI colours; seed uses full downloaded CSS list (cite dataset, not invent hex)"
Fiery Red,fiery-red,#D01C1F,Pantone,"Fashion, Home + Interiors (TCX/TPG) — Margaret2/pantone-colors mirror of pantone.com hexes",https://github.com/Margaret2/pantone-colors,README: hex numbers freely available on Pantone website; names copyright Pantone,2026-09-20,"Named FHI colours; seed uses full downloaded CSS list (cite dataset, not invent hex)"
Lipstick Red,lipstick-red,#B31A38,Pantone,"Fashion, Home + Interiors (TCX/TPG) — Margaret2/pantone-colors mirror of pantone.com hexes",https://github.com/Margaret2/pantone-colors,README: hex numbers freely available on Pantone website; names copyright Pantone,2026-09-20,"Named FHI colours; seed uses full downloaded CSS list (cite dataset, not invent hex)"
Chili Pepper,chili-pepper,#9B1B30,Pantone,"Fashion, Home + Interiors (TCX/TPG) — Margaret2/pantone-colors mirror of pantone.com hexes",https://github.com/Margaret2/pantone-colors,README: hex numbers freely available on Pantone website; names copyright Pantone,2026-09-20,"Named FHI colours; seed uses full downloaded CSS list (cite dataset, not invent hex)"
Pink Lemonade,pink-lemonade,#EE6D8A,Pantone,"Fashion, Home + Interiors (TCX/TPG) — Margaret2/pantone-colors mirror of pantone.com hexes",https://github.com/Margaret2/pantone-colors,README: hex numbers freely available on Pantone website; names copyright Pantone,2026-09-20,"Named FHI colours; seed uses full downloaded CSS list (cite dataset, not invent hex)"
Sunkist Coral,sunkist-coral,#EA6676,Pantone,"Fashion, Home + Interiors (TCX/TPG) — Margaret2/pantone-colors mirror of pantone.com hexes",https://github.com/Margaret2/pantone-colors,README: hex numbers freely available on Pantone website; names copyright Pantone,2026-09-20,"Named FHI colours; seed uses full downloaded CSS list (cite dataset, not invent hex)"
Azalea,azalea,#D42E5B,Pantone,"Fashion, Home + Interiors (TCX/TPG) — Margaret2/pantone-colors mirror of pantone.com hexes",https://github.com/Margaret2/pantone-colors,README: hex numbers freely available on Pantone website; names copyright Pantone,2026-09-20,"Named FHI colours; seed uses full downloaded CSS list (cite dataset, not invent hex)"
Cerise,cerise,#A41247,Pantone,"Fashion, Home + Interiors (TCX/TPG) — Margaret2/pantone-colors mirror of pantone.com hexes",https://github.com/Margaret2/pantone-colors,README: hex numbers freely available on Pantone website; names copyright Pantone,2026-09-20,"Named FHI colours; seed uses full downloaded CSS list (cite dataset, not invent hex)"
Wild Orchid,wild-orchid,#D979A2,Pantone,"Fashion, Home + Interiors (TCX/TPG) — Margaret2/pantone-colors mirror of pantone.com hexes",https://github.com/Margaret2/pantone-colors,README: hex numbers freely available on Pantone website; names copyright Pantone,2026-09-20,"Named FHI colours; seed uses full downloaded CSS list (cite dataset, not invent hex)"
Honeysuckle,honeysuckle,#D94F70,Pantone,"Fashion, Home + Interiors (TCX/TPG) — Margaret2/pantone-colors mirror of pantone.com hexes",https://github.com/Margaret2/pantone-colors,README: hex numbers freely available on Pantone website; names copyright Pantone,2026-09-20,"Named FHI colours; seed uses full downloaded CSS list (cite dataset, not invent hex)"
Pink Flambe,pink-flambe,#D3507A,Pantone,"Fashion, Home + Interiors (TCX/TPG) — Margaret2/pantone-colors mirror of pantone.com hexes",https://github.com/Margaret2/pantone-colors,README: hex numbers freely available on Pantone website; names copyright Pantone,2026-09-20,"Named FHI colours; seed uses full downloaded CSS list (cite dataset, not invent hex)"
Mauveglow,mauveglow,#D18489,Pantone,"Fashion, Home + Interiors (TCX/TPG) — Margaret2/pantone-colors mirror of pantone.com hexes",https://github.com/Margaret2/pantone-colors,README: hex numbers freely available on Pantone website; names copyright Pantone,2026-09-20,"Named FHI colours; seed uses full downloaded CSS list (cite dataset, not invent hex)"
Garnet Rose,garnet-rose,#AC4B55,Pantone,"Fashion, Home + Interiors (TCX/TPG) — Margaret2/pantone-colors mirror of pantone.com hexes",https://github.com/Margaret2/pantone-colors,README: hex numbers freely available on Pantone website; names copyright Pantone,2026-09-20,"Named FHI colours; seed uses full downloaded CSS list (cite dataset, not invent hex)"
Garnet,garnet,#953640,Pantone,"Fashion, Home + Interiors (TCX/TPG) — Margaret2/pantone-colors mirror of pantone.com hexes",https://github.com/Margaret2/pantone-colors,README: hex numbers freely available on Pantone website; names copyright Pantone,2026-09-20,"Named FHI colours; seed uses full downloaded CSS list (cite dataset, not invent hex)"
Burnt Russet,burnt-russet,#7E3940,Pantone,"Fashion, Home + Interiors (TCX/TPG) — Margaret2/pantone-colors mirror of pantone.com hexes",https://github.com/Margaret2/pantone-colors,README: hex numbers freely available on Pantone website; names copyright Pantone,2026-09-20,"Named FHI colours; seed uses full downloaded CSS list (cite dataset, not invent hex)"
Hawthorn Rose,hawthorn-rose,#884C5E,Pantone,"Fashion, Home + Interiors (TCX/TPG) — Margaret2/pantone-colors mirror of pantone.com hexes",https://github.com/Margaret2/pantone-colors,README: hex numbers freely available on Pantone website; names copyright Pantone,2026-09-20,"Named FHI colours; seed uses full downloaded CSS list (cite dataset, not invent hex)"
Red Plum,red-plum,#7C2946,Pantone,"Fashion, Home + Interiors (TCX/TPG) — Margaret2/pantone-colors mirror of pantone.com hexes",https://github.com/Margaret2/pantone-colors,README: hex numbers freely available on Pantone website; names copyright Pantone,2026-09-20,"Named FHI colours; seed uses full downloaded CSS list (cite dataset, not invent hex)"
Potpourri,potpourri,#E7C9CA,Pantone,"Fashion, Home + Interiors (TCX/TPG) — Margaret2/pantone-colors mirror of pantone.com hexes",https://github.com/Margaret2/pantone-colors,README: hex numbers freely available on Pantone website; names copyright Pantone,2026-09-20,"Named FHI colours; seed uses full downloaded CSS list (cite dataset, not invent hex)"
Peony,peony,#ED9CA8,Pantone,"Fashion, Home + Interiors (TCX/TPG) — Margaret2/pantone-colors mirror of pantone.com hexes",https://github.com/Margaret2/pantone-colors,README: hex numbers freely available on Pantone website; names copyright Pantone,2026-09-20,"Named FHI colours; seed uses full downloaded CSS list (cite dataset, not invent hex)"
Orchid Haze,orchid-haze,#B0879B,Pantone,"Fashion, Home + Interiors (TCX/TPG) — Margaret2/pantone-colors mirror of pantone.com hexes",https://github.com/Margaret2/pantone-colors,README: hex numbers freely available on Pantone website; names copyright Pantone,2026-09-20,"Named FHI colours; seed uses full downloaded CSS list (cite dataset, not invent hex)"
Woodrose,woodrose,#AE8C8E,Pantone,"Fashion, Home + Interiors (TCX/TPG) — Margaret2/pantone-colors mirror of pantone.com hexes",https://github.com/Margaret2/pantone-colors,README: hex numbers freely available on Pantone website; names copyright Pantone,2026-09-20,"Named FHI colours; seed uses full downloaded CSS list (cite dataset, not invent hex)"
Catawba Grape,catawba-grape,#5D3C43,Pantone,"Fashion, Home + Interiors (TCX/TPG) — Margaret2/pantone-colors mirror of pantone.com hexes",https://github.com/Margaret2/pantone-colors,README: hex numbers freely available on Pantone website; names copyright Pantone,2026-09-20,"Named FHI colours; seed uses full downloaded CSS list (cite dataset, not invent hex)"
Burgundy,burgundy,#64313E,Pantone,"Fashion, Home + Interiors (TCX/TPG) — Margaret2/pantone-colors mirror of pantone.com hexes",https://github.com/Margaret2/pantone-colors,README: hex numbers freely available on Pantone website; names copyright Pantone,2026-09-20,"Named FHI colours; seed uses full downloaded CSS list (cite dataset, not invent hex)"
Mauve Shadows,mauve-shadows,#B598A3,Pantone,"Fashion, Home + Interiors (TCX/TPG) — Margaret2/pantone-colors mirror of pantone.com hexes",https://github.com/Margaret2/pantone-colors,README: hex numbers freely available on Pantone website; names copyright Pantone,2026-09-20,"Named FHI colours; seed uses full downloaded CSS list (cite dataset, not invent hex)"
Zephyr,zephyr,#C89FA5,Pantone,"Fashion, Home + Interiors (TCX/TPG) — Margaret2/pantone-colors mirror of pantone.com hexes",https://github.com/Margaret2/pantone-colors,README: hex numbers freely available on Pantone website; names copyright Pantone,2026-09-20,"Named FHI colours; seed uses full downloaded CSS list (cite dataset, not invent hex)"
Renaissance Rose,renaissance-rose,#865560,Pantone,"Fashion, Home + Interiors (TCX/TPG) — Margaret2/pantone-colors mirror of pantone.com hexes",https://github.com/Margaret2/pantone-colors,README: hex numbers freely available on Pantone website; names copyright Pantone,2026-09-20,"Named FHI colours; seed uses full downloaded CSS list (cite dataset, not invent hex)"
Grape Wine,grape-wine,#5A2F43,Pantone,"Fashion, Home + Interiors (TCX/TPG) — Margaret2/pantone-colors mirror of pantone.com hexes",https://github.com/Margaret2/pantone-colors,README: hex numbers freely available on Pantone website; names copyright Pantone,2026-09-20,"Named FHI colours; seed uses full downloaded CSS list (cite dataset, not invent hex)"
Haute Red,haute-red,#A11729,Pantone,"Fashion, Home + Interiors (TCX/TPG) — Margaret2/pantone-colors mirror of pantone.com hexes",https://github.com/Margaret2/pantone-colors,README: hex numbers freely available on Pantone website; names copyright Pantone,2026-09-20,"Named FHI colours; seed uses full downloaded CSS list (cite dataset, not invent hex)"
Pomegranate,pomegranate,#6C2831,Pantone,"Fashion, Home + Interiors (TCX/TPG) — Margaret2/pantone-colors mirror of pantone.com hexes",https://github.com/Margaret2/pantone-colors,README: hex numbers freely available on Pantone website; names copyright Pantone,2026-09-20,"Named FHI colours; seed uses full downloaded CSS list (cite dataset, not invent hex)"
Tender Yellow,tender-yellow,#EDEDB7,Pantone,"Fashion, Home + Interiors (TCX/TPG) — Margaret2/pantone-colors mirror of pantone.com hexes",https://github.com/Margaret2/pantone-colors,README: hex numbers freely available on Pantone website; names copyright Pantone,2026-09-20,"Named FHI colours; seed uses full downloaded CSS list (cite dataset, not invent hex)"
Kombu Green,kombu-green,#3A4032,Pantone,"Fashion, Home + Interiors (TCX/TPG) — Margaret2/pantone-colors mirror of pantone.com hexes",https://github.com/Margaret2/pantone-colors,README: hex numbers freely available on Pantone website; names copyright Pantone,2026-09-20,"Named FHI colours; seed uses full downloaded CSS list (cite dataset, not invent hex)"
Desert Sage,desert-sage,#A7AE9E,Pantone,"Fashion, Home + Interiors (TCX/TPG) — Margaret2/pantone-colors mirror of pantone.com hexes",https://github.com/Margaret2/pantone-colors,README: hex numbers freely available on Pantone website; names copyright Pantone,2026-09-20,"Named FHI colours; seed uses full downloaded CSS list (cite dataset, not invent hex)"
Dill,dill,#6F7755,Pantone,"Fashion, Home + Interiors (TCX/TPG) — Margaret2/pantone-colors mirror of pantone.com hexes",https://github.com/Margaret2/pantone-colors,README: hex numbers freely available on Pantone website; names copyright Pantone,2026-09-20,"Named FHI colours; seed uses full downloaded CSS list (cite dataset, not invent hex)"
Cypress,cypress,#545A3E,Pantone,"Fashion, Home + Interiors (TCX/TPG) — Margaret2/pantone-colors mirror of pantone.com hexes",https://github.com/Margaret2/pantone-colors,README: hex numbers freely available on Pantone website; names copyright Pantone,2026-09-20,"Named FHI colours; seed uses full downloaded CSS list (cite dataset, not invent hex)"
Lime Green,lime-green,#9FC131,Pantone,"Fashion, Home + Interiors (TCX/TPG) — Margaret2/pantone-colors mirror of pantone.com hexes",https://github.com/Margaret2/pantone-colors,README: hex numbers freely available on Pantone website; names copyright Pantone,2026-09-20,"Named FHI colours; seed uses full downloaded CSS list (cite dataset, not invent hex)"
Greenery,greenery,#88B04B,Pantone,"Fashion, Home + Interiors (TCX/TPG) — Margaret2/pantone-colors mirror of pantone.com hexes",https://github.com/Margaret2/pantone-colors,README: hex numbers freely available on Pantone website; names copyright Pantone,2026-09-20,"Named FHI colours; seed uses full downloaded CSS list (cite dataset, not invent hex)"
Herbal Garden,herbal-garden,#9CAD60,Pantone,"Fashion, Home + Interiors (TCX/TPG) — Margaret2/pantone-colors mirror of pantone.com hexes",https://github.com/Margaret2/pantone-colors,README: hex numbers freely available on Pantone website; names copyright Pantone,2026-09-20,"Named FHI colours; seed uses full downloaded CSS list (cite dataset, not invent hex)"
Dark Citron,dark-citron,#A0AC4F,Pantone,"Fashion, Home + Interiors (TCX/TPG) — Margaret2/pantone-colors mirror of pantone.com hexes",https://github.com/Margaret2/pantone-colors,README: hex numbers freely available on Pantone website; names copyright Pantone,2026-09-20,"Named FHI colours; seed uses full downloaded CSS list (cite dataset, not invent hex)"
Daiquiri Green,daiquiri-green,#C9D77E,Pantone,"Fashion, Home + Interiors (TCX/TPG) — Margaret2/pantone-colors mirror of pantone.com hexes",https://github.com/Margaret2/pantone-colors,README: hex numbers freely available on Pantone website; names copyright Pantone,2026-09-20,"Named FHI colours; seed uses full downloaded CSS list (cite dataset, not invent hex)"
Tender Shoots,tender-shoots,#B5CC39,Pantone,"Fashion, Home + Interiors (TCX/TPG) — Margaret2/pantone-colors mirror of pantone.com hexes",https://github.com/Margaret2/pantone-colors,README: hex numbers freely available on Pantone website; names copyright Pantone,2026-09-20,"Named FHI colours; seed uses full downloaded CSS list (cite dataset, not invent hex)"
Limeade,limeade,#D3D95F,Pantone,"Fashion, Home + Interiors (TCX/TPG) — Margaret2/pantone-colors mirror of pantone.com hexes",https://github.com/Margaret2/pantone-colors,README: hex numbers freely available on Pantone website; names copyright Pantone,2026-09-20,"Named FHI colours; seed uses full downloaded CSS list (cite dataset, not invent hex)"
Lime Cream,lime-cream,#D7E8BC,Pantone,"Fashion, Home + Interiors (TCX/TPG) — Margaret2/pantone-colors mirror of pantone.com hexes",https://github.com/Margaret2/pantone-colors,README: hex numbers freely available on Pantone website; names copyright Pantone,2026-09-20,"Named FHI colours; seed uses full downloaded CSS list (cite dataset, not invent hex)"
Lettuce Green,lettuce-green,#BED38E,Pantone,"Fashion, Home + Interiors (TCX/TPG) — Margaret2/pantone-colors mirror of pantone.com hexes",https://github.com/Margaret2/pantone-colors,README: hex numbers freely available on Pantone website; names copyright Pantone,2026-09-20,"Named FHI colours; seed uses full downloaded CSS list (cite dataset, not invent hex)"
Winter Pear,winter-pear,#B0B487,Pantone,"Fashion, Home + Interiors (TCX/TPG) — Margaret2/pantone-colors mirror of pantone.com hexes",https://github.com/Margaret2/pantone-colors,README: hex numbers freely available on Pantone website; names copyright Pantone,2026-09-20,"Named FHI colours; seed uses full downloaded CSS list (cite dataset, not invent hex)"
Pale Green,pale-green,#CBCE91,Pantone,"Fashion, Home + Interiors (TCX/TPG) — Margaret2/pantone-colors mirror of pantone.com hexes",https://github.com/Margaret2/pantone-colors,README: hex numbers freely available on Pantone website; names copyright Pantone,2026-09-20,"Named FHI colours; seed uses full downloaded CSS list (cite dataset, not invent hex)"
Pale Lime Yellow,pale-lime-yellow,#DFE69F,Pantone,"Fashion, Home + Interiors (TCX/TPG) — Margaret2/pantone-colors mirror of pantone.com hexes",https://github.com/Margaret2/pantone-colors,README: hex numbers freely available on Pantone website; names copyright Pantone,2026-09-20,"Named FHI colours; seed uses full downloaded CSS list (cite dataset, not invent hex)"
Celery Green,celery-green,#C5CC7B,Pantone,"Fashion, Home + Interiors (TCX/TPG) — Margaret2/pantone-colors mirror of pantone.com hexes",https://github.com/Margaret2/pantone-colors,README: hex numbers freely available on Pantone website; names copyright Pantone,2026-09-20,"Named FHI colours; seed uses full downloaded CSS list (cite dataset, not invent hex)"
Palm,palm,#AFAF5E,Pantone,"Fashion, Home + Interiors (TCX/TPG) — Margaret2/pantone-colors mirror of pantone.com hexes",https://github.com/Margaret2/pantone-colors,README: hex numbers freely available on Pantone website; names copyright Pantone,2026-09-20,"Named FHI colours; seed uses full downloaded CSS list (cite dataset, not invent hex)"
Aloe Wash,aloe-wash,#D0D3B7,Pantone,"Fashion, Home + Interiors (TCX/TPG) — Margaret2/pantone-colors mirror of pantone.com hexes",https://github.com/Margaret2/pantone-colors,README: hex numbers freely available on Pantone website; names copyright Pantone,2026-09-20,"Named FHI colours; seed uses full downloaded CSS list (cite dataset, not invent hex)"
Reseda,reseda,#A1AD92,Pantone,"Fashion, Home + Interiors (TCX/TPG) — Margaret2/pantone-colors mirror of pantone.com hexes",https://github.com/Margaret2/pantone-colors,README: hex numbers freely available on Pantone website; names copyright Pantone,2026-09-20,"Named FHI colours; seed uses full downloaded CSS list (cite dataset, not invent hex)"
White Jade,white-jade,#D4DBB2,Pantone,"Fashion, Home + Interiors (TCX/TPG) — Margaret2/pantone-colors mirror of pantone.com hexes",https://github.com/Margaret2/pantone-colors,README: hex numbers freely available on Pantone website; names copyright Pantone,2026-09-20,"Named FHI colours; seed uses full downloaded CSS list (cite dataset, not invent hex)"
Seedling,seedling,#C0CBA1,Pantone,"Fashion, Home + Interiors (TCX/TPG) — Margaret2/pantone-colors mirror of pantone.com hexes",https://github.com/Margaret2/pantone-colors,README: hex numbers freely available on Pantone website; names copyright Pantone,2026-09-20,"Named FHI colours; seed uses full downloaded CSS list (cite dataset, not invent hex)"
Nile,nile,#B4BB85,Pantone,"Fashion, Home + Interiors (TCX/TPG) — Margaret2/pantone-colors mirror of pantone.com hexes",https://github.com/Margaret2/pantone-colors,README: hex numbers freely available on Pantone website; names copyright Pantone,2026-09-20,"Named FHI colours; seed uses full downloaded CSS list (cite dataset, not invent hex)"
Fern,fern,#9AA067,Pantone,"Fashion, Home + Interiors (TCX/TPG) — Margaret2/pantone-colors mirror of pantone.com hexes",https://github.com/Margaret2/pantone-colors,README: hex numbers freely available on Pantone website; names copyright Pantone,2026-09-20,"Named FHI colours; seed uses full downloaded CSS list (cite dataset, not invent hex)"
Turtle Green,turtle-green,#81894E,Pantone,"Fashion, Home + Interiors (TCX/TPG) — Margaret2/pantone-colors mirror of pantone.com hexes",https://github.com/Margaret2/pantone-colors,README: hex numbers freely available on Pantone website; names copyright Pantone,2026-09-20,"Named FHI colours; seed uses full downloaded CSS list (cite dataset, not invent hex)"
Cedar Green,cedar-green,#5E6737,Pantone,"Fashion, Home + Interiors (TCX/TPG) — Margaret2/pantone-colors mirror of pantone.com hexes",https://github.com/Margaret2/pantone-colors,README: hex numbers freely available on Pantone website; names copyright Pantone,2026-09-20,"Named FHI colours; seed uses full downloaded CSS list (cite dataset, not invent hex)"
Sage,sage,#91946E,Pantone,"Fashion, Home + Interiors (TCX/TPG) — Margaret2/pantone-colors mirror of pantone.com hexes",https://github.com/Margaret2/pantone-colors,README: hex numbers freely available on Pantone website; names copyright Pantone,2026-09-20,"Named FHI colours; seed uses full downloaded CSS list (cite dataset, not invent hex)"
Loden Green,loden-green,#6E7153,Pantone,"Fashion, Home + Interiors (TCX/TPG) — Margaret2/pantone-colors mirror of pantone.com hexes",https://github.com/Margaret2/pantone-colors,README: hex numbers freely available on Pantone website; names copyright Pantone,2026-09-20,"Named FHI colours; seed uses full downloaded CSS list (cite dataset, not invent hex)"
Tea,tea,#999B85,Pantone,"Fashion, Home + Interiors (TCX/TPG) — Margaret2/pantone-colors mirror of pantone.com hexes",https://github.com/Margaret2/pantone-colors,README: hex numbers freely available on Pantone website; names copyright Pantone,2026-09-20,"Named FHI colours; seed uses full downloaded CSS list (cite dataset, not invent hex)"
Sea Spray,sea-spray,#717E6F,Pantone,"Fashion, Home + Interiors (TCX/TPG) — Margaret2/pantone-colors mirror of pantone.com hexes",https://github.com/Margaret2/pantone-colors,README: hex numbers freely available on Pantone website; names copyright Pantone,2026-09-20,"Named FHI colours; seed uses full downloaded CSS list (cite dataset, not invent hex)"
Almost Aqua,almost-aqua,#CAD3C1,Pantone,"Fashion, Home + Interiors (TCX/TPG) — Margaret2/pantone-colors mirror of pantone.com hexes",https://github.com/Margaret2/pantone-colors,README: hex numbers freely available on Pantone website; names copyright Pantone,2026-09-20,"Named FHI colours; seed uses full downloaded CSS list (cite dataset, not invent hex)"
Bok Choy,bok-choy,#BCCAB3,Pantone,"Fashion, Home + Interiors (TCX/TPG) — Margaret2/pantone-colors mirror of pantone.com hexes",https://github.com/Margaret2/pantone-colors,README: hex numbers freely available on Pantone website; names copyright Pantone,2026-09-20,"Named FHI colours; seed uses full downloaded CSS list (cite dataset, not invent hex)"
Mistletoe,mistletoe,#8AA282,Pantone,"Fashion, Home + Interiors (TCX/TPG) — Margaret2/pantone-colors mirror of pantone.com hexes",https://github.com/Margaret2/pantone-colors,README: hex numbers freely available on Pantone website; names copyright Pantone,2026-09-20,"Named FHI colours; seed uses full downloaded CSS list (cite dataset, not invent hex)"
Mineral Green,mineral-green,#7A9B78,Pantone,"Fashion, Home + Interiors (TCX/TPG) — Margaret2/pantone-colors mirror of pantone.com hexes",https://github.com/Margaret2/pantone-colors,README: hex numbers freely available on Pantone website; names copyright Pantone,2026-09-20,"Named FHI colours; seed uses full downloaded CSS list (cite dataset, not invent hex)"
Turf Green,turf-green,#6F8C69,Pantone,"Fashion, Home + Interiors (TCX/TPG) — Margaret2/pantone-colors mirror of pantone.com hexes",https://github.com/Margaret2/pantone-colors,README: hex numbers freely available on Pantone website; names copyright Pantone,2026-09-20,"Named FHI colours; seed uses full downloaded CSS list (cite dataset, not invent hex)"
Elm Green,elm-green,#547053,Pantone,"Fashion, Home + Interiors (TCX/TPG) — Margaret2/pantone-colors mirror of pantone.com hexes",https://github.com/Margaret2/pantone-colors,README: hex numbers freely available on Pantone website; names copyright Pantone,2026-09-20,"Named FHI colours; seed uses full downloaded CSS list (cite dataset, not invent hex)"
Loden Frost,loden-frost,#788F74,Pantone,"Fashion, Home + Interiors (TCX/TPG) — Margaret2/pantone-colors mirror of pantone.com hexes",https://github.com/Margaret2/pantone-colors,README: hex numbers freely available on Pantone website; names copyright Pantone,2026-09-20,"Named FHI colours; seed uses full downloaded CSS list (cite dataset, not invent hex)"
Kashmir,kashmir,#6F8D6A,Pantone,"Fashion, Home + Interiors (TCX/TPG) — Margaret2/pantone-colors mirror of pantone.com hexes",https://github.com/Margaret2/pantone-colors,README: hex numbers freely available on Pantone website; names copyright Pantone,2026-09-20,"Named FHI colours; seed uses full downloaded CSS list (cite dataset, not invent hex)"
Forest Green,forest-green,#6B8D53,Pantone,"Fashion, Home + Interiors (TCX/TPG) — Margaret2/pantone-colors mirror of pantone.com hexes",https://github.com/Margaret2/pantone-colors,README: hex numbers freely available on Pantone website; names copyright Pantone,2026-09-20,"Named FHI colours; seed uses full downloaded CSS list (cite dataset, not invent hex)"
Cactus,cactus,#53713D,Pantone,"Fashion, Home + Interiors (TCX/TPG) — Margaret2/pantone-colors mirror of pantone.com hexes",https://github.com/Margaret2/pantone-colors,README: hex numbers freely available on Pantone website; names copyright Pantone,2026-09-20,"Named FHI colours; seed uses full downloaded CSS list (cite dataset, not invent hex)"
Artichoke Green,artichoke-green,#4B6D41,Pantone,"Fashion, Home + Interiors (TCX/TPG) — Margaret2/pantone-colors mirror of pantone.com hexes",https://github.com/Margaret2/pantone-colors,README: hex numbers freely available on Pantone website; names copyright Pantone,2026-09-20,"Named FHI colours; seed uses full downloaded CSS list (cite dataset, not invent hex)"
Aspen Green,aspen-green,#7E9B76,Pantone,"Fashion, Home + Interiors (TCX/TPG) — Margaret2/pantone-colors mirror of pantone.com hexes",https://github.com/Margaret2/pantone-colors,README: hex numbers freely available on Pantone website; names copyright Pantone,2026-09-20,"Named FHI colours; seed uses full downloaded CSS list (cite dataset, not invent hex)"
Bronze Green,bronze-green,#525F48,Pantone,"Fashion, Home + Interiors (TCX/TPG) — Margaret2/pantone-colors mirror of pantone.com hexes",https://github.com/Margaret2/pantone-colors,README: hex numbers freely available on Pantone website; names copyright Pantone,2026-09-20,"Named FHI colours; seed uses full downloaded CSS list (cite dataset, not invent hex)"
Duffel Bag,duffel-bag,#394034,Pantone,"Fashion, Home + Interiors (TCX/TPG) — Margaret2/pantone-colors mirror of pantone.com hexes",https://github.com/Margaret2/pantone-colors,README: hex numbers freely available on Pantone website; names copyright Pantone,2026-09-20,"Named FHI colours; seed uses full downloaded CSS list (cite dataset, not invent hex)"
Spray,spray,#BED3BB,Pantone,"Fashion, Home + Interiors (TCX/TPG) — Margaret2/pantone-colors mirror of pantone.com hexes",https://github.com/Margaret2/pantone-colors,README: hex numbers freely available on Pantone website; names copyright Pantone,2026-09-20,"Named FHI colours; seed uses full downloaded CSS list (cite dataset, not invent hex)"
Sprucestone,sprucestone,#9FC09C,Pantone,"Fashion, Home + Interiors (TCX/TPG) — Margaret2/pantone-colors mirror of pantone.com hexes",https://github.com/Margaret2/pantone-colors,README: hex numbers freely available on Pantone website; names copyright Pantone,2026-09-20,"Named FHI colours; seed uses full downloaded CSS list (cite dataset, not invent hex)"
Seacrest,seacrest,#BFD1B3,Pantone,"Fashion, Home + Interiors (TCX/TPG) — Margaret2/pantone-colors mirror of pantone.com hexes",https://github.com/Margaret2/pantone-colors,README: hex numbers freely available on Pantone website; names copyright Pantone,2026-09-20,"Named FHI colours; seed uses full downloaded CSS list (cite dataset, not invent hex)"
Nile Green,nile-green,#A7C796,Pantone,"Fashion, Home + Interiors (TCX/TPG) — Margaret2/pantone-colors mirror of pantone.com hexes",https://github.com/Margaret2/pantone-colors,README: hex numbers freely available on Pantone website; names copyright Pantone,2026-09-20,"Named FHI colours; seed uses full downloaded CSS list (cite dataset, not invent hex)"
Fair Green,fair-green,#92AF88,Pantone,"Fashion, Home + Interiors (TCX/TPG) — Margaret2/pantone-colors mirror of pantone.com hexes",https://github.com/Margaret2/pantone-colors,README: hex numbers freely available on Pantone website; names copyright Pantone,2026-09-20,"Named FHI colours; seed uses full downloaded CSS list (cite dataset, not invent hex)"
Jade Green,jade-green,#759465,Pantone,"Fashion, Home + Interiors (TCX/TPG) — Margaret2/pantone-colors mirror of pantone.com hexes",https://github.com/Margaret2/pantone-colors,README: hex numbers freely available on Pantone website; names copyright Pantone,2026-09-20,"Named FHI colours; seed uses full downloaded CSS list (cite dataset, not invent hex)"
Pistachio Green,pistachio-green,#A9D39E,Pantone,"Fashion, Home + Interiors (TCX/TPG) — Margaret2/pantone-colors mirror of pantone.com hexes",https://github.com/Margaret2/pantone-colors,README: hex numbers freely available on Pantone website; names copyright Pantone,2026-09-20,"Named FHI colours; seed uses full downloaded CSS list (cite dataset, not invent hex)"
Grass Green,grass-green,#7BB369,Pantone,"Fashion, Home + Interiors (TCX/TPG) — Margaret2/pantone-colors mirror of pantone.com hexes",https://github.com/Margaret2/pantone-colors,README: hex numbers freely available on Pantone website; names copyright Pantone,2026-09-20,"Named FHI colours; seed uses full downloaded CSS list (cite dataset, not invent hex)"
Green Tea,green-tea,#86A96F,Pantone,"Fashion, Home + Interiors (TCX/TPG) — Margaret2/pantone-colors mirror of pantone.com hexes",https://github.com/Margaret2/pantone-colors,README: hex numbers freely available on Pantone website; names copyright Pantone,2026-09-20,"Named FHI colours; seed uses full downloaded CSS list (cite dataset, not invent hex)"
Jasmine Green,jasmine-green,#7EC845,Pantone,"Fashion, Home + Interiors (TCX/TPG) — Margaret2/pantone-colors mirror of pantone.com hexes",https://github.com/Margaret2/pantone-colors,README: hex numbers freely available on Pantone website; names copyright Pantone,2026-09-20,"Named FHI colours; seed uses full downloaded CSS list (cite dataset, not invent hex)"
Online Lime,online-lime,#44883C,Pantone,"Fashion, Home + Interiors (TCX/TPG) — Margaret2/pantone-colors mirror of pantone.com hexes",https://github.com/Margaret2/pantone-colors,README: hex numbers freely available on Pantone website; names copyright Pantone,2026-09-20,"Named FHI colours; seed uses full downloaded CSS list (cite dataset, not invent hex)"
Shamrock,shamrock,#6FA26B,Pantone,"Fashion, Home + Interiors (TCX/TPG) — Margaret2/pantone-colors mirror of pantone.com hexes",https://github.com/Margaret2/pantone-colors,README: hex numbers freely available on Pantone website; names copyright Pantone,2026-09-20,"Named FHI colours; seed uses full downloaded CSS list (cite dataset, not invent hex)"
Meadow Green,meadow-green,#739957,Pantone,"Fashion, Home + Interiors (TCX/TPG) — Margaret2/pantone-colors mirror of pantone.com hexes",https://github.com/Margaret2/pantone-colors,README: hex numbers freely available on Pantone website; names copyright Pantone,2026-09-20,"Named FHI colours; seed uses full downloaded CSS list (cite dataset, not invent hex)"
Kiwi,kiwi,#7AAB55,Pantone,"Fashion, Home + Interiors (TCX/TPG) — Margaret2/pantone-colors mirror of pantone.com hexes",https://github.com/Margaret2/pantone-colors,README: hex numbers freely available on Pantone website; names copyright Pantone,2026-09-20,"Named FHI colours; seed uses full downloaded CSS list (cite dataset, not invent hex)"
Climbing Ivy,climbing-ivy,#444940,Pantone,"Fashion, Home + Interiors (TCX/TPG) — Margaret2/pantone-colors mirror of pantone.com hexes",https://github.com/Margaret2/pantone-colors,README: hex numbers freely available on Pantone website; names copyright Pantone,2026-09-20,"Named FHI colours; seed uses full downloaded CSS list (cite dataset, not invent hex)"
Dusty Aqua,dusty-aqua,#C0DCCD,Pantone,"Fashion, Home + Interiors (TCX/TPG) — Margaret2/pantone-colors mirror of pantone.com hexes",https://github.com/Margaret2/pantone-colors,README: hex numbers freely available on Pantone website; names copyright Pantone,2026-09-20,"Named FHI colours; seed uses full downloaded CSS list (cite dataset, not invent hex)"
Silt Green,silt-green,#A9BDB1,Pantone,"Fashion, Home + Interiors (TCX/TPG) — Margaret2/pantone-colors mirror of pantone.com hexes",https://github.com/Margaret2/pantone-colors,README: hex numbers freely available on Pantone website; names copyright Pantone,2026-09-20,"Named FHI colours; seed uses full downloaded CSS list (cite dataset, not invent hex)"
Frosty Green,frosty-green,#A3B5A6,Pantone,"Fashion, Home + Interiors (TCX/TPG) — Margaret2/pantone-colors mirror of pantone.com hexes",https://github.com/Margaret2/pantone-colors,README: hex numbers freely available on Pantone website; names copyright Pantone,2026-09-20,"Named FHI colours; seed uses full downloaded CSS list (cite dataset, not invent hex)"
Iceberg Green,iceberg-green,#8C9C92,Pantone,"Fashion, Home + Interiors (TCX/TPG) — Margaret2/pantone-colors mirror of pantone.com hexes",https://github.com/Margaret2/pantone-colors,README: hex numbers freely available on Pantone website; names copyright Pantone,2026-09-20,"Named FHI colours; seed uses full downloaded CSS list (cite dataset, not invent hex)"
Granite Green,granite-green,#86A293,Pantone,"Fashion, Home + Interiors (TCX/TPG) — Margaret2/pantone-colors mirror of pantone.com hexes",https://github.com/Margaret2/pantone-colors,README: hex numbers freely available on Pantone website; names copyright Pantone,2026-09-20,"Named FHI colours; seed uses full downloaded CSS list (cite dataset, not invent hex)"
Green Bay,green-bay,#7E9285,Pantone,"Fashion, Home + Interiors (TCX/TPG) — Margaret2/pantone-colors mirror of pantone.com hexes",https://github.com/Margaret2/pantone-colors,README: hex numbers freely available on Pantone website; names copyright Pantone,2026-09-20,"Named FHI colours; seed uses full downloaded CSS list (cite dataset, not invent hex)"
Lily Pad,lily-pad,#818F84,Pantone,"Fashion, Home + Interiors (TCX/TPG) — Margaret2/pantone-colors mirror of pantone.com hexes",https://github.com/Margaret2/pantone-colors,README: hex numbers freely available on Pantone website; names copyright Pantone,2026-09-20,"Named FHI colours; seed uses full downloaded CSS list (cite dataset, not invent hex)"
Laurel Wreath,laurel-wreath,#616F65,Pantone,"Fashion, Home + Interiors (TCX/TPG) — Margaret2/pantone-colors mirror of pantone.com hexes",https://github.com/Margaret2/pantone-colors,README: hex numbers freely available on Pantone website; names copyright Pantone,2026-09-20,"Named FHI colours; seed uses full downloaded CSS list (cite dataset, not invent hex)"
Comfrey,comfrey,#5B7961,Pantone,"Fashion, Home + Interiors (TCX/TPG) — Margaret2/pantone-colors mirror of pantone.com hexes",https://github.com/Margaret2/pantone-colors,README: hex numbers freely available on Pantone website; names copyright Pantone,2026-09-20,"Named FHI colours; seed uses full downloaded CSS list (cite dataset, not invent hex)"
Dark Ivy,dark-ivy,#5B7763,Pantone,"Fashion, Home + Interiors (TCX/TPG) — Margaret2/pantone-colors mirror of pantone.com hexes",https://github.com/Margaret2/pantone-colors,README: hex numbers freely available on Pantone website; names copyright Pantone,2026-09-20,"Named FHI colours; seed uses full downloaded CSS list (cite dataset, not invent hex)"
Myrtle,myrtle,#4F6B58,Pantone,"Fashion, Home + Interiors (TCX/TPG) — Margaret2/pantone-colors mirror of pantone.com hexes",https://github.com/Margaret2/pantone-colors,README: hex numbers freely available on Pantone website; names copyright Pantone,2026-09-20,"Named FHI colours; seed uses full downloaded CSS list (cite dataset, not invent hex)"
Duck Green,duck-green,#53665C,Pantone,"Fashion, Home + Interiors (TCX/TPG) — Margaret2/pantone-colors mirror of pantone.com hexes",https://github.com/Margaret2/pantone-colors,README: hex numbers freely available on Pantone website; names copyright Pantone,2026-09-20,"Named FHI colours; seed uses full downloaded CSS list (cite dataset, not invent hex)"
Sycamore,sycamore,#35463D,Pantone,"Fashion, Home + Interiors (TCX/TPG) — Margaret2/pantone-colors mirror of pantone.com hexes",https://github.com/Margaret2/pantone-colors,README: hex numbers freely available on Pantone website; names copyright Pantone,2026-09-20,"Named FHI colours; seed uses full downloaded CSS list (cite dataset, not invent hex)"
Deep Forest,deep-forest,#37413A,Pantone,"Fashion, Home + Interiors (TCX/TPG) — Margaret2/pantone-colors mirror of pantone.com hexes",https://github.com/Margaret2/pantone-colors,README: hex numbers freely available on Pantone website; names copyright Pantone,2026-09-20,"Named FHI colours; seed uses full downloaded CSS list (cite dataset, not invent hex)"
Celadon,celadon,#B8CCBA,Pantone,"Fashion, Home + Interiors (TCX/TPG) — Margaret2/pantone-colors mirror of pantone.com hexes",https://github.com/Margaret2/pantone-colors,README: hex numbers freely available on Pantone website; names copyright Pantone,2026-09-20,"Named FHI colours; seed uses full downloaded CSS list (cite dataset, not invent hex)"
Cameo Green,cameo-green,#AAC0AD,Pantone,"Fashion, Home + Interiors (TCX/TPG) — Margaret2/pantone-colors mirror of pantone.com hexes",https://github.com/Margaret2/pantone-colors,README: hex numbers freely available on Pantone website; names copyright Pantone,2026-09-20,"Named FHI colours; seed uses full downloaded CSS list (cite dataset, not invent hex)"
Clearly Aqua,clearly-aqua,#CEE1D4,Pantone,"Fashion, Home + Interiors (TCX/TPG) — Margaret2/pantone-colors mirror of pantone.com hexes",https://github.com/Margaret2/pantone-colors,README: hex numbers freely available on Pantone website; names copyright Pantone,2026-09-20,"Named FHI colours; seed uses full downloaded CSS list (cite dataset, not invent hex)"
Misty Jade,misty-jade,#BCD9C8,Pantone,"Fashion, Home + Interiors (TCX/TPG) — Margaret2/pantone-colors mirror of pantone.com hexes",https://github.com/Margaret2/pantone-colors,README: hex numbers freely available on Pantone website; names copyright Pantone,2026-09-20,"Named FHI colours; seed uses full downloaded CSS list (cite dataset, not invent hex)"
Subtle Green,subtle-green,#B5CBBB,Pantone,"Fashion, Home + Interiors (TCX/TPG) — Margaret2/pantone-colors mirror of pantone.com hexes",https://github.com/Margaret2/pantone-colors,README: hex numbers freely available on Pantone website; names copyright Pantone,2026-09-20,"Named FHI colours; seed uses full downloaded CSS list (cite dataset, not invent hex)"
Aqua Foam,aqua-foam,#ADC3B4,Pantone,"Fashion, Home + Interiors (TCX/TPG) — Margaret2/pantone-colors mirror of pantone.com hexes",https://github.com/Margaret2/pantone-colors,README: hex numbers freely available on Pantone website; names copyright Pantone,2026-09-20,"Named FHI colours; seed uses full downloaded CSS list (cite dataset, not invent hex)"
Gossamer Green,gossamer-green,#B2CFBE,Pantone,"Fashion, Home + Interiors (TCX/TPG) — Margaret2/pantone-colors mirror of pantone.com hexes",https://github.com/Margaret2/pantone-colors,README: hex numbers freely available on Pantone website; names copyright Pantone,2026-09-20,"Named FHI colours; seed uses full downloaded CSS list (cite dataset, not invent hex)"
Grayed Jade,grayed-jade,#9BBEA9,Pantone,"Fashion, Home + Interiors (TCX/TPG) — Margaret2/pantone-colors mirror of pantone.com hexes",https://github.com/Margaret2/pantone-colors,README: hex numbers freely available on Pantone website; names copyright Pantone,2026-09-20,"Named FHI colours; seed uses full downloaded CSS list (cite dataset, not invent hex)"
Birds Egg Green,birds-egg-green,#AACCB9,Pantone,"Fashion, Home + Interiors (TCX/TPG) — Margaret2/pantone-colors mirror of pantone.com hexes",https://github.com/Margaret2/pantone-colors,README: hex numbers freely available on Pantone website; names copyright Pantone,2026-09-20,"Named FHI colours; seed uses full downloaded CSS list (cite dataset, not invent hex)"
Stone Green,stone-green,#658E67,Pantone,"Fashion, Home + Interiors (TCX/TPG) — Margaret2/pantone-colors mirror of pantone.com hexes",https://github.com/Margaret2/pantone-colors,README: hex numbers freely available on Pantone website; names copyright Pantone,2026-09-20,"Named FHI colours; seed uses full downloaded CSS list (cite dataset, not invent hex)"
Deep Grass Green,deep-grass-green,#558367,Pantone,"Fashion, Home + Interiors (TCX/TPG) — Margaret2/pantone-colors mirror of pantone.com hexes",https://github.com/Margaret2/pantone-colors,README: hex numbers freely available on Pantone website; names copyright Pantone,2026-09-20,"Named FHI colours; seed uses full downloaded CSS list (cite dataset, not invent hex)"
Medium Green,medium-green,#3C824E,Pantone,"Fashion, Home + Interiors (TCX/TPG) — Margaret2/pantone-colors mirror of pantone.com hexes",https://github.com/Margaret2/pantone-colors,README: hex numbers freely available on Pantone website; names copyright Pantone,2026-09-20,"Named FHI colours; seed uses full downloaded CSS list (cite dataset, not invent hex)"
Juniper,juniper,#3D7245,Pantone,"Fashion, Home + Interiors (TCX/TPG) — Margaret2/pantone-colors mirror of pantone.com hexes",https://github.com/Margaret2/pantone-colors,README: hex numbers freely available on Pantone website; names copyright Pantone,2026-09-20,"Named FHI colours; seed uses full downloaded CSS list (cite dataset, not invent hex)"
Fairway,fairway,#477050,Pantone,"Fashion, Home + Interiors (TCX/TPG) — Margaret2/pantone-colors mirror of pantone.com hexes",https://github.com/Margaret2/pantone-colors,README: hex numbers freely available on Pantone website; names copyright Pantone,2026-09-20,"Named FHI colours; seed uses full downloaded CSS list (cite dataset, not invent hex)"
Greener Pastures,greener-pastures,#37503D,Pantone,"Fashion, Home + Interiors (TCX/TPG) — Margaret2/pantone-colors mirror of pantone.com hexes",https://github.com/Margaret2/pantone-colors,README: hex numbers freely available on Pantone website; names copyright Pantone,2026-09-20,"Named FHI colours; seed uses full downloaded CSS list (cite dataset, not invent hex)"
Hemlock,hemlock,#97C1A1,Pantone,"Fashion, Home + Interiors (TCX/TPG) — Margaret2/pantone-colors mirror of pantone.com hexes",https://github.com/Margaret2/pantone-colors,README: hex numbers freely available on Pantone website; names copyright Pantone,2026-09-20,"Named FHI colours; seed uses full downloaded CSS list (cite dataset, not invent hex)"
Jet Set,jet-set,#262C2A,Pantone,"Fashion, Home + Interiors (TCX/TPG) — Margaret2/pantone-colors mirror of pantone.com hexes",https://github.com/Margaret2/pantone-colors,README: hex numbers freely available on Pantone website; names copyright Pantone,2026-09-20,"Named FHI colours; seed uses full downloaded CSS list (cite dataset, not invent hex)"
Pastel Turquoise,pastel-turquoise,#99C5C4,Pantone,"Fashion, Home + Interiors (TCX/TPG) — Margaret2/pantone-colors mirror of pantone.com hexes",https://github.com/Margaret2/pantone-colors,README: hex numbers freely available on Pantone website; names copyright Pantone,2026-09-20,"Named FHI colours; seed uses full downloaded CSS list (cite dataset, not invent hex)"
Blue Light,blue-light,#ACDFDD,Pantone,"Fashion, Home + Interiors (TCX/TPG) — Margaret2/pantone-colors mirror of pantone.com hexes",https://github.com/Margaret2/pantone-colors,README: hex numbers freely available on Pantone website; names copyright Pantone,2026-09-20,"Named FHI colours; seed uses full downloaded CSS list (cite dataset, not invent hex)"
Blue Spruce,blue-spruce,#486B67,Pantone,"Fashion, Home + Interiors (TCX/TPG) — Margaret2/pantone-colors mirror of pantone.com hexes",https://github.com/Margaret2/pantone-colors,README: hex numbers freely available on Pantone website; names copyright Pantone,2026-09-20,"Named FHI colours; seed uses full downloaded CSS list (cite dataset, not invent hex)"
Oil Blue,oil-blue,#658C88,Pantone,"Fashion, Home + Interiors (TCX/TPG) — Margaret2/pantone-colors mirror of pantone.com hexes",https://github.com/Margaret2/pantone-colors,README: hex numbers freely available on Pantone website; names copyright Pantone,2026-09-20,"Named FHI colours; seed uses full downloaded CSS list (cite dataset, not invent hex)"
Dark Forest,dark-forest,#556962,Pantone,"Fashion, Home + Interiors (TCX/TPG) — Margaret2/pantone-colors mirror of pantone.com hexes",https://github.com/Margaret2/pantone-colors,README: hex numbers freely available on Pantone website; names copyright Pantone,2026-09-20,"Named FHI colours; seed uses full downloaded CSS list (cite dataset, not invent hex)"
Blue Turquoise,blue-turquoise,#53B0AE,Pantone,"Fashion, Home + Interiors (TCX/TPG) — Margaret2/pantone-colors mirror of pantone.com hexes",https://github.com/Margaret2/pantone-colors,README: hex numbers freely available on Pantone website; names copyright Pantone,2026-09-20,"Named FHI colours; seed uses full downloaded CSS list (cite dataset, not invent hex)"
Deep Peacock Blue,deep-peacock-blue,#008381,Pantone,"Fashion, Home + Interiors (TCX/TPG) — Margaret2/pantone-colors mirror of pantone.com hexes",https://github.com/Margaret2/pantone-colors,README: hex numbers freely available on Pantone website; names copyright Pantone,2026-09-20,"Named FHI colours; seed uses full downloaded CSS list (cite dataset, not invent hex)"
Bright Aqua,bright-aqua,#30A299,Pantone,"Fashion, Home + Interiors (TCX/TPG) — Margaret2/pantone-colors mirror of pantone.com hexes",https://github.com/Margaret2/pantone-colors,README: hex numbers freely available on Pantone website; names copyright Pantone,2026-09-20,"Named FHI colours; seed uses full downloaded CSS list (cite dataset, not invent hex)"
Dynasty Green,dynasty-green,#008E80,Pantone,"Fashion, Home + Interiors (TCX/TPG) — Margaret2/pantone-colors mirror of pantone.com hexes",https://github.com/Margaret2/pantone-colors,README: hex numbers freely available on Pantone website; names copyright Pantone,2026-09-20,"Named FHI colours; seed uses full downloaded CSS list (cite dataset, not invent hex)"
Wasabi,wasabi,#73A89E,Pantone,"Fashion, Home + Interiors (TCX/TPG) — Margaret2/pantone-colors mirror of pantone.com hexes",https://github.com/Margaret2/pantone-colors,README: hex numbers freely available on Pantone website; names copyright Pantone,2026-09-20,"Named FHI colours; seed uses full downloaded CSS list (cite dataset, not invent hex)"
Antique Green,antique-green,#29675C,Pantone,"Fashion, Home + Interiors (TCX/TPG) — Margaret2/pantone-colors mirror of pantone.com hexes",https://github.com/Margaret2/pantone-colors,README: hex numbers freely available on Pantone website; names copyright Pantone,2026-09-20,"Named FHI colours; seed uses full downloaded CSS list (cite dataset, not invent hex)"
Tidepool,tidepool,#0A6F69,Pantone,"Fashion, Home + Interiors (TCX/TPG) — Margaret2/pantone-colors mirror of pantone.com hexes",https://github.com/Margaret2/pantone-colors,README: hex numbers freely available on Pantone website; names copyright Pantone,2026-09-20,"Named FHI colours; seed uses full downloaded CSS list (cite dataset, not invent hex)"
Agate Green,agate-green,#599F99,Pantone,"Fashion, Home + Interiors (TCX/TPG) — Margaret2/pantone-colors mirror of pantone.com hexes",https://github.com/Margaret2/pantone-colors,README: hex numbers freely available on Pantone website; names copyright Pantone,2026-09-20,"Named FHI colours; seed uses full downloaded CSS list (cite dataset, not invent hex)"
Deep Jungle,deep-jungle,#36716F,Pantone,"Fashion, Home + Interiors (TCX/TPG) — Margaret2/pantone-colors mirror of pantone.com hexes",https://github.com/Margaret2/pantone-colors,README: hex numbers freely available on Pantone website; names copyright Pantone,2026-09-20,"Named FHI colours; seed uses full downloaded CSS list (cite dataset, not invent hex)"
Bayberry,bayberry,#255958,Pantone,"Fashion, Home + Interiors (TCX/TPG) — Margaret2/pantone-colors mirror of pantone.com hexes",https://github.com/Margaret2/pantone-colors,README: hex numbers freely available on Pantone website; names copyright Pantone,2026-09-20,"Named FHI colours; seed uses full downloaded CSS list (cite dataset, not invent hex)"
Holiday,holiday,#81C3B4,Pantone,"Fashion, Home + Interiors (TCX/TPG) — Margaret2/pantone-colors mirror of pantone.com hexes",https://github.com/Margaret2/pantone-colors,README: hex numbers freely available on Pantone website; names copyright Pantone,2026-09-20,"Named FHI colours; seed uses full downloaded CSS list (cite dataset, not invent hex)"
Cabbage,cabbage,#87D7BE,Pantone,"Fashion, Home + Interiors (TCX/TPG) — Margaret2/pantone-colors mirror of pantone.com hexes",https://github.com/Margaret2/pantone-colors,README: hex numbers freely available on Pantone website; names copyright Pantone,2026-09-20,"Named FHI colours; seed uses full downloaded CSS list (cite dataset, not invent hex)"
Moonlight Jade,moonlight-jade,#C7E5DF,Pantone,"Fashion, Home + Interiors (TCX/TPG) — Margaret2/pantone-colors mirror of pantone.com hexes",https://github.com/Margaret2/pantone-colors,README: hex numbers freely available on Pantone website; names copyright Pantone,2026-09-20,"Named FHI colours; seed uses full downloaded CSS list (cite dataset, not invent hex)"
Cockatoo,cockatoo,#58C8B6,Pantone,"Fashion, Home + Interiors (TCX/TPG) — Margaret2/pantone-colors mirror of pantone.com hexes",https://github.com/Margaret2/pantone-colors,README: hex numbers freely available on Pantone website; names copyright Pantone,2026-09-20,"Named FHI colours; seed uses full downloaded CSS list (cite dataset, not invent hex)"
Billiard,billiard,#00AA92,Pantone,"Fashion, Home + Interiors (TCX/TPG) — Margaret2/pantone-colors mirror of pantone.com hexes",https://github.com/Margaret2/pantone-colors,README: hex numbers freely available on Pantone website; names copyright Pantone,2026-09-20,"Named FHI colours; seed uses full downloaded CSS list (cite dataset, not invent hex)"
Peacock Green,peacock-green,#00A78B,Pantone,"Fashion, Home + Interiors (TCX/TPG) — Margaret2/pantone-colors mirror of pantone.com hexes",https://github.com/Margaret2/pantone-colors,README: hex numbers freely available on Pantone website; names copyright Pantone,2026-09-20,"Named FHI colours; seed uses full downloaded CSS list (cite dataset, not invent hex)"
Ultramarine Green,ultramarine-green,#006B54,Pantone,"Fashion, Home + Interiors (TCX/TPG) — Margaret2/pantone-colors mirror of pantone.com hexes",https://github.com/Margaret2/pantone-colors,README: hex numbers freely available on Pantone website; names copyright Pantone,2026-09-20,"Named FHI colours; seed uses full downloaded CSS list (cite dataset, not invent hex)"
Frosty Spruce,frosty-spruce,#578270,Pantone,"Fashion, Home + Interiors (TCX/TPG) — Margaret2/pantone-colors mirror of pantone.com hexes",https://github.com/Margaret2/pantone-colors,README: hex numbers freely available on Pantone website; names copyright Pantone,2026-09-20,"Named FHI colours; seed uses full downloaded CSS list (cite dataset, not invent hex)"
Feldspar,feldspar,#729B8B,Pantone,"Fashion, Home + Interiors (TCX/TPG) — Margaret2/pantone-colors mirror of pantone.com hexes",https://github.com/Margaret2/pantone-colors,README: hex numbers freely available on Pantone website; names copyright Pantone,2026-09-20,"Named FHI colours; seed uses full downloaded CSS list (cite dataset, not invent hex)"
Green Gables,green-gables,#324241,Pantone,"Fashion, Home + Interiors (TCX/TPG) — Margaret2/pantone-colors mirror of pantone.com hexes",https://github.com/Margaret2/pantone-colors,README: hex numbers freely available on Pantone website; names copyright Pantone,2026-09-20,"Named FHI colours; seed uses full downloaded CSS list (cite dataset, not invent hex)"
Creme De Menthe,creme-de-menthe,#70A38D,Pantone,"Fashion, Home + Interiors (TCX/TPG) — Margaret2/pantone-colors mirror of pantone.com hexes",https://github.com/Margaret2/pantone-colors,README: hex numbers freely available on Pantone website; names copyright Pantone,2026-09-20,"Named FHI colours; seed uses full downloaded CSS list (cite dataset, not invent hex)"
Golf Green,golf-green,#008763,Pantone,"Fashion, Home + Interiors (TCX/TPG) — Margaret2/pantone-colors mirror of pantone.com hexes",https://github.com/Margaret2/pantone-colors,README: hex numbers freely available on Pantone website; names copyright Pantone,2026-09-20,"Named FHI colours; seed uses full downloaded CSS list (cite dataset, not invent hex)"
Leprechaun,leprechaun,#378661,Pantone,"Fashion, Home + Interiors (TCX/TPG) — Margaret2/pantone-colors mirror of pantone.com hexes",https://github.com/Margaret2/pantone-colors,README: hex numbers freely available on Pantone website; names copyright Pantone,2026-09-20,"Named FHI colours; seed uses full downloaded CSS list (cite dataset, not invent hex)"
Simply Green,simply-green,#009B75,Pantone,"Fashion, Home + Interiors (TCX/TPG) — Margaret2/pantone-colors mirror of pantone.com hexes",https://github.com/Margaret2/pantone-colors,README: hex numbers freely available on Pantone website; names copyright Pantone,2026-09-20,"Named FHI colours; seed uses full downloaded CSS list (cite dataset, not invent hex)"
Air Blue,air-blue,#77ACC7,Pantone,"Fashion, Home + Interiors (TCX/TPG) — Margaret2/pantone-colors mirror of pantone.com hexes",https://github.com/Margaret2/pantone-colors,README: hex numbers freely available on Pantone website; names copyright Pantone,2026-09-20,"Named FHI colours; seed uses full downloaded CSS list (cite dataset, not invent hex)"
Alaskan Blue,alaskan-blue,#6DA9D2,Pantone,"Fashion, Home + Interiors (TCX/TPG) — Margaret2/pantone-colors mirror of pantone.com hexes",https://github.com/Margaret2/pantone-colors,README: hex numbers freely available on Pantone website; names copyright Pantone,2026-09-20,"Named FHI colours; seed uses full downloaded CSS list (cite dataset, not invent hex)"
Victoria Blue,victoria-blue,#08589D,Pantone,"Fashion, Home + Interiors (TCX/TPG) — Margaret2/pantone-colors mirror of pantone.com hexes",https://github.com/Margaret2/pantone-colors,README: hex numbers freely available on Pantone website; names copyright Pantone,2026-09-20,"Named FHI colours; seed uses full downloaded CSS list (cite dataset, not invent hex)"
Dark Slate,dark-slate,#46515A,Pantone,"Fashion, Home + Interiors (TCX/TPG) — Margaret2/pantone-colors mirror of pantone.com hexes",https://github.com/Margaret2/pantone-colors,README: hex numbers freely available on Pantone website; names copyright Pantone,2026-09-20,"Named FHI colours; seed uses full downloaded CSS list (cite dataset, not invent hex)"
Stargazer,stargazer,#39505C,Pantone,"Fashion, Home + Interiors (TCX/TPG) — Margaret2/pantone-colors mirror of pantone.com hexes",https://github.com/Margaret2/pantone-colors,README: hex numbers freely available on Pantone website; names copyright Pantone,2026-09-20,"Named FHI colours; seed uses full downloaded CSS list (cite dataset, not invent hex)"
Provincial Blue,provincial-blue,#5C798E,Pantone,"Fashion, Home + Interiors (TCX/TPG) — Margaret2/pantone-colors mirror of pantone.com hexes",https://github.com/Margaret2/pantone-colors,README: hex numbers freely available on Pantone website; names copyright Pantone,2026-09-20,"Named FHI colours; seed uses full downloaded CSS list (cite dataset, not invent hex)"
Winter Sky,winter-sky,#A9C0CB,Pantone,"Fashion, Home + Interiors (TCX/TPG) — Margaret2/pantone-colors mirror of pantone.com hexes",https://github.com/Margaret2/pantone-colors,README: hex numbers freely available on Pantone website; names copyright Pantone,2026-09-20,"Named FHI colours; seed uses full downloaded CSS list (cite dataset, not invent hex)"
Ether,ether,#9EB6B8,Pantone,"Fashion, Home + Interiors (TCX/TPG) — Margaret2/pantone-colors mirror of pantone.com hexes",https://github.com/Margaret2/pantone-colors,README: hex numbers freely available on Pantone website; names copyright Pantone,2026-09-20,"Named FHI colours; seed uses full downloaded CSS list (cite dataset, not invent hex)"
Sky Blue,sky-blue,#8ABAD3,Pantone,"Fashion, Home + Interiors (TCX/TPG) — Margaret2/pantone-colors mirror of pantone.com hexes",https://github.com/Margaret2/pantone-colors,README: hex numbers freely available on Pantone website; names copyright Pantone,2026-09-20,"Named FHI colours; seed uses full downloaded CSS list (cite dataset, not invent hex)"
River Blue,river-blue,#38AFCD,Pantone,"Fashion, Home + Interiors (TCX/TPG) — Margaret2/pantone-colors mirror of pantone.com hexes",https://github.com/Margaret2/pantone-colors,README: hex numbers freely available on Pantone website; names copyright Pantone,2026-09-20,"Named FHI colours; seed uses full downloaded CSS list (cite dataset, not invent hex)"
Blue Atoll,blue-atoll,#00B1D2,Pantone,"Fashion, Home + Interiors (TCX/TPG) — Margaret2/pantone-colors mirror of pantone.com hexes",https://github.com/Margaret2/pantone-colors,README: hex numbers freely available on Pantone website; names copyright Pantone,2026-09-20,"Named FHI colours; seed uses full downloaded CSS list (cite dataset, not invent hex)"
Blithe,blithe,#0084BD,Pantone,"Fashion, Home + Interiors (TCX/TPG) — Margaret2/pantone-colors mirror of pantone.com hexes",https://github.com/Margaret2/pantone-colors,README: hex numbers freely available on Pantone website; names copyright Pantone,2026-09-20,"Named FHI colours; seed uses full downloaded CSS list (cite dataset, not invent hex)"
Brilliant Blue,brilliant-blue,#0075B3,Pantone,"Fashion, Home + Interiors (TCX/TPG) — Margaret2/pantone-colors mirror of pantone.com hexes",https://github.com/Margaret2/pantone-colors,README: hex numbers freely available on Pantone website; names copyright Pantone,2026-09-20,"Named FHI colours; seed uses full downloaded CSS list (cite dataset, not invent hex)"
Clearwater,clearwater,#AAD5DB,Pantone,"Fashion, Home + Interiors (TCX/TPG) — Margaret2/pantone-colors mirror of pantone.com hexes",https://github.com/Margaret2/pantone-colors,README: hex numbers freely available on Pantone website; names copyright Pantone,2026-09-20,"Named FHI colours; seed uses full downloaded CSS list (cite dataset, not invent hex)"
Whispering Blue,whispering-blue,#C9DCDC,Pantone,"Fashion, Home + Interiors (TCX/TPG) — Margaret2/pantone-colors mirror of pantone.com hexes",https://github.com/Margaret2/pantone-colors,README: hex numbers freely available on Pantone website; names copyright Pantone,2026-09-20,"Named FHI colours; seed uses full downloaded CSS list (cite dataset, not invent hex)"
Aquifer,aquifer,#89ACAC,Pantone,"Fashion, Home + Interiors (TCX/TPG) — Margaret2/pantone-colors mirror of pantone.com hexes",https://github.com/Margaret2/pantone-colors,README: hex numbers freely available on Pantone website; names copyright Pantone,2026-09-20,"Named FHI colours; seed uses full downloaded CSS list (cite dataset, not invent hex)"
Porcelain,porcelain,#5D9CA4,Pantone,"Fashion, Home + Interiors (TCX/TPG) — Margaret2/pantone-colors mirror of pantone.com hexes",https://github.com/Margaret2/pantone-colors,README: hex numbers freely available on Pantone website; names copyright Pantone,2026-09-20,"Named FHI colours; seed uses full downloaded CSS list (cite dataset, not invent hex)"
North Atlantic,north-atlantic,#536D70,Pantone,"Fashion, Home + Interiors (TCX/TPG) — Margaret2/pantone-colors mirror of pantone.com hexes",https://github.com/Margaret2/pantone-colors,README: hex numbers freely available on Pantone website; names copyright Pantone,2026-09-20,"Named FHI colours; seed uses full downloaded CSS list (cite dataset, not invent hex)"
Goblin Blue,goblin-blue,#5F7278,Pantone,"Fashion, Home + Interiors (TCX/TPG) — Margaret2/pantone-colors mirror of pantone.com hexes",https://github.com/Margaret2/pantone-colors,README: hex numbers freely available on Pantone website; names copyright Pantone,2026-09-20,"Named FHI colours; seed uses full downloaded CSS list (cite dataset, not invent hex)"
Legion Blue,legion-blue,#1F495B,Pantone,"Fashion, Home + Interiors (TCX/TPG) — Margaret2/pantone-colors mirror of pantone.com hexes",https://github.com/Margaret2/pantone-colors,README: hex numbers freely available on Pantone website; names copyright Pantone,2026-09-20,"Named FHI colours; seed uses full downloaded CSS list (cite dataset, not invent hex)"
Moroccan Blue,moroccan-blue,#0F4E67,Pantone,"Fashion, Home + Interiors (TCX/TPG) — Margaret2/pantone-colors mirror of pantone.com hexes",https://github.com/Margaret2/pantone-colors,README: hex numbers freely available on Pantone website; names copyright Pantone,2026-09-20,"Named FHI colours; seed uses full downloaded CSS list (cite dataset, not invent hex)"
Atlantic Deep,atlantic-deep,#274E55,Pantone,"Fashion, Home + Interiors (TCX/TPG) — Margaret2/pantone-colors mirror of pantone.com hexes",https://github.com/Margaret2/pantone-colors,README: hex numbers freely available on Pantone website; names copyright Pantone,2026-09-20,"Named FHI colours; seed uses full downloaded CSS list (cite dataset, not invent hex)"
Colonial Blue,colonial-blue,#2D6471,Pantone,"Fashion, Home + Interiors (TCX/TPG) — Margaret2/pantone-colors mirror of pantone.com hexes",https://github.com/Margaret2/pantone-colors,README: hex numbers freely available on Pantone website; names copyright Pantone,2026-09-20,"Named FHI colours; seed uses full downloaded CSS list (cite dataset, not invent hex)"
Turkish Tile,turkish-tile,#00698B,Pantone,"Fashion, Home + Interiors (TCX/TPG) — Margaret2/pantone-colors mirror of pantone.com hexes",https://github.com/Margaret2/pantone-colors,README: hex numbers freely available on Pantone website; names copyright Pantone,2026-09-20,"Named FHI colours; seed uses full downloaded CSS list (cite dataset, not invent hex)"
Enamel Blue,enamel-blue,#007A8E,Pantone,"Fashion, Home + Interiors (TCX/TPG) — Margaret2/pantone-colors mirror of pantone.com hexes",https://github.com/Margaret2/pantone-colors,README: hex numbers freely available on Pantone website; names copyright Pantone,2026-09-20,"Named FHI colours; seed uses full downloaded CSS list (cite dataset, not invent hex)"
Fanfare,fanfare,#006D70,Pantone,"Fashion, Home + Interiors (TCX/TPG) — Margaret2/pantone-colors mirror of pantone.com hexes",https://github.com/Margaret2/pantone-colors,README: hex numbers freely available on Pantone website; names copyright Pantone,2026-09-20,"Named FHI colours; seed uses full downloaded CSS list (cite dataset, not invent hex)"
Jasper,jasper,#335959,Pantone,"Fashion, Home + Interiors (TCX/TPG) — Margaret2/pantone-colors mirror of pantone.com hexes",https://github.com/Margaret2/pantone-colors,README: hex numbers freely available on Pantone website; names copyright Pantone,2026-09-20,"Named FHI colours; seed uses full downloaded CSS list (cite dataset, not invent hex)"
Mykonos Blue,mykonos-blue,#005780,Pantone,"Fashion, Home + Interiors (TCX/TPG) — Margaret2/pantone-colors mirror of pantone.com hexes",https://github.com/Margaret2/pantone-colors,README: hex numbers freely available on Pantone website; names copyright Pantone,2026-09-20,"Named FHI colours; seed uses full downloaded CSS list (cite dataset, not invent hex)"
Stormy Weather,stormy-weather,#58646D,Pantone,"Fashion, Home + Interiors (TCX/TPG) — Margaret2/pantone-colors mirror of pantone.com hexes",https://github.com/Margaret2/pantone-colors,README: hex numbers freely available on Pantone website; names copyright Pantone,2026-09-20,"Named FHI colours; seed uses full downloaded CSS list (cite dataset, not invent hex)"
Antiqua Sand,antiqua-sand,#83C2CD,Pantone,"Fashion, Home + Interiors (TCX/TPG) — Margaret2/pantone-colors mirror of pantone.com hexes",https://github.com/Margaret2/pantone-colors,README: hex numbers freely available on Pantone website; names copyright Pantone,2026-09-20,"Named FHI colours; seed uses full downloaded CSS list (cite dataset, not invent hex)"
Stretch Limo,stretch-limo,#2B2C30,Pantone,"Fashion, Home + Interiors (TCX/TPG) — Margaret2/pantone-colors mirror of pantone.com hexes",https://github.com/Margaret2/pantone-colors,README: hex numbers freely available on Pantone website; names copyright Pantone,2026-09-20,"Named FHI colours; seed uses full downloaded CSS list (cite dataset, not invent hex)"
Sweet Lavender,sweet-lavender,#9A9BC1,Pantone,"Fashion, Home + Interiors (TCX/TPG) — Margaret2/pantone-colors mirror of pantone.com hexes",https://github.com/Margaret2/pantone-colors,README: hex numbers freely available on Pantone website; names copyright Pantone,2026-09-20,"Named FHI colours; seed uses full downloaded CSS list (cite dataset, not invent hex)"
Violet Storm,violet-storm,#5C619D,Pantone,"Fashion, Home + Interiors (TCX/TPG) — Margaret2/pantone-colors mirror of pantone.com hexes",https://github.com/Margaret2/pantone-colors,README: hex numbers freely available on Pantone website; names copyright Pantone,2026-09-20,"Named FHI colours; seed uses full downloaded CSS list (cite dataset, not invent hex)"
Royal Blue,royal-blue,#3D428B,Pantone,"Fashion, Home + Interiors (TCX/TPG) — Margaret2/pantone-colors mirror of pantone.com hexes",https://github.com/Margaret2/pantone-colors,README: hex numbers freely available on Pantone website; names copyright Pantone,2026-09-20,"Named FHI colours; seed uses full downloaded CSS list (cite dataset, not invent hex)"
Blueprint,blueprint,#2D3359,Pantone,"Fashion, Home + Interiors (TCX/TPG) — Margaret2/pantone-colors mirror of pantone.com hexes",https://github.com/Margaret2/pantone-colors,README: hex numbers freely available on Pantone website; names copyright Pantone,2026-09-20,"Named FHI colours; seed uses full downloaded CSS list (cite dataset, not invent hex)"
Blue Indigo,blue-indigo,#49516D,Pantone,"Fashion, Home + Interiors (TCX/TPG) — Margaret2/pantone-colors mirror of pantone.com hexes",https://github.com/Margaret2/pantone-colors,README: hex numbers freely available on Pantone website; names copyright Pantone,2026-09-20,"Named FHI colours; seed uses full downloaded CSS list (cite dataset, not invent hex)"
Heather,heather,#B7C0D6,Pantone,"Fashion, Home + Interiors (TCX/TPG) — Margaret2/pantone-colors mirror of pantone.com hexes",https://github.com/Margaret2/pantone-colors,README: hex numbers freely available on Pantone website; names copyright Pantone,2026-09-20,"Named FHI colours; seed uses full downloaded CSS list (cite dataset, not invent hex)"
Lavender Lustre,lavender-lustre,#8C9CC1,Pantone,"Fashion, Home + Interiors (TCX/TPG) — Margaret2/pantone-colors mirror of pantone.com hexes",https://github.com/Margaret2/pantone-colors,README: hex numbers freely available on Pantone website; names copyright Pantone,2026-09-20,"Named FHI colours; seed uses full downloaded CSS list (cite dataset, not invent hex)"
Persian Jewel,persian-jewel,#6E81BE,Pantone,"Fashion, Home + Interiors (TCX/TPG) — Margaret2/pantone-colors mirror of pantone.com hexes",https://github.com/Margaret2/pantone-colors,README: hex numbers freely available on Pantone website; names copyright Pantone,2026-09-20,"Named FHI colours; seed uses full downloaded CSS list (cite dataset, not invent hex)"
Placid Blue,placid-blue,#8CADD3,Pantone,"Fashion, Home + Interiors (TCX/TPG) — Margaret2/pantone-colors mirror of pantone.com hexes",https://github.com/Margaret2/pantone-colors,README: hex numbers freely available on Pantone website; names copyright Pantone,2026-09-20,"Named FHI colours; seed uses full downloaded CSS list (cite dataset, not invent hex)"
Colony Blue,colony-blue,#65769A,Pantone,"Fashion, Home + Interiors (TCX/TPG) — Margaret2/pantone-colors mirror of pantone.com hexes",https://github.com/Margaret2/pantone-colors,README: hex numbers freely available on Pantone website; names copyright Pantone,2026-09-20,"Named FHI colours; seed uses full downloaded CSS list (cite dataset, not invent hex)"
Estate Blue,estate-blue,#233658,Pantone,"Fashion, Home + Interiors (TCX/TPG) — Margaret2/pantone-colors mirror of pantone.com hexes",https://github.com/Margaret2/pantone-colors,README: hex numbers freely available on Pantone website; names copyright Pantone,2026-09-20,"Named FHI colours; seed uses full downloaded CSS list (cite dataset, not invent hex)"
Ensign Blue,ensign-blue,#384C67,Pantone,"Fashion, Home + Interiors (TCX/TPG) — Margaret2/pantone-colors mirror of pantone.com hexes",https://github.com/Margaret2/pantone-colors,README: hex numbers freely available on Pantone website; names copyright Pantone,2026-09-20,"Named FHI colours; seed uses full downloaded CSS list (cite dataset, not invent hex)"
Star Sapphire,star-sapphire,#386192,Pantone,"Fashion, Home + Interiors (TCX/TPG) — Margaret2/pantone-colors mirror of pantone.com hexes",https://github.com/Margaret2/pantone-colors,README: hex numbers freely available on Pantone website; names copyright Pantone,2026-09-20,"Named FHI colours; seed uses full downloaded CSS list (cite dataset, not invent hex)"
Turkish Sea,turkish-sea,#195190,Pantone,"Fashion, Home + Interiors (TCX/TPG) — Margaret2/pantone-colors mirror of pantone.com hexes",https://github.com/Margaret2/pantone-colors,README: hex numbers freely available on Pantone website; names copyright Pantone,2026-09-20,"Named FHI colours; seed uses full downloaded CSS list (cite dataset, not invent hex)"
Amparo Blue,amparo-blue,#4960A8,Pantone,"Fashion, Home + Interiors (TCX/TPG) — Margaret2/pantone-colors mirror of pantone.com hexes",https://github.com/Margaret2/pantone-colors,README: hex numbers freely available on Pantone website; names copyright Pantone,2026-09-20,"Named FHI colours; seed uses full downloaded CSS list (cite dataset, not invent hex)"
Twilight Blue,twilight-blue,#313D64,Pantone,"Fashion, Home + Interiors (TCX/TPG) — Margaret2/pantone-colors mirror of pantone.com hexes",https://github.com/Margaret2/pantone-colors,README: hex numbers freely available on Pantone website; names copyright Pantone,2026-09-20,"Named FHI colours; seed uses full downloaded CSS list (cite dataset, not invent hex)"
Tempest,tempest,#79839B,Pantone,"Fashion, Home + Interiors (TCX/TPG) — Margaret2/pantone-colors mirror of pantone.com hexes",https://github.com/Margaret2/pantone-colors,README: hex numbers freely available on Pantone website; names copyright Pantone,2026-09-20,"Named FHI colours; seed uses full downloaded CSS list (cite dataset, not invent hex)"
Folkstone Gray,folkstone-gray,#626879,Pantone,"Fashion, Home + Interiors (TCX/TPG) — Margaret2/pantone-colors mirror of pantone.com hexes",https://github.com/Margaret2/pantone-colors,README: hex numbers freely available on Pantone website; names copyright Pantone,2026-09-20,"Named FHI colours; seed uses full downloaded CSS list (cite dataset, not invent hex)"
Ebony,ebony,#41424A,Pantone,"Fashion, Home + Interiors (TCX/TPG) — Margaret2/pantone-colors mirror of pantone.com hexes",https://github.com/Margaret2/pantone-colors,README: hex numbers freely available on Pantone website; names copyright Pantone,2026-09-20,"Named FHI colours; seed uses full downloaded CSS list (cite dataset, not invent hex)"
Dress Blues,dress-blues,#2A3244,Pantone,"Fashion, Home + Interiors (TCX/TPG) — Margaret2/pantone-colors mirror of pantone.com hexes",https://github.com/Margaret2/pantone-colors,README: hex numbers freely available on Pantone website; names copyright Pantone,2026-09-20,"Named FHI colours; seed uses full downloaded CSS list (cite dataset, not invent hex)"
Icelandic Blue,icelandic-blue,#A9ADC2,Pantone,"Fashion, Home + Interiors (TCX/TPG) — Margaret2/pantone-colors mirror of pantone.com hexes",https://github.com/Margaret2/pantone-colors,README: hex numbers freely available on Pantone website; names copyright Pantone,2026-09-20,"Named FHI colours; seed uses full downloaded CSS list (cite dataset, not invent hex)"
Hydrangea,hydrangea,#849BCC,Pantone,"Fashion, Home + Interiors (TCX/TPG) — Margaret2/pantone-colors mirror of pantone.com hexes",https://github.com/Margaret2/pantone-colors,README: hex numbers freely available on Pantone website; names copyright Pantone,2026-09-20,"Named FHI colours; seed uses full downloaded CSS list (cite dataset, not invent hex)"
Dark Sapphire,dark-sapphire,#262B37,Pantone,"Fashion, Home + Interiors (TCX/TPG) — Margaret2/pantone-colors mirror of pantone.com hexes",https://github.com/Margaret2/pantone-colors,README: hex numbers freely available on Pantone website; names copyright Pantone,2026-09-20,"Named FHI colours; seed uses full downloaded CSS list (cite dataset, not invent hex)"
Vintage Indigo,vintage-indigo,#4A556B,Pantone,"Fashion, Home + Interiors (TCX/TPG) — Margaret2/pantone-colors mirror of pantone.com hexes",https://github.com/Margaret2/pantone-colors,README: hex numbers freely available on Pantone website; names copyright Pantone,2026-09-20,"Named FHI colours; seed uses full downloaded CSS list (cite dataset, not invent hex)"
Outer Space,outer-space,#2F3441,Pantone,"Fashion, Home + Interiors (TCX/TPG) — Margaret2/pantone-colors mirror of pantone.com hexes",https://github.com/Margaret2/pantone-colors,README: hex numbers freely available on Pantone website; names copyright Pantone,2026-09-20,"Named FHI colours; seed uses full downloaded CSS list (cite dataset, not invent hex)"
Tradewinds,tradewinds,#7F8793,Pantone,"Fashion, Home + Interiors (TCX/TPG) — Margaret2/pantone-colors mirror of pantone.com hexes",https://github.com/Margaret2/pantone-colors,README: hex numbers freely available on Pantone website; names copyright Pantone,2026-09-20,"Named FHI colours; seed uses full downloaded CSS list (cite dataset, not invent hex)"
Serenity,serenity,#91A8D0,Pantone,"Fashion, Home + Interiors (TCX/TPG) — Margaret2/pantone-colors mirror of pantone.com hexes",https://github.com/Margaret2/pantone-colors,README: hex numbers freely available on Pantone website; names copyright Pantone,2026-09-20,"Named FHI colours; seed uses full downloaded CSS list (cite dataset, not invent hex)"
Quiet Harbor,quiet-harbor,#5A789A,Pantone,"Fashion, Home + Interiors (TCX/TPG) — Margaret2/pantone-colors mirror of pantone.com hexes",https://github.com/Margaret2/pantone-colors,README: hex numbers freely available on Pantone website; names copyright Pantone,2026-09-20,"Named FHI colours; seed uses full downloaded CSS list (cite dataset, not invent hex)"
Nebulas Blue,nebulas-blue,#2D62A3,Pantone,"Fashion, Home + Interiors (TCX/TPG) — Margaret2/pantone-colors mirror of pantone.com hexes",https://github.com/Margaret2/pantone-colors,README: hex numbers freely available on Pantone website; names copyright Pantone,2026-09-20,"Named FHI colours; seed uses full downloaded CSS list (cite dataset, not invent hex)"
Nine Iron,nine-iron,#46434A,Pantone,"Fashion, Home + Interiors (TCX/TPG) — Margaret2/pantone-colors mirror of pantone.com hexes",https://github.com/Margaret2/pantone-colors,README: hex numbers freely available on Pantone website; names copyright Pantone,2026-09-20,"Named FHI colours; seed uses full downloaded CSS list (cite dataset, not invent hex)"
Purple Reign,purple-reign,#56456B,Pantone,"Fashion, Home + Interiors (TCX/TPG) — Margaret2/pantone-colors mirror of pantone.com hexes",https://github.com/Margaret2/pantone-colors,README: hex numbers freely available on Pantone website; names copyright Pantone,2026-09-20,"Named FHI colours; seed uses full downloaded CSS list (cite dataset, not invent hex)"
Grape,grape,#433455,Pantone,"Fashion, Home + Interiors (TCX/TPG) — Margaret2/pantone-colors mirror of pantone.com hexes",https://github.com/Margaret2/pantone-colors,README: hex numbers freely available on Pantone website; names copyright Pantone,2026-09-20,"Named FHI colours; seed uses full downloaded CSS list (cite dataset, not invent hex)"
Lavender Gray,lavender-gray,#9890A2,Pantone,"Fashion, Home + Interiors (TCX/TPG) — Margaret2/pantone-colors mirror of pantone.com hexes",https://github.com/Margaret2/pantone-colors,README: hex numbers freely available on Pantone website; names copyright Pantone,2026-09-20,"Named FHI colours; seed uses full downloaded CSS list (cite dataset, not invent hex)"
Wisteria,wisteria,#A198AF,Pantone,"Fashion, Home + Interiors (TCX/TPG) — Margaret2/pantone-colors mirror of pantone.com hexes",https://github.com/Margaret2/pantone-colors,README: hex numbers freely available on Pantone website; names copyright Pantone,2026-09-20,"Named FHI colours; seed uses full downloaded CSS list (cite dataset, not invent hex)"
Daybreak,daybreak,#8981A0,Pantone,"Fashion, Home + Interiors (TCX/TPG) — Margaret2/pantone-colors mirror of pantone.com hexes",https://github.com/Margaret2/pantone-colors,README: hex numbers freely available on Pantone website; names copyright Pantone,2026-09-20,"Named FHI colours; seed uses full downloaded CSS list (cite dataset, not invent hex)"
Orchid Petal,orchid-petal,#BFB4CB,Pantone,"Fashion, Home + Interiors (TCX/TPG) — Margaret2/pantone-colors mirror of pantone.com hexes",https://github.com/Margaret2/pantone-colors,README: hex numbers freely available on Pantone website; names copyright Pantone,2026-09-20,"Named FHI colours; seed uses full downloaded CSS list (cite dataset, not invent hex)"
Paisley Purple,paisley-purple,#8B79B1,Pantone,"Fashion, Home + Interiors (TCX/TPG) — Margaret2/pantone-colors mirror of pantone.com hexes",https://github.com/Margaret2/pantone-colors,README: hex numbers freely available on Pantone website; names copyright Pantone,2026-09-20,"Named FHI colours; seed uses full downloaded CSS list (cite dataset, not invent hex)"
Imperial Palace,imperial-palace,#604E7A,Pantone,"Fashion, Home + Interiors (TCX/TPG) — Margaret2/pantone-colors mirror of pantone.com hexes",https://github.com/Margaret2/pantone-colors,README: hex numbers freely available on Pantone website; names copyright Pantone,2026-09-20,"Named FHI colours; seed uses full downloaded CSS list (cite dataset, not invent hex)"
Lavender,lavender,#AFA4CE,Pantone,"Fashion, Home + Interiors (TCX/TPG) — Margaret2/pantone-colors mirror of pantone.com hexes",https://github.com/Margaret2/pantone-colors,README: hex numbers freely available on Pantone website; names copyright Pantone,2026-09-20,"Named FHI colours; seed uses full downloaded CSS list (cite dataset, not invent hex)"
Violet Tulip,violet-tulip,#9E91C3,Pantone,"Fashion, Home + Interiors (TCX/TPG) — Margaret2/pantone-colors mirror of pantone.com hexes",https://github.com/Margaret2/pantone-colors,README: hex numbers freely available on Pantone website; names copyright Pantone,2026-09-20,"Named FHI colours; seed uses full downloaded CSS list (cite dataset, not invent hex)"
Purple Haze,purple-haze,#807396,Pantone,"Fashion, Home + Interiors (TCX/TPG) — Margaret2/pantone-colors mirror of pantone.com hexes",https://github.com/Margaret2/pantone-colors,README: hex numbers freely available on Pantone website; names copyright Pantone,2026-09-20,"Named FHI colours; seed uses full downloaded CSS list (cite dataset, not invent hex)"
Dahlia Purple,dahlia-purple,#7E6EAC,Pantone,"Fashion, Home + Interiors (TCX/TPG) — Margaret2/pantone-colors mirror of pantone.com hexes",https://github.com/Margaret2/pantone-colors,README: hex numbers freely available on Pantone website; names copyright Pantone,2026-09-20,"Named FHI colours; seed uses full downloaded CSS list (cite dataset, not invent hex)"
Ultra Violet,ultra-violet,#5F4B8B,Pantone,"Fashion, Home + Interiors (TCX/TPG) — Margaret2/pantone-colors mirror of pantone.com hexes",https://github.com/Margaret2/pantone-colors,README: hex numbers freely available on Pantone website; names copyright Pantone,2026-09-20,"Named FHI colours; seed uses full downloaded CSS list (cite dataset, not invent hex)"
Heliotrope,heliotrope,#4F3872,Pantone,"Fashion, Home + Interiors (TCX/TPG) — Margaret2/pantone-colors mirror of pantone.com hexes",https://github.com/Margaret2/pantone-colors,README: hex numbers freely available on Pantone website; names copyright Pantone,2026-09-20,"Named FHI colours; seed uses full downloaded CSS list (cite dataset, not invent hex)"
Veronica,veronica,#6D6695,Pantone,"Fashion, Home + Interiors (TCX/TPG) — Margaret2/pantone-colors mirror of pantone.com hexes",https://github.com/Margaret2/pantone-colors,README: hex numbers freely available on Pantone website; names copyright Pantone,2026-09-20,"Named FHI colours; seed uses full downloaded CSS list (cite dataset, not invent hex)"
Gentian Violet,gentian-violet,#544275,Pantone,"Fashion, Home + Interiors (TCX/TPG) — Margaret2/pantone-colors mirror of pantone.com hexes",https://github.com/Margaret2/pantone-colors,README: hex numbers freely available on Pantone website; names copyright Pantone,2026-09-20,"Named FHI colours; seed uses full downloaded CSS list (cite dataset, not invent hex)"
Deep Blue,deep-blue,#44377D,Pantone,"Fashion, Home + Interiors (TCX/TPG) — Margaret2/pantone-colors mirror of pantone.com hexes",https://github.com/Margaret2/pantone-colors,README: hex numbers freely available on Pantone website; names copyright Pantone,2026-09-20,"Named FHI colours; seed uses full downloaded CSS list (cite dataset, not invent hex)"
Navy Blue,navy-blue,#403F6F,Pantone,"Fashion, Home + Interiors (TCX/TPG) — Margaret2/pantone-colors mirror of pantone.com hexes",https://github.com/Margaret2/pantone-colors,README: hex numbers freely available on Pantone website; names copyright Pantone,2026-09-20,"Named FHI colours; seed uses full downloaded CSS list (cite dataset, not invent hex)"
Blue Ribbon,blue-ribbon,#3A395F,Pantone,"Fashion, Home + Interiors (TCX/TPG) — Margaret2/pantone-colors mirror of pantone.com hexes",https://github.com/Margaret2/pantone-colors,README: hex numbers freely available on Pantone website; names copyright Pantone,2026-09-20,"Named FHI colours; seed uses full downloaded CSS list (cite dataset, not invent hex)"
Purple Heather,purple-heather,#BAB8D3,Pantone,"Fashion, Home + Interiors (TCX/TPG) — Margaret2/pantone-colors mirror of pantone.com hexes",https://github.com/Margaret2/pantone-colors,README: hex numbers freely available on Pantone website; names copyright Pantone,2026-09-20,"Named FHI colours; seed uses full downloaded CSS list (cite dataset, not invent hex)"
Languid Lavender,languid-lavender,#A2A1BA,Pantone,"Fashion, Home + Interiors (TCX/TPG) — Margaret2/pantone-colors mirror of pantone.com hexes",https://github.com/Margaret2/pantone-colors,README: hex numbers freely available on Pantone website; names copyright Pantone,2026-09-20,"Named FHI colours; seed uses full downloaded CSS list (cite dataset, not invent hex)"
Orient Blue,orient-blue,#47457A,Pantone,"Fashion, Home + Interiors (TCX/TPG) — Margaret2/pantone-colors mirror of pantone.com hexes",https://github.com/Margaret2/pantone-colors,README: hex numbers freely available on Pantone website; names copyright Pantone,2026-09-20,"Named FHI colours; seed uses full downloaded CSS list (cite dataset, not invent hex)"
Lavender Aura,lavender-aura,#9F99AA,Pantone,"Fashion, Home + Interiors (TCX/TPG) — Margaret2/pantone-colors mirror of pantone.com hexes",https://github.com/Margaret2/pantone-colors,README: hex numbers freely available on Pantone website; names copyright Pantone,2026-09-20,"Named FHI colours; seed uses full downloaded CSS list (cite dataset, not invent hex)"
Blue Graphite,blue-graphite,#323137,Pantone,"Fashion, Home + Interiors (TCX/TPG) — Margaret2/pantone-colors mirror of pantone.com hexes",https://github.com/Margaret2/pantone-colors,README: hex numbers freely available on Pantone website; names copyright Pantone,2026-09-20,"Named FHI colours; seed uses full downloaded CSS list (cite dataset, not invent hex)"
Mystical,mystical,#5F4E72,Pantone,"Fashion, Home + Interiors (TCX/TPG) — Margaret2/pantone-colors mirror of pantone.com hexes",https://github.com/Margaret2/pantone-colors,README: hex numbers freely available on Pantone website; names copyright Pantone,2026-09-20,"Named FHI colours; seed uses full downloaded CSS list (cite dataset, not invent hex)"
Deep Well,deep-well,#2C2A33,Pantone,"Fashion, Home + Interiors (TCX/TPG) — Margaret2/pantone-colors mirror of pantone.com hexes",https://github.com/Margaret2/pantone-colors,README: hex numbers freely available on Pantone website; names copyright Pantone,2026-09-20,"Named FHI colours; seed uses full downloaded CSS list (cite dataset, not invent hex)"
Quicksilver,quicksilver,#7E7D88,Pantone,"Fashion, Home + Interiors (TCX/TPG) — Margaret2/pantone-colors mirror of pantone.com hexes",https://github.com/Margaret2/pantone-colors,README: hex numbers freely available on Pantone website; names copyright Pantone,2026-09-20,"Named FHI colours; seed uses full downloaded CSS list (cite dataset, not invent hex)"
Periscope,periscope,#46444C,Pantone,"Fashion, Home + Interiors (TCX/TPG) — Margaret2/pantone-colors mirror of pantone.com hexes",https://github.com/Margaret2/pantone-colors,README: hex numbers freely available on Pantone website; names copyright Pantone,2026-09-20,"Named FHI colours; seed uses full downloaded CSS list (cite dataset, not invent hex)"
Lilac Breeze,lilac-breeze,#B3A0C9,Pantone,"Fashion, Home + Interiors (TCX/TPG) — Margaret2/pantone-colors mirror of pantone.com hexes",https://github.com/Margaret2/pantone-colors,README: hex numbers freely available on Pantone website; names copyright Pantone,2026-09-20,"Named FHI colours; seed uses full downloaded CSS list (cite dataset, not invent hex)"
Mauve Mist,mauve-mist,#C49BD4,Pantone,"Fashion, Home + Interiors (TCX/TPG) — Margaret2/pantone-colors mirror of pantone.com hexes",https://github.com/Margaret2/pantone-colors,README: hex numbers freely available on Pantone website; names copyright Pantone,2026-09-20,"Named FHI colours; seed uses full downloaded CSS list (cite dataset, not invent hex)"
Wineberry,wineberry,#5A395B,Pantone,"Fashion, Home + Interiors (TCX/TPG) — Margaret2/pantone-colors mirror of pantone.com hexes",https://github.com/Margaret2/pantone-colors,README: hex numbers freely available on Pantone website; names copyright Pantone,2026-09-20,"Named FHI colours; seed uses full downloaded CSS list (cite dataset, not invent hex)"
Navy Cosmos,navy-cosmos,#503B53,Pantone,"Fashion, Home + Interiors (TCX/TPG) — Margaret2/pantone-colors mirror of pantone.com hexes",https://github.com/Margaret2/pantone-colors,README: hex numbers freely available on Pantone website; names copyright Pantone,2026-09-20,"Named FHI colours; seed uses full downloaded CSS list (cite dataset, not invent hex)"
Purple Pennant,purple-pennant,#432C47,Pantone,"Fashion, Home + Interiors (TCX/TPG) — Margaret2/pantone-colors mirror of pantone.com hexes",https://github.com/Margaret2/pantone-colors,README: hex numbers freely available on Pantone website; names copyright Pantone,2026-09-20,"Named FHI colours; seed uses full downloaded CSS list (cite dataset, not invent hex)"
Blackberry Cordial,blackberry-cordial,#3F2A47,Pantone,"Fashion, Home + Interiors (TCX/TPG) — Margaret2/pantone-colors mirror of pantone.com hexes",https://github.com/Margaret2/pantone-colors,README: hex numbers freely available on Pantone website; names copyright Pantone,2026-09-20,"Named FHI colours; seed uses full downloaded CSS list (cite dataset, not invent hex)"
Mysterioso,mysterioso,#46394B,Pantone,"Fashion, Home + Interiors (TCX/TPG) — Margaret2/pantone-colors mirror of pantone.com hexes",https://github.com/Margaret2/pantone-colors,README: hex numbers freely available on Pantone website; names copyright Pantone,2026-09-20,"Named FHI colours; seed uses full downloaded CSS list (cite dataset, not invent hex)"
Nightshade,nightshade,#433748,Pantone,"Fashion, Home + Interiors (TCX/TPG) — Margaret2/pantone-colors mirror of pantone.com hexes",https://github.com/Margaret2/pantone-colors,README: hex numbers freely available on Pantone website; names copyright Pantone,2026-09-20,"Named FHI colours; seed uses full downloaded CSS list (cite dataset, not invent hex)"
Gray Ridge,gray-ridge,#847986,Pantone,"Fashion, Home + Interiors (TCX/TPG) — Margaret2/pantone-colors mirror of pantone.com hexes",https://github.com/Margaret2/pantone-colors,README: hex numbers freely available on Pantone website; names copyright Pantone,2026-09-20,"Named FHI colours; seed uses full downloaded CSS list (cite dataset, not invent hex)"
Mulled Grape,mulled-grape,#675A74,Pantone,"Fashion, Home + Interiors (TCX/TPG) — Margaret2/pantone-colors mirror of pantone.com hexes",https://github.com/Margaret2/pantone-colors,README: hex numbers freely available on Pantone website; names copyright Pantone,2026-09-20,"Named FHI colours; seed uses full downloaded CSS list (cite dataset, not invent hex)"
Lavender Frost,lavender-frost,#BDABBE,Pantone,"Fashion, Home + Interiors (TCX/TPG) — Margaret2/pantone-colors mirror of pantone.com hexes",https://github.com/Margaret2/pantone-colors,README: hex numbers freely available on Pantone website; names copyright Pantone,2026-09-20,"Named FHI colours; seed uses full downloaded CSS list (cite dataset, not invent hex)"
Lupine,lupine,#BE9CC1,Pantone,"Fashion, Home + Interiors (TCX/TPG) — Margaret2/pantone-colors mirror of pantone.com hexes",https://github.com/Margaret2/pantone-colors,README: hex numbers freely available on Pantone website; names copyright Pantone,2026-09-20,"Named FHI colours; seed uses full downloaded CSS list (cite dataset, not invent hex)"
African Violet,african-violet,#B085B7,Pantone,"Fashion, Home + Interiors (TCX/TPG) — Margaret2/pantone-colors mirror of pantone.com hexes",https://github.com/Margaret2/pantone-colors,README: hex numbers freely available on Pantone website; names copyright Pantone,2026-09-20,"Named FHI colours; seed uses full downloaded CSS list (cite dataset, not invent hex)"
Amethyst Orchid,amethyst-orchid,#926AA6,Pantone,"Fashion, Home + Interiors (TCX/TPG) — Margaret2/pantone-colors mirror of pantone.com hexes",https://github.com/Margaret2/pantone-colors,README: hex numbers freely available on Pantone website; names copyright Pantone,2026-09-20,"Named FHI colours; seed uses full downloaded CSS list (cite dataset, not invent hex)"
Meadow Violet,meadow-violet,#764F82,Pantone,"Fashion, Home + Interiors (TCX/TPG) — Margaret2/pantone-colors mirror of pantone.com hexes",https://github.com/Margaret2/pantone-colors,README: hex numbers freely available on Pantone website; names copyright Pantone,2026-09-20,"Named FHI colours; seed uses full downloaded CSS list (cite dataset, not invent hex)"
Royal Lilac,royal-lilac,#774D8E,Pantone,"Fashion, Home + Interiors (TCX/TPG) — Margaret2/pantone-colors mirror of pantone.com hexes",https://github.com/Margaret2/pantone-colors,README: hex numbers freely available on Pantone website; names copyright Pantone,2026-09-20,"Named FHI colours; seed uses full downloaded CSS list (cite dataset, not invent hex)"
Bright Violet,bright-violet,#784384,Pantone,"Fashion, Home + Interiors (TCX/TPG) — Margaret2/pantone-colors mirror of pantone.com hexes",https://github.com/Margaret2/pantone-colors,README: hex numbers freely available on Pantone website; names copyright Pantone,2026-09-20,"Named FHI colours; seed uses full downloaded CSS list (cite dataset, not invent hex)"
Purple Magic,purple-magic,#663271,Pantone,"Fashion, Home + Interiors (TCX/TPG) — Margaret2/pantone-colors mirror of pantone.com hexes",https://github.com/Margaret2/pantone-colors,README: hex numbers freely available on Pantone website; names copyright Pantone,2026-09-20,"Named FHI colours; seed uses full downloaded CSS list (cite dataset, not invent hex)"
Patrician Purple,patrician-purple,#6C4E79,Pantone,"Fashion, Home + Interiors (TCX/TPG) — Margaret2/pantone-colors mirror of pantone.com hexes",https://github.com/Margaret2/pantone-colors,README: hex numbers freely available on Pantone website; names copyright Pantone,2026-09-20,"Named FHI colours; seed uses full downloaded CSS list (cite dataset, not invent hex)"
Majesty,majesty,#593761,Pantone,"Fashion, Home + Interiors (TCX/TPG) — Margaret2/pantone-colors mirror of pantone.com hexes",https://github.com/Margaret2/pantone-colors,README: hex numbers freely available on Pantone website; names copyright Pantone,2026-09-20,"Named FHI colours; seed uses full downloaded CSS list (cite dataset, not invent hex)"
Crown Jewel,crown-jewel,#482D54,Pantone,"Fashion, Home + Interiors (TCX/TPG) — Margaret2/pantone-colors mirror of pantone.com hexes",https://github.com/Margaret2/pantone-colors,README: hex numbers freely available on Pantone website; names copyright Pantone,2026-09-20,"Named FHI colours; seed uses full downloaded CSS list (cite dataset, not invent hex)"
Lavendula,lavendula,#BCA4CB,Pantone,"Fashion, Home + Interiors (TCX/TPG) — Margaret2/pantone-colors mirror of pantone.com hexes",https://github.com/Margaret2/pantone-colors,README: hex numbers freely available on Pantone website; names copyright Pantone,2026-09-20,"Named FHI colours; seed uses full downloaded CSS list (cite dataset, not invent hex)"
Viola,viola,#A692BA,Pantone,"Fashion, Home + Interiors (TCX/TPG) — Margaret2/pantone-colors mirror of pantone.com hexes",https://github.com/Margaret2/pantone-colors,README: hex numbers freely available on Pantone website; names copyright Pantone,2026-09-20,"Named FHI colours; seed uses full downloaded CSS list (cite dataset, not invent hex)"
Grape Compote,grape-compote,#6B5876,Pantone,"Fashion, Home + Interiors (TCX/TPG) — Margaret2/pantone-colors mirror of pantone.com hexes",https://github.com/Margaret2/pantone-colors,README: hex numbers freely available on Pantone website; names copyright Pantone,2026-09-20,"Named FHI colours; seed uses full downloaded CSS list (cite dataset, not invent hex)"
Petunia,petunia,#4F3466,Pantone,"Fashion, Home + Interiors (TCX/TPG) — Margaret2/pantone-colors mirror of pantone.com hexes",https://github.com/Margaret2/pantone-colors,README: hex numbers freely available on Pantone website; names copyright Pantone,2026-09-20,"Named FHI colours; seed uses full downloaded CSS list (cite dataset, not invent hex)"
Bellflower,bellflower,#9469A2,Pantone,"Fashion, Home + Interiors (TCX/TPG) — Margaret2/pantone-colors mirror of pantone.com hexes",https://github.com/Margaret2/pantone-colors,README: hex numbers freely available on Pantone website; names copyright Pantone,2026-09-20,"Named FHI colours; seed uses full downloaded CSS list (cite dataset, not invent hex)"
Rhapsody,rhapsody,#9F86AA,Pantone,"Fashion, Home + Interiors (TCX/TPG) — Margaret2/pantone-colors mirror of pantone.com hexes",https://github.com/Margaret2/pantone-colors,README: hex numbers freely available on Pantone website; names copyright Pantone,2026-09-20,"Named FHI colours; seed uses full downloaded CSS list (cite dataset, not invent hex)"
Tillandsia Purple,tillandsia-purple,#563474,Pantone,"Fashion, Home + Interiors (TCX/TPG) — Margaret2/pantone-colors mirror of pantone.com hexes",https://github.com/Margaret2/pantone-colors,README: hex numbers freely available on Pantone website; names copyright Pantone,2026-09-20,"Named FHI colours; seed uses full downloaded CSS list (cite dataset, not invent hex)"
Crocus Petal,crocus-petal,#B99BC5,Pantone,"Fashion, Home + Interiors (TCX/TPG) — Margaret2/pantone-colors mirror of pantone.com hexes",https://github.com/Margaret2/pantone-colors,README: hex numbers freely available on Pantone website; names copyright Pantone,2026-09-20,"Named FHI colours; seed uses full downloaded CSS list (cite dataset, not invent hex)"
Fairy Wren,fairy-wren,#9479AF,Pantone,"Fashion, Home + Interiors (TCX/TPG) — Margaret2/pantone-colors mirror of pantone.com hexes",https://github.com/Margaret2/pantone-colors,README: hex numbers freely available on Pantone website; names copyright Pantone,2026-09-20,"Named FHI colours; seed uses full downloaded CSS list (cite dataset, not invent hex)"
Lavender Crystal,lavender-crystal,#936A98,Pantone,"Fashion, Home + Interiors (TCX/TPG) — Margaret2/pantone-colors mirror of pantone.com hexes",https://github.com/Margaret2/pantone-colors,README: hex numbers freely available on Pantone website; names copyright Pantone,2026-09-20,"Named FHI colours; seed uses full downloaded CSS list (cite dataset, not invent hex)"
Egret,egret,#F3ECE0,Pantone,"Fashion, Home + Interiors (TCX/TPG) — Margaret2/pantone-colors mirror of pantone.com hexes",https://github.com/Margaret2/pantone-colors,README: hex numbers freely available on Pantone website; names copyright Pantone,2026-09-20,"Named FHI colours; seed uses full downloaded CSS list (cite dataset, not invent hex)"
Marshmallow,marshmallow,#F0EEE4,Pantone,"Fashion, Home + Interiors (TCX/TPG) — Margaret2/pantone-colors mirror of pantone.com hexes",https://github.com/Margaret2/pantone-colors,README: hex numbers freely available on Pantone website; names copyright Pantone,2026-09-20,"Named FHI colours; seed uses full downloaded CSS list (cite dataset, not invent hex)"
Delicacy,delicacy,#F5E3E2,Pantone,"Fashion, Home + Interiors (TCX/TPG) — Margaret2/pantone-colors mirror of pantone.com hexes",https://github.com/Margaret2/pantone-colors,README: hex numbers freely available on Pantone website; names copyright Pantone,2026-09-20,"Named FHI colours; seed uses full downloaded CSS list (cite dataset, not invent hex)"
Lily White,lily-white,#E2E2DA,Pantone,"Fashion, Home + Interiors (TCX/TPG) — Margaret2/pantone-colors mirror of pantone.com hexes",https://github.com/Margaret2/pantone-colors,README: hex numbers freely available on Pantone website; names copyright Pantone,2026-09-20,"Named FHI colours; seed uses full downloaded CSS list (cite dataset, not invent hex)"
Icicle,icicle,#DADCD0,Pantone,"Fashion, Home + Interiors (TCX/TPG) — Margaret2/pantone-colors mirror of pantone.com hexes",https://github.com/Margaret2/pantone-colors,README: hex numbers freely available on Pantone website; names copyright Pantone,2026-09-20,"Named FHI colours; seed uses full downloaded CSS list (cite dataset, not invent hex)"
Lightest Sky,lightest-sky,#E4EADF,Pantone,"Fashion, Home + Interiors (TCX/TPG) — Margaret2/pantone-colors mirror of pantone.com hexes",https://github.com/Margaret2/pantone-colors,README: hex numbers freely available on Pantone website; names copyright Pantone,2026-09-20,"Named FHI colours; seed uses full downloaded CSS list (cite dataset, not invent hex)"
Zephyr Blue,zephyr-blue,#D3D9D1,Pantone,"Fashion, Home + Interiors (TCX/TPG) — Margaret2/pantone-colors mirror of pantone.com hexes",https://github.com/Margaret2/pantone-colors,README: hex numbers freely available on Pantone website; names copyright Pantone,2026-09-20,"Named FHI colours; seed uses full downloaded CSS list (cite dataset, not invent hex)"
Light Gray,light-gray,#DAD8C9,Pantone,"Fashion, Home + Interiors (TCX/TPG) — Margaret2/pantone-colors mirror of pantone.com hexes",https://github.com/Margaret2/pantone-colors,README: hex numbers freely available on Pantone website; names copyright Pantone,2026-09-20,"Named FHI colours; seed uses full downloaded CSS list (cite dataset, not invent hex)"
Pussywillow Gray,pussywillow-gray,#AEACA1,Pantone,"Fashion, Home + Interiors (TCX/TPG) — Margaret2/pantone-colors mirror of pantone.com hexes",https://github.com/Margaret2/pantone-colors,README: hex numbers freely available on Pantone website; names copyright Pantone,2026-09-20,"Named FHI colours; seed uses full downloaded CSS list (cite dataset, not invent hex)"
Lunar Rock,lunar-rock,#C5C5C5,Pantone,"Fashion, Home + Interiors (TCX/TPG) — Margaret2/pantone-colors mirror of pantone.com hexes",https://github.com/Margaret2/pantone-colors,README: hex numbers freely available on Pantone website; names copyright Pantone,2026-09-20,"Named FHI colours; seed uses full downloaded CSS list (cite dataset, not invent hex)"
Limestone,limestone,#989A98,Pantone,"Fashion, Home + Interiors (TCX/TPG) — Margaret2/pantone-colors mirror of pantone.com hexes",https://github.com/Margaret2/pantone-colors,README: hex numbers freely available on Pantone website; names copyright Pantone,2026-09-20,"Named FHI colours; seed uses full downloaded CSS list (cite dataset, not invent hex)"
Steeple Gray,steeple-gray,#827E7C,Pantone,"Fashion, Home + Interiors (TCX/TPG) — Margaret2/pantone-colors mirror of pantone.com hexes",https://github.com/Margaret2/pantone-colors,README: hex numbers freely available on Pantone website; names copyright Pantone,2026-09-20,"Named FHI colours; seed uses full downloaded CSS list (cite dataset, not invent hex)"
Mirage Gray,mirage-gray,#ABAFAE,Pantone,"Fashion, Home + Interiors (TCX/TPG) — Margaret2/pantone-colors mirror of pantone.com hexes",https://github.com/Margaret2/pantone-colors,README: hex numbers freely available on Pantone website; names copyright Pantone,2026-09-20,"Named FHI colours; seed uses full downloaded CSS list (cite dataset, not invent hex)"
Neutral Gray,neutral-gray,#8E918F,Pantone,"Fashion, Home + Interiors (TCX/TPG) — Margaret2/pantone-colors mirror of pantone.com hexes",https://github.com/Margaret2/pantone-colors,README: hex numbers freely available on Pantone website; names copyright Pantone,2026-09-20,"Named FHI colours; seed uses full downloaded CSS list (cite dataset, not invent hex)"
Wind Chime,wind-chime,#CAC5C2,Pantone,"Fashion, Home + Interiors (TCX/TPG) — Margaret2/pantone-colors mirror of pantone.com hexes",https://github.com/Margaret2/pantone-colors,README: hex numbers freely available on Pantone website; names copyright Pantone,2026-09-20,"Named FHI colours; seed uses full downloaded CSS list (cite dataset, not invent hex)"
Castlerock,castlerock,#5F5E62,Pantone,"Fashion, Home + Interiors (TCX/TPG) — Margaret2/pantone-colors mirror of pantone.com hexes",https://github.com/Margaret2/pantone-colors,README: hex numbers freely available on Pantone website; names copyright Pantone,2026-09-20,"Named FHI colours; seed uses full downloaded CSS list (cite dataset, not invent hex)"
Dark Gull Gray,dark-gull-gray,#625D5D,Pantone,"Fashion, Home + Interiors (TCX/TPG) — Margaret2/pantone-colors mirror of pantone.com hexes",https://github.com/Margaret2/pantone-colors,README: hex numbers freely available on Pantone website; names copyright Pantone,2026-09-20,"Named FHI colours; seed uses full downloaded CSS list (cite dataset, not invent hex)"
Moonless Night,moonless-night,#2F2D30,Pantone,"Fashion, Home + Interiors (TCX/TPG) — Margaret2/pantone-colors mirror of pantone.com hexes",https://github.com/Margaret2/pantone-colors,README: hex numbers freely available on Pantone website; names copyright Pantone,2026-09-20,"Named FHI colours; seed uses full downloaded CSS list (cite dataset, not invent hex)"
Lilac Ash,lilac-ash,#D7CDCD,Pantone,"Fashion, Home + Interiors (TCX/TPG) — Margaret2/pantone-colors mirror of pantone.com hexes",https://github.com/Margaret2/pantone-colors,README: hex numbers freely available on Pantone website; names copyright Pantone,2026-09-20,"Named FHI colours; seed uses full downloaded CSS list (cite dataset, not invent hex)"
Evening Haze,evening-haze,#BDB8C7,Pantone,"Fashion, Home + Interiors (TCX/TPG) — Margaret2/pantone-colors mirror of pantone.com hexes",https://github.com/Margaret2/pantone-colors,README: hex numbers freely available on Pantone website; names copyright Pantone,2026-09-20,"Named FHI colours; seed uses full downloaded CSS list (cite dataset, not invent hex)"
Zinc,zinc,#92898A,Pantone,"Fashion, Home + Interiors (TCX/TPG) — Margaret2/pantone-colors mirror of pantone.com hexes",https://github.com/Margaret2/pantone-colors,README: hex numbers freely available on Pantone website; names copyright Pantone,2026-09-20,"Named FHI colours; seed uses full downloaded CSS list (cite dataset, not invent hex)"
Dapple Gray,dapple-gray,#9C9BA7,Pantone,"Fashion, Home + Interiors (TCX/TPG) — Margaret2/pantone-colors mirror of pantone.com hexes",https://github.com/Margaret2/pantone-colors,README: hex numbers freely available on Pantone website; names copyright Pantone,2026-09-20,"Named FHI colours; seed uses full downloaded CSS list (cite dataset, not invent hex)"
Griffin,griffin,#8D8F8F,Pantone,"Fashion, Home + Interiors (TCX/TPG) — Margaret2/pantone-colors mirror of pantone.com hexes",https://github.com/Margaret2/pantone-colors,README: hex numbers freely available on Pantone website; names copyright Pantone,2026-09-20,"Named FHI colours; seed uses full downloaded CSS list (cite dataset, not invent hex)"
Morning Mist,morning-mist,#CFDFDB,Pantone,"Fashion, Home + Interiors (TCX/TPG) — Margaret2/pantone-colors mirror of pantone.com hexes",https://github.com/Margaret2/pantone-colors,README: hex numbers freely available on Pantone website; names copyright Pantone,2026-09-20,"Named FHI colours; seed uses full downloaded CSS list (cite dataset, not invent hex)"
Mineral Gray,mineral-gray,#B2B6AC,Pantone,"Fashion, Home + Interiors (TCX/TPG) — Margaret2/pantone-colors mirror of pantone.com hexes",https://github.com/Margaret2/pantone-colors,README: hex numbers freely available on Pantone website; names copyright Pantone,2026-09-20,"Named FHI colours; seed uses full downloaded CSS list (cite dataset, not invent hex)"
Whisper Green,whisper-green,#E0E6D7,Pantone,"Fashion, Home + Interiors (TCX/TPG) — Margaret2/pantone-colors mirror of pantone.com hexes",https://github.com/Margaret2/pantone-colors,README: hex numbers freely available on Pantone website; names copyright Pantone,2026-09-20,"Named FHI colours; seed uses full downloaded CSS list (cite dataset, not invent hex)"
Milky Green,milky-green,#CFDBD1,Pantone,"Fashion, Home + Interiors (TCX/TPG) — Margaret2/pantone-colors mirror of pantone.com hexes",https://github.com/Margaret2/pantone-colors,README: hex numbers freely available on Pantone website; names copyright Pantone,2026-09-20,"Named FHI colours; seed uses full downloaded CSS list (cite dataset, not invent hex)"
Wet Weather,wet-weather,#929090,Pantone,"Fashion, Home + Interiors (TCX/TPG) — Margaret2/pantone-colors mirror of pantone.com hexes",https://github.com/Margaret2/pantone-colors,README: hex numbers freely available on Pantone website; names copyright Pantone,2026-09-20,"Named FHI colours; seed uses full downloaded CSS list (cite dataset, not invent hex)"
Silver Sconce,silver-sconce,#A19FA5,Pantone,"Fashion, Home + Interiors (TCX/TPG) — Margaret2/pantone-colors mirror of pantone.com hexes",https://github.com/Margaret2/pantone-colors,README: hex numbers freely available on Pantone website; names copyright Pantone,2026-09-20,"Named FHI colours; seed uses full downloaded CSS list (cite dataset, not invent hex)"
Alloy,alloy,#98979A,Pantone,"Fashion, Home + Interiors (TCX/TPG) — Margaret2/pantone-colors mirror of pantone.com hexes",https://github.com/Margaret2/pantone-colors,README: hex numbers freely available on Pantone website; names copyright Pantone,2026-09-20,"Named FHI colours; seed uses full downloaded CSS list (cite dataset, not invent hex)"
PANTONE 100-C,100-c,#F6EB61,Pantone,Solid Coated (bconglet/Pantoner unofficial hex),https://github.com/bconglet/Pantoner/blob/master/csv/pantone-coated.csv,MIT community hex approximations of Pantone coated — not Pantone LLC official digital values,2026-09-20,Code-only; confidence=MEDIUM
PANTONE 7403-C,7403-c,#EED484,Pantone,Solid Coated (bconglet/Pantoner unofficial hex),https://github.com/bconglet/Pantoner/blob/master/csv/pantone-coated.csv,MIT community hex approximations of Pantone coated — not Pantone LLC official digital values,2026-09-20,Code-only; confidence=MEDIUM
PANTONE 109-C,109-c,#FFD100,Pantone,Solid Coated (bconglet/Pantoner unofficial hex),https://github.com/bconglet/Pantoner/blob/master/csv/pantone-coated.csv,MIT community hex approximations of Pantone coated — not Pantone LLC official digital values,2026-09-20,Code-only; confidence=MEDIUM
PANTONE 117-C,117-c,#C99700,Pantone,Solid Coated (bconglet/Pantoner unofficial hex),https://github.com/bconglet/Pantoner/blob/master/csv/pantone-coated.csv,MIT community hex approximations of Pantone coated — not Pantone LLC official digital values,2026-09-20,Code-only; confidence=MEDIUM
PANTONE 132-C,132-c,#A07400,Pantone,Solid Coated (bconglet/Pantoner unofficial hex),https://github.com/bconglet/Pantoner/blob/master/csv/pantone-coated.csv,MIT community hex approximations of Pantone coated — not Pantone LLC official digital values,2026-09-20,Code-only; confidence=MEDIUM
PANTONE 1265-C,1265-c,#886B25,Pantone,Solid Coated (bconglet/Pantoner unofficial hex),https://github.com/bconglet/Pantoner/blob/master/csv/pantone-coated.csv,MIT community hex approximations of Pantone coated — not Pantone LLC official digital values,2026-09-20,Code-only; confidence=MEDIUM
PANTONE 7548-C,7548-c,#FFC600,Pantone,Solid Coated (bconglet/Pantoner unofficial hex),https://github.com/bconglet/Pantoner/blob/master/csv/pantone-coated.csv,MIT community hex approximations of Pantone coated — not Pantone LLC official digital values,2026-09-20,Code-only; confidence=MEDIUM
PANTONE 7556-C,7556-c,#B78B20,Pantone,Solid Coated (bconglet/Pantoner unofficial hex),https://github.com/bconglet/Pantoner/blob/master/csv/pantone-coated.csv,MIT community hex approximations of Pantone coated — not Pantone LLC official digital values,2026-09-20,Code-only; confidence=MEDIUM
PANTONE 136-C,136-c,#FFBF3F,Pantone,Solid Coated (bconglet/Pantoner unofficial hex),https://github.com/bconglet/Pantoner/blob/master/csv/pantone-coated.csv,MIT community hex approximations of Pantone coated — not Pantone LLC official digital values,2026-09-20,Code-only; confidence=MEDIUM
PANTONE 1375-C,1375-c,#FF9E1B,Pantone,Solid Coated (bconglet/Pantoner unofficial hex),https://github.com/bconglet/Pantoner/blob/master/csv/pantone-coated.csv,MIT community hex approximations of Pantone coated — not Pantone LLC official digital values,2026-09-20,Code-only; confidence=MEDIUM
PANTONE 145-C,145-c,#CF7F00,Pantone,Solid Coated (bconglet/Pantoner unofficial hex),https://github.com/bconglet/Pantoner/blob/master/csv/pantone-coated.csv,MIT community hex approximations of Pantone coated — not Pantone LLC official digital values,2026-09-20,Code-only; confidence=MEDIUM
PANTONE 7413-C,7413-c,#DC8633,Pantone,Solid Coated (bconglet/Pantoner unofficial hex),https://github.com/bconglet/Pantoner/blob/master/csv/pantone-coated.csv,MIT community hex approximations of Pantone coated — not Pantone LLC official digital values,2026-09-20,Code-only; confidence=MEDIUM
PANTONE 7568-C,7568-c,#775135,Pantone,Solid Coated (bconglet/Pantoner unofficial hex),https://github.com/bconglet/Pantoner/blob/master/csv/pantone-coated.csv,MIT community hex approximations of Pantone coated — not Pantone LLC official digital values,2026-09-20,Code-only; confidence=MEDIUM
PANTONE 712-C,712-c,#FCC89B,Pantone,Solid Coated (bconglet/Pantoner unofficial hex),https://github.com/bconglet/Pantoner/blob/master/csv/pantone-coated.csv,MIT community hex approximations of Pantone coated — not Pantone LLC official digital values,2026-09-20,Code-only; confidence=MEDIUM
PANTONE 149-C,149-c,#FFC27B,Pantone,Solid Coated (bconglet/Pantoner unofficial hex),https://github.com/bconglet/Pantoner/blob/master/csv/pantone-coated.csv,MIT community hex approximations of Pantone coated — not Pantone LLC official digital values,2026-09-20,Code-only; confidence=MEDIUM
PANTONE 157-C,157-c,#ECA154,Pantone,Solid Coated (bconglet/Pantoner unofficial hex),https://github.com/bconglet/Pantoner/blob/master/csv/pantone-coated.csv,MIT community hex approximations of Pantone coated — not Pantone LLC official digital values,2026-09-20,Code-only; confidence=MEDIUM
PANTONE 1525-C,1525-c,#B94700,Pantone,Solid Coated (bconglet/Pantoner unofficial hex),https://github.com/bconglet/Pantoner/blob/master/csv/pantone-coated.csv,MIT community hex approximations of Pantone coated — not Pantone LLC official digital values,2026-09-20,Code-only; confidence=MEDIUM
PANTONE 1605-C,1605-c,#A65523,Pantone,Solid Coated (bconglet/Pantoner unofficial hex),https://github.com/bconglet/Pantoner/blob/master/csv/pantone-coated.csv,MIT community hex approximations of Pantone coated — not Pantone LLC official digital values,2026-09-20,Code-only; confidence=MEDIUM
PANTONE 168-C,168-c,#73381D,Pantone,Solid Coated (bconglet/Pantoner unofficial hex),https://github.com/bconglet/Pantoner/blob/master/csv/pantone-coated.csv,MIT community hex approximations of Pantone coated — not Pantone LLC official digital values,2026-09-20,Code-only; confidence=MEDIUM
PANTONE 1625-C,1625-c,#FFA38B,Pantone,Solid Coated (bconglet/Pantoner unofficial hex),https://github.com/bconglet/Pantoner/blob/master/csv/pantone-coated.csv,MIT community hex approximations of Pantone coated — not Pantone LLC official digital values,2026-09-20,Code-only; confidence=MEDIUM
PANTONE 170-C,170-c,#FF8674,Pantone,Solid Coated (bconglet/Pantoner unofficial hex),https://github.com/bconglet/Pantoner/blob/master/csv/pantone-coated.csv,MIT community hex approximations of Pantone coated — not Pantone LLC official digital values,2026-09-20,Code-only; confidence=MEDIUM
PANTONE 7585-C,7585-c,#AF5C37,Pantone,Solid Coated (bconglet/Pantoner unofficial hex),https://github.com/bconglet/Pantoner/blob/master/csv/pantone-coated.csv,MIT community hex approximations of Pantone coated — not Pantone LLC official digital values,2026-09-20,Code-only; confidence=MEDIUM
PANTONE 7593-C,7593-c,#9D432C,Pantone,Solid Coated (bconglet/Pantoner unofficial hex),https://github.com/bconglet/Pantoner/blob/master/csv/pantone-coated.csv,MIT community hex approximations of Pantone coated — not Pantone LLC official digital values,2026-09-20,Code-only; confidence=MEDIUM
PANTONE 7601-C,7601-c,#83412C,Pantone,Solid Coated (bconglet/Pantoner unofficial hex),https://github.com/bconglet/Pantoner/blob/master/csv/pantone-coated.csv,MIT community hex approximations of Pantone coated — not Pantone LLC official digital values,2026-09-20,Code-only; confidence=MEDIUM
PANTONE 7609-C,7609-c,#823B34,Pantone,Solid Coated (bconglet/Pantoner unofficial hex),https://github.com/bconglet/Pantoner/blob/master/csv/pantone-coated.csv,MIT community hex approximations of Pantone coated — not Pantone LLC official digital values,2026-09-20,Code-only; confidence=MEDIUM
PANTONE 7617-C,7617-c,#583D3E,Pantone,Solid Coated (bconglet/Pantoner unofficial hex),https://github.com/bconglet/Pantoner/blob/master/csv/pantone-coated.csv,MIT community hex approximations of Pantone coated — not Pantone LLC official digital values,2026-09-20,Code-only; confidence=MEDIUM
PANTONE 489-C,489-c,#ECC3B2,Pantone,Solid Coated (bconglet/Pantoner unofficial hex),https://github.com/bconglet/Pantoner/blob/master/csv/pantone-coated.csv,MIT community hex approximations of Pantone coated — not Pantone LLC official digital values,2026-09-20,Code-only; confidence=MEDIUM
PANTONE 177-C,177-c,#FF808B,Pantone,Solid Coated (bconglet/Pantoner unofficial hex),https://github.com/bconglet/Pantoner/blob/master/csv/pantone-coated.csv,MIT community hex approximations of Pantone coated — not Pantone LLC official digital values,2026-09-20,Code-only; confidence=MEDIUM
PANTONE 1788-C,1788-c,#EE2737,Pantone,Solid Coated (bconglet/Pantoner unofficial hex),https://github.com/bconglet/Pantoner/blob/master/csv/pantone-coated.csv,MIT community hex approximations of Pantone coated — not Pantone LLC official digital values,2026-09-20,Code-only; confidence=MEDIUM
PANTONE 1807-C,1807-c,#A4343A,Pantone,Solid Coated (bconglet/Pantoner unofficial hex),https://github.com/bconglet/Pantoner/blob/master/csv/pantone-coated.csv,MIT community hex approximations of Pantone coated — not Pantone LLC official digital values,2026-09-20,Code-only; confidence=MEDIUM
PANTONE 7624-C,7624-c,#802F2D,Pantone,Solid Coated (bconglet/Pantoner unofficial hex),https://github.com/bconglet/Pantoner/blob/master/csv/pantone-coated.csv,MIT community hex approximations of Pantone coated — not Pantone LLC official digital values,2026-09-20,Code-only; confidence=MEDIUM
PANTONE 7415-C,7415-c,#E6BAA8,Pantone,Solid Coated (bconglet/Pantoner unofficial hex),https://github.com/bconglet/Pantoner/blob/master/csv/pantone-coated.csv,MIT community hex approximations of Pantone coated — not Pantone LLC official digital values,2026-09-20,Code-only; confidence=MEDIUM
PANTONE 183-C,183-c,#FC9BB3,Pantone,Solid Coated (bconglet/Pantoner unofficial hex),https://github.com/bconglet/Pantoner/blob/master/csv/pantone-coated.csv,MIT community hex approximations of Pantone coated — not Pantone LLC official digital values,2026-09-20,Code-only; confidence=MEDIUM
PANTONE 198-C,198-c,#DF4661,Pantone,Solid Coated (bconglet/Pantoner unofficial hex),https://github.com/bconglet/Pantoner/blob/master/csv/pantone-coated.csv,MIT community hex approximations of Pantone coated — not Pantone LLC official digital values,2026-09-20,Code-only; confidence=MEDIUM
PANTONE 192-C,192-c,#E40046,Pantone,Solid Coated (bconglet/Pantoner unofficial hex),https://github.com/bconglet/Pantoner/blob/master/csv/pantone-coated.csv,MIT community hex approximations of Pantone coated — not Pantone LLC official digital values,2026-09-20,Code-only; confidence=MEDIUM
PANTONE 1935-C,1935-c,#C5003E,Pantone,Solid Coated (bconglet/Pantoner unofficial hex),https://github.com/bconglet/Pantoner/blob/master/csv/pantone-coated.csv,MIT community hex approximations of Pantone coated — not Pantone LLC official digital values,2026-09-20,Code-only; confidence=MEDIUM
PANTONE 710-C,710-c,#E03E52,Pantone,Solid Coated (bconglet/Pantoner unofficial hex),https://github.com/bconglet/Pantoner/blob/master/csv/pantone-coated.csv,MIT community hex approximations of Pantone coated — not Pantone LLC official digital values,2026-09-20,Code-only; confidence=MEDIUM
PANTONE 704-C,704-c,#9E2A2F,Pantone,Solid Coated (bconglet/Pantoner unofficial hex),https://github.com/bconglet/Pantoner/blob/master/csv/pantone-coated.csv,MIT community hex approximations of Pantone coated — not Pantone LLC official digital values,2026-09-20,Code-only; confidence=MEDIUM
PANTONE 210-C,210-c,#F99FC9,Pantone,Solid Coated (bconglet/Pantoner unofficial hex),https://github.com/bconglet/Pantoner/blob/master/csv/pantone-coated.csv,MIT community hex approximations of Pantone coated — not Pantone LLC official digital values,2026-09-20,Code-only; confidence=MEDIUM
PANTONE 7423-C,7423-c,#E06287,Pantone,Solid Coated (bconglet/Pantoner unofficial hex),https://github.com/bconglet/Pantoner/blob/master/csv/pantone-coated.csv,MIT community hex approximations of Pantone coated — not Pantone LLC official digital values,2026-09-20,Code-only; confidence=MEDIUM
PANTONE 7634-C,7634-c,#C16784,Pantone,Solid Coated (bconglet/Pantoner unofficial hex),https://github.com/bconglet/Pantoner/blob/master/csv/pantone-coated.csv,MIT community hex approximations of Pantone coated — not Pantone LLC official digital values,2026-09-20,Code-only; confidence=MEDIUM
PANTONE 220-C,220-c,#A50050,Pantone,Solid Coated (bconglet/Pantoner unofficial hex),https://github.com/bconglet/Pantoner/blob/master/csv/pantone-coated.csv,MIT community hex approximations of Pantone coated — not Pantone LLC official digital values,2026-09-20,Code-only; confidence=MEDIUM
PANTONE 7644-C,7644-c,#582D40,Pantone,Solid Coated (bconglet/Pantoner unofficial hex),https://github.com/bconglet/Pantoner/blob/master/csv/pantone-coated.csv,MIT community hex approximations of Pantone coated — not Pantone LLC official digital values,2026-09-20,Code-only; confidence=MEDIUM
PANTONE 229-C,229-c,#672146,Pantone,Solid Coated (bconglet/Pantoner unofficial hex),https://github.com/bconglet/Pantoner/blob/master/csv/pantone-coated.csv,MIT community hex approximations of Pantone coated — not Pantone LLC official digital values,2026-09-20,Code-only; confidence=MEDIUM
PANTONE 671-C,671-c,#E6BCD8,Pantone,Solid Coated (bconglet/Pantoner unofficial hex),https://github.com/bconglet/Pantoner/blob/master/csv/pantone-coated.csv,MIT community hex approximations of Pantone coated — not Pantone LLC official digital values,2026-09-20,Code-only; confidence=MEDIUM
PANTONE 679-C,679-c,#DEBED2,Pantone,Solid Coated (bconglet/Pantoner unofficial hex),https://github.com/bconglet/Pantoner/blob/master/csv/pantone-coated.csv,MIT community hex approximations of Pantone coated — not Pantone LLC official digital values,2026-09-20,Code-only; confidence=MEDIUM
PANTONE 687-C,687-c,#BE84A3,Pantone,Solid Coated (bconglet/Pantoner unofficial hex),https://github.com/bconglet/Pantoner/blob/master/csv/pantone-coated.csv,MIT community hex approximations of Pantone coated — not Pantone LLC official digital values,2026-09-20,Code-only; confidence=MEDIUM
PANTONE 506-C,506-c,#84344E,Pantone,Solid Coated (bconglet/Pantoner unofficial hex),https://github.com/bconglet/Pantoner/blob/master/csv/pantone-coated.csv,MIT community hex approximations of Pantone coated — not Pantone LLC official digital values,2026-09-20,Code-only; confidence=MEDIUM
PANTONE 7434-C,7434-c,#9B3259,Pantone,Solid Coated (bconglet/Pantoner unofficial hex),https://github.com/bconglet/Pantoner/blob/master/csv/pantone-coated.csv,MIT community hex approximations of Pantone coated — not Pantone LLC official digital values,2026-09-20,Code-only; confidence=MEDIUM
PANTONE 697-C,697-c,#893C47,Pantone,Solid Coated (bconglet/Pantoner unofficial hex),https://github.com/bconglet/Pantoner/blob/master/csv/pantone-coated.csv,MIT community hex approximations of Pantone coated — not Pantone LLC official digital values,2026-09-20,Code-only; confidence=MEDIUM
PANTONE 503-C,503-c,#E9C4C7,Pantone,Solid Coated (bconglet/Pantoner unofficial hex),https://github.com/bconglet/Pantoner/blob/master/csv/pantone-coated.csv,MIT community hex approximations of Pantone coated — not Pantone LLC official digital values,2026-09-20,Code-only; confidence=MEDIUM
PANTONE 5025-C,5025-c,#DBB7BB,Pantone,Solid Coated (bconglet/Pantoner unofficial hex),https://github.com/bconglet/Pantoner/blob/master/csv/pantone-coated.csv,MIT community hex approximations of Pantone coated — not Pantone LLC official digital values,2026-09-20,Code-only; confidence=MEDIUM
PANTONE 238-C,238-c,#E45DBF,Pantone,Solid Coated (bconglet/Pantoner unofficial hex),https://github.com/bconglet/Pantoner/blob/master/csv/pantone-coated.csv,MIT community hex approximations of Pantone coated — not Pantone LLC official digital values,2026-09-20,Code-only; confidence=MEDIUM
PANTONE 2395-C,2395-c,#C800A1,Pantone,Solid Coated (bconglet/Pantoner unofficial hex),https://github.com/bconglet/Pantoner/blob/master/csv/pantone-coated.csv,MIT community hex approximations of Pantone coated — not Pantone LLC official digital values,2026-09-20,Code-only; confidence=MEDIUM
PANTONE 247-C,247-c,#BB16A3,Pantone,Solid Coated (bconglet/Pantoner unofficial hex),https://github.com/bconglet/Pantoner/blob/master/csv/pantone-coated.csv,MIT community hex approximations of Pantone coated — not Pantone LLC official digital values,2026-09-20,Code-only; confidence=MEDIUM
PANTONE 7651-C,7651-c,#6A2A5B,Pantone,Solid Coated (bconglet/Pantoner unofficial hex),https://github.com/bconglet/Pantoner/blob/master/csv/pantone-coated.csv,MIT community hex approximations of Pantone coated — not Pantone LLC official digital values,2026-09-20,Code-only; confidence=MEDIUM
PANTONE 517-C,517-c,#EBC6DF,Pantone,Solid Coated (bconglet/Pantoner unofficial hex),https://github.com/bconglet/Pantoner/blob/master/csv/pantone-coated.csv,MIT community hex approximations of Pantone coated — not Pantone LLC official digital values,2026-09-20,Code-only; confidence=MEDIUM
PANTONE 7437-C,7437-c,#CCAED0,Pantone,Solid Coated (bconglet/Pantoner unofficial hex),https://github.com/bconglet/Pantoner/blob/master/csv/pantone-coated.csv,MIT community hex approximations of Pantone coated — not Pantone LLC official digital values,2026-09-20,Code-only; confidence=MEDIUM
PANTONE 2582-C,2582-c,#AC4FC6,Pantone,Solid Coated (bconglet/Pantoner unofficial hex),https://github.com/bconglet/Pantoner/blob/master/csv/pantone-coated.csv,MIT community hex approximations of Pantone coated — not Pantone LLC official digital values,2026-09-20,Code-only; confidence=MEDIUM
PANTONE 7656-C,7656-c,#8E3A80,Pantone,Solid Coated (bconglet/Pantoner unofficial hex),https://github.com/bconglet/Pantoner/blob/master/csv/pantone-coated.csv,MIT community hex approximations of Pantone coated — not Pantone LLC official digital values,2026-09-20,Code-only; confidence=MEDIUM
PANTONE 520-C,520-c,#642F6C,Pantone,Solid Coated (bconglet/Pantoner unofficial hex),https://github.com/bconglet/Pantoner/blob/master/csv/pantone-coated.csv,MIT community hex approximations of Pantone coated — not Pantone LLC official digital values,2026-09-20,Code-only; confidence=MEDIUM
PANTONE 5195-C,5195-c,#66435A,Pantone,Solid Coated (bconglet/Pantoner unofficial hex),https://github.com/bconglet/Pantoner/blob/master/csv/pantone-coated.csv,MIT community hex approximations of Pantone coated — not Pantone LLC official digital values,2026-09-20,Code-only; confidence=MEDIUM
PANTONE 5115-C,5115-c,#512A44,Pantone,Solid Coated (bconglet/Pantoner unofficial hex),https://github.com/bconglet/Pantoner/blob/master/csv/pantone-coated.csv,MIT community hex approximations of Pantone coated — not Pantone LLC official digital values,2026-09-20,Code-only; confidence=MEDIUM
PANTONE 256-C,256-c,#D6BFDD,Pantone,Solid Coated (bconglet/Pantoner unofficial hex),https://github.com/bconglet/Pantoner/blob/master/csv/pantone-coated.csv,MIT community hex approximations of Pantone coated — not Pantone LLC official digital values,2026-09-20,Code-only; confidence=MEDIUM
PANTONE 2573-C,2573-c,#B884CB,Pantone,Solid Coated (bconglet/Pantoner unofficial hex),https://github.com/bconglet/Pantoner/blob/master/csv/pantone-coated.csv,MIT community hex approximations of Pantone coated — not Pantone LLC official digital values,2026-09-20,Code-only; confidence=MEDIUM
PANTONE 7662-C,7662-c,#7A4183,Pantone,Solid Coated (bconglet/Pantoner unofficial hex),https://github.com/bconglet/Pantoner/blob/master/csv/pantone-coated.csv,MIT community hex approximations of Pantone coated — not Pantone LLC official digital values,2026-09-20,Code-only; confidence=MEDIUM
PANTONE 2597-C,2597-c,#5C068C,Pantone,Solid Coated (bconglet/Pantoner unofficial hex),https://github.com/bconglet/Pantoner/blob/master/csv/pantone-coated.csv,MIT community hex approximations of Pantone coated — not Pantone LLC official digital values,2026-09-20,Code-only; confidence=MEDIUM
PANTONE 267-C,267-c,#5F259F,Pantone,Solid Coated (bconglet/Pantoner unofficial hex),https://github.com/bconglet/Pantoner/blob/master/csv/pantone-coated.csv,MIT community hex approximations of Pantone coated — not Pantone LLC official digital values,2026-09-20,Code-only; confidence=MEDIUM
PANTONE 2695-C,2695-c,#2E1A47,Pantone,Solid Coated (bconglet/Pantoner unofficial hex),https://github.com/bconglet/Pantoner/blob/master/csv/pantone-coated.csv,MIT community hex approximations of Pantone coated — not Pantone LLC official digital values,2026-09-20,Code-only; confidence=MEDIUM
PANTONE 2705-C,2705-c,#A7A4E0,Pantone,Solid Coated (bconglet/Pantoner unofficial hex),https://github.com/bconglet/Pantoner/blob/master/csv/pantone-coated.csv,MIT community hex approximations of Pantone coated — not Pantone LLC official digital values,2026-09-20,Code-only; confidence=MEDIUM
PANTONE 7668-C,7668-c,#686E9F,Pantone,Solid Coated (bconglet/Pantoner unofficial hex),https://github.com/bconglet/Pantoner/blob/master/csv/pantone-coated.csv,MIT community hex approximations of Pantone coated — not Pantone LLC official digital values,2026-09-20,Code-only; confidence=MEDIUM
PANTONE 7445-C,7445-c,#A7A2C3,Pantone,Solid Coated (bconglet/Pantoner unofficial hex),https://github.com/bconglet/Pantoner/blob/master/csv/pantone-coated.csv,MIT community hex approximations of Pantone coated — not Pantone LLC official digital values,2026-09-20,Code-only; confidence=MEDIUM
PANTONE 7677-C,7677-c,#6F5091,Pantone,Solid Coated (bconglet/Pantoner unofficial hex),https://github.com/bconglet/Pantoner/blob/master/csv/pantone-coated.csv,MIT community hex approximations of Pantone coated — not Pantone LLC official digital values,2026-09-20,Code-only; confidence=MEDIUM
PANTONE 667-C,667-c,#7C6992,Pantone,Solid Coated (bconglet/Pantoner unofficial hex),https://github.com/bconglet/Pantoner/blob/master/csv/pantone-coated.csv,MIT community hex approximations of Pantone coated — not Pantone LLC official digital values,2026-09-20,Code-only; confidence=MEDIUM
PANTONE 5265-C,5265-c,#403A60,Pantone,Solid Coated (bconglet/Pantoner unofficial hex),https://github.com/bconglet/Pantoner/blob/master/csv/pantone-coated.csv,MIT community hex approximations of Pantone coated — not Pantone LLC official digital values,2026-09-20,Code-only; confidence=MEDIUM
PANTONE 532-C,532-c,#1C1F2A,Pantone,Solid Coated (bconglet/Pantoner unofficial hex),https://github.com/bconglet/Pantoner/blob/master/csv/pantone-coated.csv,MIT community hex approximations of Pantone coated — not Pantone LLC official digital values,2026-09-20,Code-only; confidence=MEDIUM
PANTONE 552-C,552-c,#B9D3DC,Pantone,Solid Coated (bconglet/Pantoner unofficial hex),https://github.com/bconglet/Pantoner/blob/master/csv/pantone-coated.csv,MIT community hex approximations of Pantone coated — not Pantone LLC official digital values,2026-09-20,Code-only; confidence=MEDIUM
PANTONE 5445-C,5445-c,#B7C9D3,Pantone,Solid Coated (bconglet/Pantoner unofficial hex),https://github.com/bconglet/Pantoner/blob/master/csv/pantone-coated.csv,MIT community hex approximations of Pantone coated — not Pantone LLC official digital values,2026-09-20,Code-only; confidence=MEDIUM
PANTONE 644-C,644-c,#9BB8D3,Pantone,Solid Coated (bconglet/Pantoner unofficial hex),https://github.com/bconglet/Pantoner/blob/master/csv/pantone-coated.csv,MIT community hex approximations of Pantone coated — not Pantone LLC official digital values,2026-09-20,Code-only; confidence=MEDIUM
PANTONE 652-C,652-c,#7D9BC1,Pantone,Solid Coated (bconglet/Pantoner unofficial hex),https://github.com/bconglet/Pantoner/blob/master/csv/pantone-coated.csv,MIT community hex approximations of Pantone coated — not Pantone LLC official digital values,2026-09-20,Code-only; confidence=MEDIUM
PANTONE 660-C,660-c,#407EC9,Pantone,Solid Coated (bconglet/Pantoner unofficial hex),https://github.com/bconglet/Pantoner/blob/master/csv/pantone-coated.csv,MIT community hex approximations of Pantone coated — not Pantone LLC official digital values,2026-09-20,Code-only; confidence=MEDIUM
PANTONE 7455-C,7455-c,#3A5DAE,Pantone,Solid Coated (bconglet/Pantoner unofficial hex),https://github.com/bconglet/Pantoner/blob/master/csv/pantone-coated.csv,MIT community hex approximations of Pantone coated — not Pantone LLC official digital values,2026-09-20,Code-only; confidence=MEDIUM
PANTONE 2766-C,2766-c,#141B4D,Pantone,Solid Coated (bconglet/Pantoner unofficial hex),https://github.com/bconglet/Pantoner/blob/master/csv/pantone-coated.csv,MIT community hex approximations of Pantone coated — not Pantone LLC official digital values,2026-09-20,Code-only; confidence=MEDIUM
PANTONE 2707-C,2707-c,#C3D7EE,Pantone,Solid Coated (bconglet/Pantoner unofficial hex),https://github.com/bconglet/Pantoner/blob/master/csv/pantone-coated.csv,MIT community hex approximations of Pantone coated — not Pantone LLC official digital values,2026-09-20,Code-only; confidence=MEDIUM
PANTONE 279-C,279-c,#418FDE,Pantone,Solid Coated (bconglet/Pantoner unofficial hex),https://github.com/bconglet/Pantoner/blob/master/csv/pantone-coated.csv,MIT community hex approximations of Pantone coated — not Pantone LLC official digital values,2026-09-20,Code-only; confidence=MEDIUM
PANTONE 287-C,287-c,#003087,Pantone,Solid Coated (bconglet/Pantoner unofficial hex),https://github.com/bconglet/Pantoner/blob/master/csv/pantone-coated.csv,MIT community hex approximations of Pantone coated — not Pantone LLC official digital values,2026-09-20,Code-only; confidence=MEDIUM
PANTONE 7686-C,7686-c,#1D4F91,Pantone,Solid Coated (bconglet/Pantoner unofficial hex),https://github.com/bconglet/Pantoner/blob/master/csv/pantone-coated.csv,MIT community hex approximations of Pantone coated — not Pantone LLC official digital values,2026-09-20,Code-only; confidence=MEDIUM
PANTONE 539-C,539-c,#00263A,Pantone,Solid Coated (bconglet/Pantoner unofficial hex),https://github.com/bconglet/Pantoner/blob/master/csv/pantone-coated.csv,MIT community hex approximations of Pantone coated — not Pantone LLC official digital values,2026-09-20,Code-only; confidence=MEDIUM
PANTONE 2905-C,2905-c,#8DC8E8,Pantone,Solid Coated (bconglet/Pantoner unofficial hex),https://github.com/bconglet/Pantoner/blob/master/csv/pantone-coated.csv,MIT community hex approximations of Pantone coated — not Pantone LLC official digital values,2026-09-20,Code-only; confidence=MEDIUM
PANTONE 298-C,298-c,#41B6E6,Pantone,Solid Coated (bconglet/Pantoner unofficial hex),https://github.com/bconglet/Pantoner/blob/master/csv/pantone-coated.csv,MIT community hex approximations of Pantone coated — not Pantone LLC official digital values,2026-09-20,Code-only; confidence=MEDIUM
PANTONE 7690-C,7690-c,#0076A8,Pantone,Solid Coated (bconglet/Pantoner unofficial hex),https://github.com/bconglet/Pantoner/blob/master/csv/pantone-coated.csv,MIT community hex approximations of Pantone coated — not Pantone LLC official digital values,2026-09-20,Code-only; confidence=MEDIUM
PANTONE 3005-C,3005-c,#0077C8,Pantone,Solid Coated (bconglet/Pantoner unofficial hex),https://github.com/bconglet/Pantoner/blob/master/csv/pantone-coated.csv,MIT community hex approximations of Pantone coated — not Pantone LLC official digital values,2026-09-20,Code-only; confidence=MEDIUM
PANTONE 7699-C,7699-c,#34657F,Pantone,Solid Coated (bconglet/Pantoner unofficial hex),https://github.com/bconglet/Pantoner/blob/master/csv/pantone-coated.csv,MIT community hex approximations of Pantone coated — not Pantone LLC official digital values,2026-09-20,Code-only; confidence=MEDIUM
PANTONE 7462-C,7462-c,#00558C,Pantone,Solid Coated (bconglet/Pantoner unofficial hex),https://github.com/bconglet/Pantoner/blob/master/csv/pantone-coated.csv,MIT community hex approximations of Pantone coated — not Pantone LLC official digital values,2026-09-20,Code-only; confidence=MEDIUM
PANTONE 635-C,635-c,#A4DBE8,Pantone,Solid Coated (bconglet/Pantoner unofficial hex),https://github.com/bconglet/Pantoner/blob/master/csv/pantone-coated.csv,MIT community hex approximations of Pantone coated — not Pantone LLC official digital values,2026-09-20,Code-only; confidence=MEDIUM
PANTONE 7703-C,7703-c,#009CBD,Pantone,Solid Coated (bconglet/Pantoner unofficial hex),https://github.com/bconglet/Pantoner/blob/master/csv/pantone-coated.csv,MIT community hex approximations of Pantone coated — not Pantone LLC official digital values,2026-09-20,Code-only; confidence=MEDIUM
PANTONE 630-C,630-c,#77C5D5,Pantone,Solid Coated (bconglet/Pantoner unofficial hex),https://github.com/bconglet/Pantoner/blob/master/csv/pantone-coated.csv,MIT community hex approximations of Pantone coated — not Pantone LLC official digital values,2026-09-20,Code-only; confidence=MEDIUM
PANTONE 313-C,313-c,#0092BC,Pantone,Solid Coated (bconglet/Pantoner unofficial hex),https://github.com/bconglet/Pantoner/blob/master/csv/pantone-coated.csv,MIT community hex approximations of Pantone coated — not Pantone LLC official digital values,2026-09-20,Code-only; confidence=MEDIUM
PANTONE 3145-C,3145-c,#00778B,Pantone,Solid Coated (bconglet/Pantoner unofficial hex),https://github.com/bconglet/Pantoner/blob/master/csv/pantone-coated.csv,MIT community hex approximations of Pantone coated — not Pantone LLC official digital values,2026-09-20,Code-only; confidence=MEDIUM
PANTONE 7714-C,7714-c,#007680,Pantone,Solid Coated (bconglet/Pantoner unofficial hex),https://github.com/bconglet/Pantoner/blob/master/csv/pantone-coated.csv,MIT community hex approximations of Pantone coated — not Pantone LLC official digital values,2026-09-20,Code-only; confidence=MEDIUM
PANTONE 323-C,323-c,#005F61,Pantone,Solid Coated (bconglet/Pantoner unofficial hex),https://github.com/bconglet/Pantoner/blob/master/csv/pantone-coated.csv,MIT community hex approximations of Pantone coated — not Pantone LLC official digital values,2026-09-20,Code-only; confidence=MEDIUM
PANTONE 7471-C,7471-c,#7EDDD3,Pantone,Solid Coated (bconglet/Pantoner unofficial hex),https://github.com/bconglet/Pantoner/blob/master/csv/pantone-coated.csv,MIT community hex approximations of Pantone coated — not Pantone LLC official digital values,2026-09-20,Code-only; confidence=MEDIUM
PANTONE 5513-C,5513-c,#ABC7CA,Pantone,Solid Coated (bconglet/Pantoner unofficial hex),https://github.com/bconglet/Pantoner/blob/master/csv/pantone-coated.csv,MIT community hex approximations of Pantone coated — not Pantone LLC official digital values,2026-09-20,Code-only; confidence=MEDIUM
PANTONE 7718-C,7718-c,#007672,Pantone,Solid Coated (bconglet/Pantoner unofficial hex),https://github.com/bconglet/Pantoner/blob/master/csv/pantone-coated.csv,MIT community hex approximations of Pantone coated — not Pantone LLC official digital values,2026-09-20,Code-only; confidence=MEDIUM
PANTONE 327-C,327-c,#008675,Pantone,Solid Coated (bconglet/Pantoner unofficial hex),https://github.com/bconglet/Pantoner/blob/master/csv/pantone-coated.csv,MIT community hex approximations of Pantone coated — not Pantone LLC official digital values,2026-09-20,Code-only; confidence=MEDIUM
PANTONE 3282-C,3282-c,#008578,Pantone,Solid Coated (bconglet/Pantoner unofficial hex),https://github.com/bconglet/Pantoner/blob/master/csv/pantone-coated.csv,MIT community hex approximations of Pantone coated — not Pantone LLC official digital values,2026-09-20,Code-only; confidence=MEDIUM
PANTONE 3295-C,3295-c,#007864,Pantone,Solid Coated (bconglet/Pantoner unofficial hex),https://github.com/bconglet/Pantoner/blob/master/csv/pantone-coated.csv,MIT community hex approximations of Pantone coated — not Pantone LLC official digital values,2026-09-20,Code-only; confidence=MEDIUM
PANTONE 3308-C,3308-c,#034638,Pantone,Solid Coated (bconglet/Pantoner unofficial hex),https://github.com/bconglet/Pantoner/blob/master/csv/pantone-coated.csv,MIT community hex approximations of Pantone coated — not Pantone LLC official digital values,2026-09-20,Code-only; confidence=MEDIUM
PANTONE 573-C,573-c,#B5E3D8,Pantone,Solid Coated (bconglet/Pantoner unofficial hex),https://github.com/bconglet/Pantoner/blob/master/csv/pantone-coated.csv,MIT community hex approximations of Pantone coated — not Pantone LLC official digital values,2026-09-20,Code-only; confidence=MEDIUM
PANTONE 558-C,558-c,#9ABEAA,Pantone,Solid Coated (bconglet/Pantoner unofficial hex),https://github.com/bconglet/Pantoner/blob/master/csv/pantone-coated.csv,MIT community hex approximations of Pantone coated — not Pantone LLC official digital values,2026-09-20,Code-only; confidence=MEDIUM
PANTONE 5575-C,5575-c,#92ACA0,Pantone,Solid Coated (bconglet/Pantoner unofficial hex),https://github.com/bconglet/Pantoner/blob/master/csv/pantone-coated.csv,MIT community hex approximations of Pantone coated — not Pantone LLC official digital values,2026-09-20,Code-only; confidence=MEDIUM
PANTONE 5635-C,5635-c,#94A596,Pantone,Solid Coated (bconglet/Pantoner unofficial hex),https://github.com/bconglet/Pantoner/blob/master/csv/pantone-coated.csv,MIT community hex approximations of Pantone coated — not Pantone LLC official digital values,2026-09-20,Code-only; confidence=MEDIUM
PANTONE 5487-C,5487-c,#5D7975,Pantone,Solid Coated (bconglet/Pantoner unofficial hex),https://github.com/bconglet/Pantoner/blob/master/csv/pantone-coated.csv,MIT community hex approximations of Pantone coated — not Pantone LLC official digital values,2026-09-20,Code-only; confidence=MEDIUM
PANTONE 626-C,626-c,#285C4D,Pantone,Solid Coated (bconglet/Pantoner unofficial hex),https://github.com/bconglet/Pantoner/blob/master/csv/pantone-coated.csv,MIT community hex approximations of Pantone coated — not Pantone LLC official digital values,2026-09-20,Code-only; confidence=MEDIUM
PANTONE 337-C,337-c,#8FD6BD,Pantone,Solid Coated (bconglet/Pantoner unofficial hex),https://github.com/bconglet/Pantoner/blob/master/csv/pantone-coated.csv,MIT community hex approximations of Pantone coated — not Pantone LLC official digital values,2026-09-20,Code-only; confidence=MEDIUM
PANTONE 7724-C,7724-c,#00966C,Pantone,Solid Coated (bconglet/Pantoner unofficial hex),https://github.com/bconglet/Pantoner/blob/master/csv/pantone-coated.csv,MIT community hex approximations of Pantone coated — not Pantone LLC official digital values,2026-09-20,Code-only; confidence=MEDIUM
PANTONE 3395-C,3395-c,#00C389,Pantone,Solid Coated (bconglet/Pantoner unofficial hex),https://github.com/bconglet/Pantoner/blob/master/csv/pantone-coated.csv,MIT community hex approximations of Pantone coated — not Pantone LLC official digital values,2026-09-20,Code-only; confidence=MEDIUM
PANTONE 347-C,347-c,#009A44,Pantone,Solid Coated (bconglet/Pantoner unofficial hex),https://github.com/bconglet/Pantoner/blob/master/csv/pantone-coated.csv,MIT community hex approximations of Pantone coated — not Pantone LLC official digital values,2026-09-20,Code-only; confidence=MEDIUM
PANTONE 355-C,355-c,#009639,Pantone,Solid Coated (bconglet/Pantoner unofficial hex),https://github.com/bconglet/Pantoner/blob/master/csv/pantone-coated.csv,MIT community hex approximations of Pantone coated — not Pantone LLC official digital values,2026-09-20,Code-only; confidence=MEDIUM
PANTONE 7483-C,7483-c,#275D38,Pantone,Solid Coated (bconglet/Pantoner unofficial hex),https://github.com/bconglet/Pantoner/blob/master/csv/pantone-coated.csv,MIT community hex approximations of Pantone coated — not Pantone LLC official digital values,2026-09-20,Code-only; confidence=MEDIUM
PANTONE 7736-C,7736-c,#395542,Pantone,Solid Coated (bconglet/Pantoner unofficial hex),https://github.com/bconglet/Pantoner/blob/master/csv/pantone-coated.csv,MIT community hex approximations of Pantone coated — not Pantone LLC official digital values,2026-09-20,Code-only; confidence=MEDIUM
PANTONE 358-C,358-c,#ADDC91,Pantone,Solid Coated (bconglet/Pantoner unofficial hex),https://github.com/bconglet/Pantoner/blob/master/csv/pantone-coated.csv,MIT community hex approximations of Pantone coated — not Pantone LLC official digital values,2026-09-20,Code-only; confidence=MEDIUM
PANTONE 7486-C,7486-c,#BCE194,Pantone,Solid Coated (bconglet/Pantoner unofficial hex),https://github.com/bconglet/Pantoner/blob/master/csv/pantone-coated.csv,MIT community hex approximations of Pantone coated — not Pantone LLC official digital values,2026-09-20,Code-only; confidence=MEDIUM
PANTONE 367-C,367-c,#A4D65E,Pantone,Solid Coated (bconglet/Pantoner unofficial hex),https://github.com/bconglet/Pantoner/blob/master/csv/pantone-coated.csv,MIT community hex approximations of Pantone coated — not Pantone LLC official digital values,2026-09-20,Code-only; confidence=MEDIUM
PANTONE 375-C,375-c,#97D700,Pantone,Solid Coated (bconglet/Pantoner unofficial hex),https://github.com/bconglet/Pantoner/blob/master/csv/pantone-coated.csv,MIT community hex approximations of Pantone coated — not Pantone LLC official digital values,2026-09-20,Code-only; confidence=MEDIUM
PANTONE 576-C,576-c,#789D4A,Pantone,Solid Coated (bconglet/Pantoner unofficial hex),https://github.com/bconglet/Pantoner/blob/master/csv/pantone-coated.csv,MIT community hex approximations of Pantone coated — not Pantone LLC official digital values,2026-09-20,Code-only; confidence=MEDIUM
PANTONE 5757-C,5757-c,#6D712E,Pantone,Solid Coated (bconglet/Pantoner unofficial hex),https://github.com/bconglet/Pantoner/blob/master/csv/pantone-coated.csv,MIT community hex approximations of Pantone coated — not Pantone LLC official digital values,2026-09-20,Code-only; confidence=MEDIUM
PANTONE 5815-C,5815-c,#555025,Pantone,Solid Coated (bconglet/Pantoner unofficial hex),https://github.com/bconglet/Pantoner/blob/master/csv/pantone-coated.csv,MIT community hex approximations of Pantone coated — not Pantone LLC official digital values,2026-09-20,Code-only; confidence=MEDIUM
PANTONE 7492-C,7492-c,#BFCC80,Pantone,Solid Coated (bconglet/Pantoner unofficial hex),https://github.com/bconglet/Pantoner/blob/master/csv/pantone-coated.csv,MIT community hex approximations of Pantone coated — not Pantone LLC official digital values,2026-09-20,Code-only; confidence=MEDIUM
PANTONE 7745-C,7745-c,#ABAD23,Pantone,Solid Coated (bconglet/Pantoner unofficial hex),https://github.com/bconglet/Pantoner/blob/master/csv/pantone-coated.csv,MIT community hex approximations of Pantone coated — not Pantone LLC official digital values,2026-09-20,Code-only; confidence=MEDIUM
PANTONE 381-C,381-c,#CEDC00,Pantone,Solid Coated (bconglet/Pantoner unofficial hex),https://github.com/bconglet/Pantoner/blob/master/csv/pantone-coated.csv,MIT community hex approximations of Pantone coated — not Pantone LLC official digital values,2026-09-20,Code-only; confidence=MEDIUM
PANTONE 389-C,389-c,#D0DF00,Pantone,Solid Coated (bconglet/Pantoner unofficial hex),https://github.com/bconglet/Pantoner/blob/master/csv/pantone-coated.csv,MIT community hex approximations of Pantone coated — not Pantone LLC official digital values,2026-09-20,Code-only; confidence=MEDIUM
PANTONE 583-C,583-c,#B7BF10,Pantone,Solid Coated (bconglet/Pantoner unofficial hex),https://github.com/bconglet/Pantoner/blob/master/csv/pantone-coated.csv,MIT community hex approximations of Pantone coated — not Pantone LLC official digital values,2026-09-20,Code-only; confidence=MEDIUM
PANTONE 398-C,398-c,#ADA400,Pantone,Solid Coated (bconglet/Pantoner unofficial hex),https://github.com/bconglet/Pantoner/blob/master/csv/pantone-coated.csv,MIT community hex approximations of Pantone coated — not Pantone LLC official digital values,2026-09-20,Code-only; confidence=MEDIUM
PANTONE 3995-C,3995-c,#685C20,Pantone,Solid Coated (bconglet/Pantoner unofficial hex),https://github.com/bconglet/Pantoner/blob/master/csv/pantone-coated.csv,MIT community hex approximations of Pantone coated — not Pantone LLC official digital values,2026-09-20,Code-only; confidence=MEDIUM
PANTONE 607-C,607-c,#EBE49A,Pantone,Solid Coated (bconglet/Pantoner unofficial hex),https://github.com/bconglet/Pantoner/blob/master/csv/pantone-coated.csv,MIT community hex approximations of Pantone coated — not Pantone LLC official digital values,2026-09-20,Code-only; confidence=MEDIUM
PANTONE 460-C,460-c,#E4D77E,Pantone,Solid Coated (bconglet/Pantoner unofficial hex),https://github.com/bconglet/Pantoner/blob/master/csv/pantone-coated.csv,MIT community hex approximations of Pantone coated — not Pantone LLC official digital values,2026-09-20,Code-only; confidence=MEDIUM
PANTONE 616-C,616-c,#D0C883,Pantone,Solid Coated (bconglet/Pantoner unofficial hex),https://github.com/bconglet/Pantoner/blob/master/csv/pantone-coated.csv,MIT community hex approximations of Pantone coated — not Pantone LLC official digital values,2026-09-20,Code-only; confidence=MEDIUM
PANTONE 7754-C,7754-c,#A08629,Pantone,Solid Coated (bconglet/Pantoner unofficial hex),https://github.com/bconglet/Pantoner/blob/master/csv/pantone-coated.csv,MIT community hex approximations of Pantone coated — not Pantone LLC official digital values,2026-09-20,Code-only; confidence=MEDIUM
PANTONE 7762-C,7762-c,#5D6439,Pantone,Solid Coated (bconglet/Pantoner unofficial hex),https://github.com/bconglet/Pantoner/blob/master/csv/pantone-coated.csv,MIT community hex approximations of Pantone coated — not Pantone LLC official digital values,2026-09-20,Code-only; confidence=MEDIUM
PANTONE 7770-C,7770-c,#635939,Pantone,Solid Coated (bconglet/Pantoner unofficial hex),https://github.com/bconglet/Pantoner/blob/master/csv/pantone-coated.csv,MIT community hex approximations of Pantone coated — not Pantone LLC official digital values,2026-09-20,Code-only; confidence=MEDIUM
PANTONE 4485-C,4485-c,#614F25,Pantone,Solid Coated (bconglet/Pantoner unofficial hex),https://github.com/bconglet/Pantoner/blob/master/csv/pantone-coated.csv,MIT community hex approximations of Pantone coated — not Pantone LLC official digital values,2026-09-20,Code-only; confidence=MEDIUM
PANTONE 7499-C,7499-c,#F1E6B2,Pantone,Solid Coated (bconglet/Pantoner unofficial hex),https://github.com/bconglet/Pantoner/blob/master/csv/pantone-coated.csv,MIT community hex approximations of Pantone coated — not Pantone LLC official digital values,2026-09-20,Code-only; confidence=MEDIUM
PANTONE 467-C,467-c,#D3BC8D,Pantone,Solid Coated (bconglet/Pantoner unofficial hex),https://github.com/bconglet/Pantoner/blob/master/csv/pantone-coated.csv,MIT community hex approximations of Pantone coated — not Pantone LLC official digital values,2026-09-20,Code-only; confidence=MEDIUM
PANTONE 7508-C,7508-c,#E1B87F,Pantone,Solid Coated (bconglet/Pantoner unofficial hex),https://github.com/bconglet/Pantoner/blob/master/csv/pantone-coated.csv,MIT community hex approximations of Pantone coated — not Pantone LLC official digital values,2026-09-20,Code-only; confidence=MEDIUM
PANTONE 722-C,722-c,#C88242,Pantone,Solid Coated (bconglet/Pantoner unofficial hex),https://github.com/bconglet/Pantoner/blob/master/csv/pantone-coated.csv,MIT community hex approximations of Pantone coated — not Pantone LLC official digital values,2026-09-20,Code-only; confidence=MEDIUM
PANTONE 471-C,471-c,#B86125,Pantone,Solid Coated (bconglet/Pantoner unofficial hex),https://github.com/bconglet/Pantoner/blob/master/csv/pantone-coated.csv,MIT community hex approximations of Pantone coated — not Pantone LLC official digital values,2026-09-20,Code-only; confidence=MEDIUM
PANTONE 731-C,731-c,#774212,Pantone,Solid Coated (bconglet/Pantoner unofficial hex),https://github.com/bconglet/Pantoner/blob/master/csv/pantone-coated.csv,MIT community hex approximations of Pantone coated — not Pantone LLC official digital values,2026-09-20,Code-only; confidence=MEDIUM
PANTONE 4625-C,4625-c,#4F2C1D,Pantone,Solid Coated (bconglet/Pantoner unofficial hex),https://github.com/bconglet/Pantoner/blob/master/csv/pantone-coated.csv,MIT community hex approximations of Pantone coated — not Pantone LLC official digital values,2026-09-20,Code-only; confidence=MEDIUM
PANTONE 4755-C,4755-c,#D7C4B7,Pantone,Solid Coated (bconglet/Pantoner unofficial hex),https://github.com/bconglet/Pantoner/blob/master/csv/pantone-coated.csv,MIT community hex approximations of Pantone coated — not Pantone LLC official digital values,2026-09-20,Code-only; confidence=MEDIUM
